Brand,PartNumber,PartDescription,ManufacturerPartNumber,ImageURL,InvOrderType,TotalQOH,MSRP_CAD,MAP_CAD,RunDate,Division,1011,1015,1019,1022,1028,1031,1036,1042,1072,1085,1086,1088,4033,4035
BKT,000000000094004379,12.4-24 8PR BKT TR171 TT 451224,,,N2,0,794.00,0.00,04/26/2026 4:06:30 PM,20,0,0,0,0,0,0,0,0,0,0,0,0,0,0
Falken,F28173725,235/55ZR17  AZFK450 99W  SL 26.7 2355517,,,N2,0,129.00,0.00,04/26/2026 4:06:30 PM,10,0,0,0,0,0,0,0,0,0,0,0,0,0,0
Falken,F28175001,255/35ZR20  AZFK450 97Y  XL 28.4 2553520,,,N2,0,145.00,0.00,04/26/2026 4:06:30 PM,10,0,0,0,0,0,0,0,0,0,0,0,0,0,0
Falken,F28175013,255/45ZR20  AZFK450 101Y  SL29.8 2554520,,,N2,0,195.00,0.00,04/26/2026 4:06:30 PM,10,0,0,0,0,0,0,0,0,0,0,0,0,0,0
Falken,F28175998,275/35ZR19  AZFK450 100Y  XL29.8 2753519,,,N2,2,254.00,0.00,04/26/2026 4:06:30 PM,10,0,0,0,0,2,0,0,0,0,0,0,0,0,0
Falken,F28671440,255-40-18 A RT660 26.1 2554018,28671440,,ST,12,455.00,0.00,04/26/2026 4:06:30 PM,10,0,0,0,0,0,0,0,0,0,0,0,0,12,0
Falken,F28671586,215-45-17 A RT660 24.6 2154517,28671586,,ST,0,273.00,0.00,04/26/2026 4:06:30 PM,10,0,0,0,0,0,0,0,0,0,0,0,0,0,0
Falken,F28671604,255-35-18 A RT660 25 2553518,28671604,,ST,0,454.00,0.00,04/26/2026 4:06:30 PM,10,0,0,0,0,0,0,0,0,0,0,0,0,0,0
Falken,F28672371,225-45-17 A RT660 25 2254517,28672371,,ST,0,279.00,0.00,04/26/2026 4:06:30 PM,10,0,0,0,0,0,0,0,0,0,0,0,0,0,0
Falken,F28672641,245-40-17 A RT660 24.8 2454017,28672641,,ST,0,336.00,0.00,04/26/2026 4:06:30 PM,10,0,0,0,0,0,0,0,0,0,0,0,0,0,0
Falken,F28672764,195-60-14 A RT660 23.3 1956014,28672764,,ST,0,214.00,0.00,04/26/2026 4:06:30 PM,10,0,0,0,0,0,0,0,0,0,0,0,0,0,0
Falken,F28672789,225-50-16 A RT660 24.9 2255016,28672789,,ST,0,268.00,0.00,04/26/2026 4:06:30 PM,10,0,0,0,0,0,0,0,0,0,0,0,0,0,0
Falken,F28673052,275-40-17 A RT660 25.7 2754017,28673052,,ST,0,410.00,0.00,04/26/2026 4:06:30 PM,10,0,0,0,0,0,0,0,0,0,0,0,0,0,0
Falken,F28673231,315-30-18 A RT660 25.5 3153018,28673231,,ST,0,721.00,0.00,04/26/2026 4:06:30 PM,10,0,0,0,0,0,0,0,0,0,0,0,0,0,0
Falken,F28673263,245-45-17 A RT660 25.7 2454517,28673263,,ST,0,334.00,0.00,04/26/2026 4:06:30 PM,10,0,0,0,0,0,0,0,0,0,0,0,0,0,0
Falken,F28673380,235-40-17 A RT660 24.4 2354017,28673380,,ST,0,381.00,0.00,04/26/2026 4:06:30 PM,10,0,0,0,0,0,0,0,0,0,0,0,0,0,0
Falken,F28673480,215-40-17 A RT660 23.8 2154017,28673480,,ST,0,322.00,0.00,04/26/2026 4:06:30 PM,10,0,0,0,0,0,0,0,0,0,0,0,0,0,0
Falken,F28673508,265-35-19 A RT660 26.4 2653519,28673508,,ST,0,597.00,0.00,04/26/2026 4:06:30 PM,10,0,0,0,0,0,0,0,0,0,0,0,0,0,0
Falken,F28673663,225-40-18 A RT660 25.1 2254018,28673663,,ST,0,383.00,0.00,04/26/2026 4:06:30 PM,10,0,0,0,0,0,0,0,0,0,0,0,0,0,0
Falken,F28674596,295-40-18 A RT660 27.4 2954018,28674596,,ST,0,612.00,0.00,04/26/2026 4:06:30 PM,10,0,0,0,0,0,0,0,0,0,0,0,0,0,0
Falken,F28674842,235-45-17 A RT660 25.4 2354517,28674842,,ST,0,307.00,0.00,04/26/2026 4:06:30 PM,10,0,0,0,0,0,0,0,0,0,0,0,0,0,0
Falken,F28675533,275-30-19 A RT660 25.6 2753019,28675533,,ST,0,614.00,0.00,04/26/2026 4:06:30 PM,10,0,0,0,0,0,0,0,0,0,0,0,0,0,0
Falken,F28675855,245-35-19 A RT660 25.8 2453519,28675855,,ST,0,585.00,0.00,04/26/2026 4:06:30 PM,10,0,0,0,0,0,0,0,0,0,0,0,0,0,0
Falken,F28676366,215-45-16 A RT660 23.6 2154516,28676366,,ST,0,289.00,0.00,04/26/2026 4:06:30 PM,10,0,0,0,0,0,0,0,0,0,0,0,0,0,0
Falken,F28676628,305-30-19 A RT660 26.3 3053019,28676628,,ST,0,699.00,0.00,04/26/2026 4:06:30 PM,10,0,0,0,0,0,0,0,0,0,0,0,0,0,0
Falken,F28676821,205-50-15 A RT660 23.1 2055015,28676821,,ST,0,233.00,0.00,04/26/2026 4:06:30 PM,10,0,0,0,0,0,0,0,0,0,0,0,0,0,0
Falken,F28677068,245-40-15 A RT660 22.8 2454015,28677068,,ST,0,264.00,0.00,04/26/2026 4:06:30 PM,10,0,0,0,0,0,0,0,0,0,0,0,0,0,0
Falken,F28677086,235-40-18 A RT660 25.4 2354018,28677086,,ST,0,383.00,0.00,04/26/2026 4:06:30 PM,10,0,0,0,0,0,0,0,0,0,0,0,0,0,0
Falken,F28677149,265-35-18 A RT660 25.4 2653518,28677149,,ST,0,515.00,0.00,04/26/2026 4:06:30 PM,10,0,0,0,0,0,0,0,0,0,0,0,0,0,0
Falken,F28677350,245-40-18 A RT660 25.8 2454018,28677350,,ST,0,402.00,0.00,04/26/2026 4:06:30 PM,10,0,0,0,0,0,0,0,0,0,0,0,0,0,0
Falken,F28677420,285-30-18 A RT660 24.8 2853018,28677420,,ST,0,586.00,0.00,04/26/2026 4:06:30 PM,10,0,0,0,0,0,0,0,0,0,0,0,0,0,0
Falken,F28678205,205-40-16 A RT660 22.5 2054016,28678205,,ST,0,261.00,0.00,04/26/2026 4:06:30 PM,10,0,0,0,0,0,0,0,0,0,0,0,0,0,0
Falken,F28678248,205-40-17 A RT660 23.5 2054017,28678248,,ST,0,291.00,0.00,04/26/2026 4:06:30 PM,10,0,0,0,0,0,0,0,0,0,0,0,0,0,0
Falken,F28678267,255-40-17 A RT660 25.1 2554017,28678267,,ST,0,337.00,0.00,04/26/2026 4:06:30 PM,10,0,0,0,0,0,0,0,0,0,0,0,0,0,0
Falken,F28678280,275-35-19 A RT660 26.6 2753519,28678280,,ST,0,654.00,0.00,04/26/2026 4:06:30 PM,10,0,0,0,0,0,0,0,0,0,0,0,0,0,0
Falken,F28678301,225-45-15 A RT660 23 2254515,28678301,,ST,0,263.00,0.00,04/26/2026 4:06:30 PM,10,0,0,0,0,0,0,0,0,0,0,0,0,0,0
Falken,F28678336,295-35-19 A RT660 27.2 2953519,28678336,,ST,0,718.00,0.00,04/26/2026 4:06:30 PM,10,0,0,0,0,0,0,0,0,0,0,0,0,0,0
Falken,F28678776,275-35-18 A RT660 25.6 2753518,28678776,,ST,0,617.00,0.00,04/26/2026 4:06:30 PM,10,0,0,0,0,0,0,0,0,0,0,0,0,0,0
Falken,F28679574,315-30-19 A RT660 26.5 3153019,28679574,,ST,0,720.00,0.00,04/26/2026 4:06:30 PM,10,0,0,0,0,0,0,0,0,0,0,0,0,0,0
Falken,F28840215,WDPEAK AT4W 305/45R22 118S,28840215,https://images.wheelpros.com/m500/mFTWPK4.png,ST,7,555.00,0.00,04/26/2026 4:06:30 PM,10,0,0,0,0,0,0,0,0,0,0,0,0,0,7
Falken,F28844030,WDPEAK AT4W 305/50R20 120T,28844030,https://images.wheelpros.com/m500/mFTWPK4.png,ST,12,496.00,0.00,04/26/2026 4:06:30 PM,10,0,0,0,0,0,0,0,0,0,0,0,0,4,8
Falken,F28847197,WDPEAK AT4W LT37X12.50R18 128R E,28847197,https://images.wheelpros.com/m500/mFTWPK4.png,ST,0,454.00,0.00,04/26/2026 4:06:30 PM,10,0,0,0,0,0,0,0,0,0,0,0,0,0,0
OHTSU,F30501219,ST5000 285/45-22 114H,,https://images.wheelpros.com/m500/mST500.png,SO,0,203.00,0.00,04/26/2026 4:06:30 PM,10,0,0,0,0,0,0,0,0,0,0,0,0,0,0
Mickey Thompson Tire,MTT90000000947,D3587 19.0/8.0-10 L2  ET JR 19810,90000000947,,N2,0,225.00,0.00,04/26/2026 4:06:30 PM,10,0,0,0,0,0,0,0,0,0,0,0,0,0,0
Mickey Thompson Tire,MTT90000036753,21/58-24LT BAJA PRO XS 215824,90000036753,,N2,0,1958.00,0.00,04/26/2026 4:06:30 PM,10,0,0,0,0,0,0,0,0,0,0,0,0,0,0
Mickey Thompson Tire,MTT90000037613,37X13.50-17LT BAJA PRO X 37135017,90000037613,,NW,0,1583.00,0.00,04/26/2026 4:06:30 PM,10,0,0,0,0,0,0,0,0,0,0,0,0,0,0
Mickey Thompson Tire,MTT90000099256,ET DRAG L4 2810515,90000099256,,N2,12,299.00,0.00,04/26/2026 4:06:30 PM,10,0,0,0,0,0,0,0,0,0,0,0,0,0,12
Mickey Thompson Tire,MTT90000100482,ET DRAG L8 2810515,90000100482,,N2,8,299.00,0.00,04/26/2026 4:06:30 PM,10,0,0,0,0,0,0,0,0,0,0,0,0,0,8
Mickey Thompson Tire,MTT90000100483,ET DRAG L8 2810515,90000100483,,N2,2,319.00,0.00,04/26/2026 4:06:30 PM,10,0,0,0,0,0,0,0,0,0,0,0,0,0,2
Nitto,N216-570,TERRA GRAPPLER G2 AW 121R E 33.3 2855022,216570,,ST,0,722.00,0.00,04/26/2026 4:06:30 PM,10,0,0,0,0,0,0,0,0,0,0,0,0,0,0
Nitto,N222-780,TER GRAP G3 LT285/75R17  128/S E 33.86,222-780,,NW,9,430.00,0.00,04/26/2026 4:06:30 PM,10,0,4,2,0,0,0,0,0,0,0,0,0,3,0
Nitto,N222-920,TER GRAP G3 LT285/70R17 116/S C 32.76,222-920,,NW,20,414.00,0.00,04/26/2026 4:06:30 PM,10,0,4,0,0,0,0,0,0,0,0,0,0,16,0
Nitto,N222-950,TER GRAPG3 LT305/70R17 128/125/R F 33.86,222-950,https://images.wheelpros.com/m500/mNT200.png,NW,5,480.00,0.00,04/26/2026 4:06:30 PM,10,0,0,0,0,4,0,0,0,0,0,0,0,1,0
Nitto,N222-960,TER GRAP G3 LT285/70R18 127/S E 33.74,222-960,,NW,8,450.00,0.00,04/26/2026 4:06:30 PM,10,0,0,0,0,0,0,0,0,0,0,0,0,8,0
Nitto,N222-990,TER GRAP G3 255/50R20 109/T XL 30.08,222-990,,NW,12,440.00,0.00,04/26/2026 4:06:30 PM,10,0,4,0,0,0,0,0,0,0,0,0,0,8,0
Nitto,N224-270,TER GRAPG3 275/50R22 115/T XL 32.87,224-270,https://images.wheelpros.com/m500/mNT200.png,NW,20,470.00,0.00,04/26/2026 4:06:30 PM,10,0,4,0,0,8,0,0,0,0,0,0,0,8,0
Nitto,N224-290,TER GRAP G3 LT285/65R20 127/S E 34.57,224-290,,NW,4,495.00,0.00,04/26/2026 4:06:30 PM,10,0,4,0,0,0,0,0,0,0,0,0,0,0,0
Nitto,N224-300,TER GRAP G3 LT295/55R20 123/T E 32.76,224-300,,NW,16,570.00,0.00,04/26/2026 4:06:30 PM,10,0,4,4,0,0,0,0,0,0,0,0,0,8,0
Nitto,N224-330,TER GRAP G3 295/55R20 116/T SL 32.76,224-330,,NW,4,490.00,0.00,04/26/2026 4:06:30 PM,10,0,0,0,0,0,0,0,0,0,0,0,0,4,0
Nitto,N224-340,TER GRAPG3 LT265/60R18 119/116/T E 30.51,224-340,https://images.wheelpros.com/m500/mNT200.png,NW,28,410.00,0.00,04/26/2026 4:06:30 PM,10,0,12,8,0,0,0,0,0,0,0,0,0,8,0
Nitto,N224-350,TER GRAPG3 245/65R17 111/T XL 29.53,224-350,https://images.wheelpros.com/m500/mNT200.png,NW,0,315.00,0.00,04/26/2026 4:06:30 PM,10,0,0,0,0,0,0,0,0,0,0,0,0,0,0
Nitto,N224-370,TER GRAPG3 225/60R17 103/T XL 27.64,224-370,https://images.wheelpros.com/m500/mNT200.png,NW,4,298.00,0.00,04/26/2026 4:06:30 PM,10,0,0,0,0,0,0,4,0,0,0,0,0,0,0
Nitto,N224-590,TER GRAP G3 265/50R22 112/H XL 32.48,224-590,,NW,16,450.00,0.00,04/26/2026 4:06:30 PM,10,0,8,0,0,0,0,0,0,0,0,0,0,8,0
Nitto,N224-610,TER GRAPG3 LT265/60R22 123/120/S E 34.53,224-610,,NW,8,585.00,0.00,04/26/2026 4:06:30 PM,10,0,0,0,0,0,0,0,0,0,0,0,0,8,0
Fuel Tires,QQAT25570R16W,255/70R16 GRIPPER A/TII WHT-LOGO 2557016,,,N2,0,248.00,0.00,04/26/2026 4:06:30 PM,10,0,0,0,0,0,0,0,0,0,0,0,0,0,0
Fuel Tires,QQAT26560R20W,LT265/60R20 GRIPPER A/T II WHTLO 2656520,,,N2,0,332.00,0.00,04/26/2026 4:06:30 PM,10,0,0,0,0,0,0,0,0,0,0,0,0,0,0
Fuel Tires,QSAT28550R22,285/50R22 FUEL GRIPPER AT-SNOW 2855022,,,N2,0,394.00,0.00,04/26/2026 4:06:30 PM,10,0,0,0,0,0,0,0,0,0,0,0,0,0,0
Fuel Tires,QSAT28555R20,285/55R20 FUEL GRIPPER AT-SNOW 2855520,,,N2,0,307.00,0.00,04/26/2026 4:06:30 PM,10,0,0,0,0,0,0,0,0,0,0,0,0,0,0
Fuel Tires,QSAT32550R22,325/50R22 FUEL GRIPPER AT-SNOW 3255022,,,N2,0,407.00,0.00,04/26/2026 4:06:30 PM,10,0,0,0,0,0,0,0,0,0,0,0,0,0,0
Fuel Tires,QSAT32560R20,325/60R20 FUEL GRIPPER AT-SNOW 3256020,,,N2,0,357.00,0.00,04/26/2026 4:06:30 PM,10,0,0,0,0,0,0,0,0,0,0,0,0,0,0
Fuel Tires,RFAT26560R20W,LT265/65R20 GRIPPER A/T WHT-LOGO 2656520,,,N2,0,332.00,0.00,04/26/2026 4:06:30 PM,10,0,0,0,0,0,0,0,0,0,0,0,0,0,0
Fuel Tires,RFAT26565R18W,LT265/65R18 GRIPPER A/T WHT-LOGO 2656518,,,N2,0,311.00,0.00,04/26/2026 4:06:30 PM,10,0,0,0,0,0,0,0,0,0,0,0,0,0,0
Fuel Tires,RFNT401550R22,40X15.50R22LT FUEL GRIPPER MT 40155022,,,N2,0,1000.00,0.00,04/26/2026 4:06:30 PM,10,0,0,0,0,0,0,0,0,0,0,0,0,0,0
Fuel Tires,RFRT25555R18,255/55R18 FUEL HAULER 2555518,,,N2,0,237.00,0.00,04/26/2026 4:06:30 PM,10,0,0,0,0,0,0,0,0,0,0,0,0,0,0
EFX,FA-811,PRO-RIDER 205/50-10 67N 17.5,FA-811,https://assets.wheelpros.com/transform/cdad290d-a164-4adf-83c1-bbe721269d83/EFX-ProRider-Standard-png?size=500,ST,48,93.00,0.00,04/26/2026 4:06:30 PM,20,16,0,16,0,16,0,0,0,0,0,0,0,0,0
EFX,FA-824,PRO-RIDER 18X8.50-8 18,FA-824,https://assets.wheelpros.com/transform/cdad290d-a164-4adf-83c1-bbe721269d83/EFX-ProRider-Standard-png?size=500,N2,1,73.00,0.00,04/26/2026 4:06:30 PM,20,1,0,0,0,0,0,0,0,0,0,0,0,0,0
Mickey Thompson Tire,MTT250939,ET JR 18.0/8.5-8 NHS 18.2,250939,https://images.wheelpros.com/m500/mTIRE.png,ST,0,226.00,225.98,04/26/2026 4:06:30 PM,10,0,0,0,0,0,0,0,0,0,0,0,0,0,0
Mickey Thompson Tire,MTT365084019,ET JR 18.0/8.5-8 NHS 18.2,250939,https://images.wheelpros.com/m500/mTIRE.png,ST,0,250.00,0.00,04/26/2026 4:06:30 PM,10,0,0,0,0,0,0,0,0,0,0,0,0,0,0
Mickey Thompson Tire,MTT365085019,ET JR 18.0/8.0-8 18,90000000943,https://images.wheelpros.com/m500/mMTETTC.png,ST,0,244.00,0.00,04/26/2026 4:06:30 PM,10,0,0,0,0,0,0,0,0,0,0,0,0,0,0
Mickey Thompson Tire,MTT90000000943,ET JR 18.0/8.0-8 18,90000000943,https://images.wheelpros.com/m500/mMTETTC.png,ST,1,215.00,215.37,04/26/2026 4:06:30 PM,10,0,0,1,0,0,0,0,0,0,0,0,0,0,0
EFX,FA-812,LO-PRO 225/35-12 N 18.2,FA-812,https://assets.wheelpros.com/transform/d98baf09-90a4-4526-b97d-e61c999d9a0f/EFX-Lo-Pro-Standard-png?size=500,ST,48,99.00,0.00,04/26/2026 4:06:30 PM,20,0,0,16,0,16,0,0,0,0,0,0,0,16,0
EFX,FA-827,FUSION S/T 205/30-12 70N 18.5,FA-827,https://images.wheelpros.com/m500/mEFFUS.png,ST,56,90.00,0.00,04/26/2026 4:06:30 PM,20,16,0,16,0,8,0,0,0,0,0,0,0,16,0
Mickey Thompson Tire,MTT250940,ET JR 19.0/8.0-10 NHS 19.5,250940,https://images.wheelpros.com/m500/mTIRE.png,ST,0,230.00,230.30,04/26/2026 4:06:30 PM,10,0,0,0,0,0,0,0,0,0,0,0,0,0,0
Mickey Thompson Tire,MTT365062019,ET JR 19.0/8.0-10 NHS 19.5,250940,https://images.wheelpros.com/m500/mTIRE.png,ST,0,259.00,0.00,04/26/2026 4:06:30 PM,10,0,0,0,0,0,0,0,0,0,0,0,0,0,0
EFX,FA-814,PRO-RIDER 215/50-12 78F 20.5,FA-814,https://assets.wheelpros.com/transform/cdad290d-a164-4adf-83c1-bbe721269d83/EFX-ProRider-Standard-png?size=500,ST,36,117.00,0.00,04/26/2026 4:06:30 PM,20,2,0,16,0,2,0,0,0,0,0,0,0,16,0
EFX,FA-821,PRO-RIDER 215/65-10 78N 20.5,FA-821,https://assets.wheelpros.com/transform/cdad290d-a164-4adf-83c1-bbe721269d83/EFX-ProRider-Standard-png?size=500,ST,0,167.00,0.00,04/26/2026 4:06:30 PM,20,0,0,0,0,0,0,0,0,0,0,0,0,0,0
EFX,FA-826,FUSION S/T 205/30-14 79N 21,FA-826,https://images.wheelpros.com/m500/mEFFUS.png,ST,18,103.00,0.00,04/26/2026 4:06:30 PM,20,0,0,16,0,0,0,0,0,0,0,0,0,2,0
Falken,F59000730,SINCERA SN250A 165/65R14 79S SL 22.4,59000730,https://assets.wheelpros.com/transform/26ca6ddd-420c-4f50-83cb-871476528ff8/FALKEN-SINCERA-SN250_Standard-png?size=500,ST,0,139.00,0.00,04/26/2026 4:06:30 PM,10,0,0,0,0,0,0,0,0,0,0,0,0,0,0
EFX,FA-828,HAMMER 22X9.50-10 70F 22,FA-828,https://assets.wheelpros.com/transform/dfa7e3fe-1248-49ef-b2b3-9be97a5d1b5b/EFX-HAMMER-Standard-png?size=500,N2,1,143.00,0.00,04/26/2026 4:06:30 PM,20,0,0,0,0,0,0,0,0,0,0,0,0,1,0
EFX,FA-831,HAMMER 22X9.50-12 70F 22,FA-831,https://assets.wheelpros.com/transform/dfa7e3fe-1248-49ef-b2b3-9be97a5d1b5b/EFX-HAMMER-Standard-png?size=500,ST,0,139.00,0.00,04/26/2026 4:06:30 PM,20,0,0,0,0,0,0,0,0,0,0,0,0,0,0
Mickey Thompson Tire,MTT365064020,ET FRONT 22.0/2.5-17 22,90000093231,https://images.wheelpros.com/m500/mMTETTB.png,ST,0,353.00,0.00,04/26/2026 4:06:30 PM,10,0,0,0,0,0,0,0,0,0,0,0,0,0,0
Mickey Thompson Tire,MTT90000093231,ET FRONT 22.0/2.5-17 22,90000093231,https://images.wheelpros.com/m500/mMTETTB.png,ST,0,289.00,288.61,04/26/2026 4:06:30 PM,10,0,0,0,0,0,0,0,0,0,0,0,0,0,0
Nitto,N185-000,NEO GEN 205/40R16 83V XL 22.4,185000,https://images.wheelpros.com/m500/mNTNEO.png,ST,14,173.00,0.00,04/26/2026 4:06:30 PM,10,0,8,6,0,0,0,0,0,0,0,0,0,0,0
Falken,F28291451,SINCERA SN250 185/60R14 82H SL 22.87,28291451,https://assets.wheelpros.com/transform/26ca6ddd-420c-4f50-83cb-871476528ff8/FALKEN-SINCERA-SN250_Standard-png?size=500,ST,0,104.00,0.00,04/26/2026 4:06:30 PM,10,0,0,0,0,0,0,0,0,0,0,0,0,0,0
Falken,F28292575,SINCERA SN250 185/55R15 82V SL 23.07,28292575,https://assets.wheelpros.com/transform/26ca6ddd-420c-4f50-83cb-871476528ff8/FALKEN-SINCERA-SN250_Standard-png?size=500,ST,0,138.00,0.00,04/26/2026 4:06:30 PM,10,0,0,0,0,0,0,0,0,0,0,0,0,0,0
Falken,F28294442,SINCERA SN250 175/65R14 82T SL 23.07,28294442,https://assets.wheelpros.com/transform/26ca6ddd-420c-4f50-83cb-871476528ff8/FALKEN-SINCERA-SN250_Standard-png?size=500,ST,0,105.00,0.00,04/26/2026 4:06:30 PM,10,0,0,0,0,0,0,0,0,0,0,0,0,0,0
Falken,F28298331,SINCERA SN250 195/55R15 85V SL 23.5,28298331,https://assets.wheelpros.com/transform/26ca6ddd-420c-4f50-83cb-871476528ff8/FALKEN-SINCERA-SN250_Standard-png?size=500,SO,0,126.00,0.00,04/26/2026 4:06:30 PM,10,0,0,0,0,0,0,0,0,0,0,0,0,0,0
Falken,F28392937,AKLIMATE 185/55R15 82V SL 23.1,28392937,https://images.wheelpros.com/m500/mTIRE.png,NW,0,160.00,0.00,04/26/2026 4:06:30 PM,10,0,0,0,0,0,0,0,0,0,0,0,0,0,0
Falken,F28533077,AZENIS RT615K 205/50R15 89W XL 23.2,28533077,https://images.wheelpros.com/m500/mFA999.png,ST,16,195.00,0.00,04/26/2026 4:06:30 PM,10,0,0,0,0,0,0,0,0,0,0,0,0,0,16
Falken,F28533443,AZENIS RT615K 195/60R14 86H SL 23.2,28533443,https://images.wheelpros.com/m500/mFA999.png,ST,0,173.00,0.00,04/26/2026 4:06:30 PM,10,0,0,0,0,0,0,0,0,0,0,0,0,0,0
Falken,F28952561,ZIEX ZE950 195/55R15 85V SL 23.43,28952561,https://images.wheelpros.com/m500/mFT950.png,SO,0,133.00,0.00,04/26/2026 4:06:30 PM,10,0,0,0,0,0,0,0,0,0,0,0,0,0,0
Falken,F28962571,ZIEX ZE960 195/50R15 82V SL 22.7,28962571,https://images.wheelpros.com/m500/mFTWPK.png,SO,2,104.00,0.00,04/26/2026 4:06:30 PM,10,1,0,1,0,0,0,0,0,0,0,0,0,0,0
Falken,F28962690,ZIEX ZE960 205/45R16 87V XL 23.2,28962690,https://images.wheelpros.com/m500/mFTWPK.png,SO,0,139.00,0.00,04/26/2026 4:06:30 PM,10,0,0,0,0,0,0,0,0,0,0,0,0,0,0
Falken,F28963740,ZIEX ZE960 205/40R17 84W XL 23.5,28963740,https://images.wheelpros.com/m500/mFTWPK.png,SO,0,131.00,0.00,04/26/2026 4:06:30 PM,10,0,0,0,0,0,0,0,0,0,0,0,0,0,0
OHTSU,F30421401,FP7000 185/60-14 82H 22.8,,https://images.wheelpros.com/m500/mFP700.png,SO,0,95.00,0.00,04/26/2026 4:06:30 PM,10,0,0,0,0,0,0,0,0,0,0,0,0,0,0
OHTSU,F30421402,FP7000 195/60-14 86H 23.3,,https://images.wheelpros.com/m500/mFP700.png,SO,0,110.00,0.00,04/26/2026 4:06:30 PM,10,0,0,0,0,0,0,0,0,0,0,0,0,0,0
OHTSU,F30421403,FP7000 185/65-14 86H 23.3,,https://images.wheelpros.com/m500/mFP700.png,SO,0,101.00,0.00,04/26/2026 4:06:30 PM,10,0,0,0,0,0,0,0,0,0,0,0,0,0,0
OHTSU,F30422514,FP7000 195/55-15 85V 23.4,,https://images.wheelpros.com/m500/mFP700.png,SO,0,125.00,0.00,04/26/2026 4:06:30 PM,10,0,0,0,0,0,0,0,0,0,0,0,0,0,0
OHTSU,F30424705,FP7000 205/40-17 84W 23.4,,https://images.wheelpros.com/m500/mFP700.png,SO,0,132.00,0.00,04/26/2026 4:06:30 PM,10,0,0,0,0,0,0,0,0,0,0,0,0,0,0
Falken,F59000630,AZENIS FK510A 235/60R18 103W SL 22.95,59000630,https://images.wheelpros.com/m500/mFK510.png,SO,0,363.00,0.00,04/26/2026 4:06:30 PM,10,0,0,0,0,0,0,0,0,0,0,0,0,0,0
EFX,FA-806,BLADE 23X10.5-12 N 23,FA-806,https://assets.wheelpros.com/transform/7712122b-741e-45f0-ab2e-ae4df0af6bcc/EFX-Blade-Standard-png?size=500,ST,8,165.00,0.00,04/26/2026 4:06:30 PM,20,8,0,0,0,0,0,0,0,0,0,0,0,0,0
EFX,FA-817,BLADE 23X10R14 N 23,FA-817,https://assets.wheelpros.com/transform/7712122b-741e-45f0-ab2e-ae4df0af6bcc/EFX-Blade-Standard-png?size=500,ST,29,194.00,0.00,04/26/2026 4:06:30 PM,20,3,0,16,0,10,0,0,0,0,0,0,0,0,0
EFX,FA-825,FUSION S/T 23X9.50R12 80J 23,FA-825,https://images.wheelpros.com/m500/mEFFUS.png,ST,25,187.00,0.00,04/26/2026 4:06:30 PM,20,1,0,16,0,8,0,0,0,0,0,0,0,0,0
EFX,FA-829,HAMMER 23X9.50-12 70F 23,FA-829,https://assets.wheelpros.com/transform/dfa7e3fe-1248-49ef-b2b3-9be97a5d1b5b/EFX-HAMMER-Standard-png?size=500,ST,42,149.00,0.00,04/26/2026 4:06:30 PM,20,16,0,16,0,2,0,0,0,0,0,0,0,8,0
EFX,FA-830,HAMMER 23X9.50-14 70F 23,FA-830,https://assets.wheelpros.com/transform/dfa7e3fe-1248-49ef-b2b3-9be97a5d1b5b/EFX-HAMMER-Standard-png?size=500,ST,29,163.00,0.00,04/26/2026 4:06:30 PM,20,0,0,13,0,8,0,0,0,0,0,0,0,4,4
Milestar,M24160016,MS775 TOURING SLE P155/80R13 79S SL 22.8,24160016,,ST,0,36.00,0.00,04/26/2026 4:06:30 PM,10,0,0,0,0,0,0,0,0,0,0,0,0,0,0
Mickey Thompson Tire,MTT365075020,ET FRONT 22.5/4.5-15 22.5,90000000818,https://images.wheelpros.com/m500/mMTETTB.png,ST,0,306.00,0.00,04/26/2026 4:06:30 PM,10,0,0,0,0,0,0,0,0,0,0,0,0,0,0
Mickey Thompson Tire,MTT90000000818,ET FRONT 22.5/4.5-15 22.5,90000000818,https://images.wheelpros.com/m500/mMTETTB.png,ST,0,261.00,260.57,04/26/2026 4:06:30 PM,10,0,0,0,0,0,0,0,0,0,0,0,0,0,0
Nitto,N185-010,NEO GEN 205/45R16 87V XL 23.3,185010,https://images.wheelpros.com/m500/mNTNEO.png,ST,0,177.00,0.00,04/26/2026 4:06:30 PM,10,0,0,0,0,0,0,0,0,0,0,0,0,0,0
Nitto,N185-290,NEO GEN 205/50R15 89V XL 23,185290,https://images.wheelpros.com/m500/mNTNEO.png,ST,33,157.00,0.00,04/26/2026 4:06:30 PM,10,0,4,5,0,0,0,0,0,0,0,0,0,10,14
Nitto,N204-140,NTSN2 175/65-14 82T 22.96,204140,https://images.wheelpros.com/m500/mNTSN2.png,SO,0,91.00,0.00,04/26/2026 4:06:30 PM,10,0,0,0,0,0,0,0,0,0,0,0,0,0,0
Nitto,N204-150,NTSN2 185/65-14 86T 23.47,204150,https://images.wheelpros.com/m500/mNTSN2.png,SO,0,94.00,0.00,04/26/2026 4:06:30 PM,10,0,0,0,0,0,0,0,0,0,0,0,0,0,0
Nitto,N204-350,NTSN2 195/55-15 85T 23.44,204350,https://images.wheelpros.com/m500/mNTSN2.png,SO,0,114.00,0.00,04/26/2026 4:06:30 PM,10,0,0,0,0,0,0,0,0,0,0,0,0,0,0
Nitto,N207-350,NT05 205/50ZR15 89W XL 23.1,207350,https://assets.wheelpros.com/transform/c954c748-4606-49f4-bebf-e1d38fe0ebb7/Nitto-NT05_Standard-png?size=500,ST,14,195.00,0.00,04/26/2026 4:06:30 PM,10,0,0,0,0,0,0,0,0,0,0,0,0,0,14
Nitto,N371-040,NT01 205/40ZR17 80W SL 23.4,371040,https://images.wheelpros.com/m500/mNT01.png,ST,6,331.00,0.00,04/26/2026 4:06:30 PM,10,0,0,2,0,0,0,0,0,0,0,0,0,4,0
Nitto,N371-080,NT01 205/50ZR15 86V SL 22.9,371080,https://images.wheelpros.com/m500/mNT01.png,ST,14,290.00,0.00,04/26/2026 4:06:30 PM,10,0,2,0,0,0,0,0,0,0,0,0,0,12,0
Nitto,N371-090,NT01 205/55ZR14 85V SL 22.7,371090,https://images.wheelpros.com/m500/mNT01.png,ST,14,268.00,0.00,04/26/2026 4:06:30 PM,10,0,0,10,0,0,0,0,0,0,0,0,0,4,0
Nitto,N371-160,NT01 225/45ZR15 87W SL 22.9,371160,https://images.wheelpros.com/m500/mNT01.png,ST,24,309.00,0.00,04/26/2026 4:06:30 PM,10,0,0,0,0,0,0,0,0,0,0,0,0,12,12
Uniroyal,UNI04341,TIGER PAW TOUR 195/55R15 85V 23.43,04341,https://images.wheelpros.com/m500/mUNTIGJ.png,ST,0,148.00,0.00,04/26/2026 4:06:30 PM,10,0,0,0,0,0,0,0,0,0,0,0,0,0,0
Uniroyal,UNI13864,TIGER PAW TOUR 185/55R15 82V 23.03,13864,https://images.wheelpros.com/m500/mUNTIGJ.png,ST,0,146.00,0.00,04/26/2026 4:06:30 PM,10,0,0,0,0,0,0,0,0,0,0,0,0,0,0
Uniroyal,UNI28072,TIGER PAW AWP2 P155/80R13 79S 22.8,28072,https://images.wheelpros.com/m500/mUNTIGD.png,ST,0,79.00,0.00,04/26/2026 4:06:30 PM,10,0,0,0,0,0,0,0,0,0,0,0,0,0,0
Uniroyal,UNI32461,TIGER PAW TOUR 195/60R14 86H 23.23,32461,https://images.wheelpros.com/m500/mUNTIGJ.png,ST,0,137.00,0.00,04/26/2026 4:06:30 PM,10,0,0,0,0,0,0,0,0,0,0,0,0,0,0
Uniroyal,UNI35584,TIGER PAW TOUR 175/65R14 82H 22.99,35584,https://images.wheelpros.com/m500/mUNTIGJ.png,ST,0,122.00,0.00,04/26/2026 4:06:30 PM,10,0,0,0,0,0,0,0,0,0,0,0,0,0,0
Uniroyal,UNI36038,TIGER PAW TOUR 185/60R14 82H 22.76,36038,https://images.wheelpros.com/m500/mUNTIGJ.png,ST,0,128.00,0.00,04/26/2026 4:06:30 PM,10,0,0,0,0,0,0,0,0,0,0,0,0,0,0
Uniroyal,UNI37647,TIGER PAW TOUR 185/65R14 86H 23.46,37647,https://images.wheelpros.com/m500/mUNTIGJ.png,ST,0,125.00,0.00,04/26/2026 4:06:30 PM,10,0,0,0,0,0,0,0,0,0,0,0,0,0,0
Falken,F28291516,SINCERA SN250 185/60R15 84H SL 23.86,28291516,https://assets.wheelpros.com/transform/26ca6ddd-420c-4f50-83cb-871476528ff8/FALKEN-SINCERA-SN250_Standard-png?size=500,ST,0,115.00,0.00,04/26/2026 4:06:30 PM,10,0,0,0,0,0,0,0,0,0,0,0,0,0,0
Falken,F28291551,SINCERA SN250 195/60R15 88H SL 24.33,28291551,https://assets.wheelpros.com/transform/26ca6ddd-420c-4f50-83cb-871476528ff8/FALKEN-SINCERA-SN250_Standard-png?size=500,ST,0,113.00,0.00,04/26/2026 4:06:30 PM,10,0,0,0,0,0,0,0,0,0,0,0,0,0,0
Falken,F28291563,SINCERA SN250 175/65R15 84H SL 24.06,28291563,https://assets.wheelpros.com/transform/26ca6ddd-420c-4f50-83cb-871476528ff8/FALKEN-SINCERA-SN250_Standard-png?size=500,ST,0,120.00,0.00,04/26/2026 4:06:30 PM,10,0,0,0,0,0,0,0,0,0,0,0,0,0,0
Falken,F28291677,SINCERA SN250 185/55R16 83H SL 24.06,28291677,https://assets.wheelpros.com/transform/26ca6ddd-420c-4f50-83cb-871476528ff8/FALKEN-SINCERA-SN250_Standard-png?size=500,ST,0,131.00,0.00,04/26/2026 4:06:30 PM,10,0,0,0,0,0,0,0,0,0,0,0,0,0,0
Falken,F28294443,SINCERA SN250 185/65R14 86T SL 23.54,28294443,https://assets.wheelpros.com/transform/26ca6ddd-420c-4f50-83cb-871476528ff8/FALKEN-SINCERA-SN250_Standard-png?size=500,ST,0,100.00,0.00,04/26/2026 4:06:30 PM,10,0,0,0,0,0,0,0,0,0,0,0,0,0,0
Falken,F28294473,SINCERA SN250 185/70R14 88T SL 24.33,28294473,https://assets.wheelpros.com/transform/26ca6ddd-420c-4f50-83cb-871476528ff8/FALKEN-SINCERA-SN250_Standard-png?size=500,ST,0,110.00,0.00,04/26/2026 4:06:30 PM,10,0,0,0,0,0,0,0,0,0,0,0,0,0,0
Falken,F28294615,SINCERA SN250 195/55R16 87T SL 24.45,28294615,https://assets.wheelpros.com/transform/26ca6ddd-420c-4f50-83cb-871476528ff8/FALKEN-SINCERA-SN250_Standard-png?size=500,SO,0,151.00,0.00,04/26/2026 4:06:30 PM,10,0,0,0,0,0,0,0,0,0,0,0,0,0,0
Falken,F28391287,AKLIMATE 185/55R16 83H SL 24.1,28391287,https://images.wheelpros.com/m500/mTIRE.png,NW,0,152.00,0.00,04/26/2026 4:06:30 PM,10,0,0,0,0,0,0,0,0,0,0,0,0,0,0
Falken,F28391331,AKLIMATE 185/60R15 84H SL 23.9,28391331,https://images.wheelpros.com/m500/mTIRE.png,NW,0,133.00,0.00,04/26/2026 4:06:30 PM,10,0,0,0,0,0,0,0,0,0,0,0,0,0,0
Falken,F28391611,AKLIMATE 175/65R15 84H SL 24.1,28391611,https://images.wheelpros.com/m500/mTIRE.png,NW,0,139.00,0.00,04/26/2026 4:06:30 PM,10,0,0,0,0,0,0,0,0,0,0,0,0,0,0
Falken,F28532497,AZENIS RT615K 215/40R17 87W XL 23.9,28532497,https://images.wheelpros.com/m500/mFA999.png,ST,0,213.00,0.00,04/26/2026 4:06:30 PM,10,0,0,0,0,0,0,0,0,0,0,0,0,0,0
Falken,F28533766,AZENIS RT615K 215/45R16 86W SL 23.58,28533766,https://images.wheelpros.com/m500/mFA999.png,ST,0,224.00,0.00,04/26/2026 4:06:30 PM,10,0,0,0,0,0,0,0,0,0,0,0,0,0,0
Falken,F28951677,ZIEX ZE950 185/55R16 83H SL 24.02,28951677,https://images.wheelpros.com/m500/mFT950.png,SO,0,141.00,0.00,04/26/2026 4:06:30 PM,10,0,0,0,0,0,0,0,0,0,0,0,0,0,0
Falken,F28952671,ZIEX ZE950 205/50R16 87V SL 24.13,28952671,https://images.wheelpros.com/m500/mFT950.png,SO,0,139.00,0.00,04/26/2026 4:06:30 PM,10,0,0,0,0,0,0,0,0,0,0,0,0,0,0
Falken,F28953781,ZIEX ZE950 205/45R17 88W XL 24.25,28953781,https://images.wheelpros.com/m500/mFT950.png,SO,0,164.00,0.00,04/26/2026 4:06:30 PM,10,0,0,0,0,0,0,0,0,0,0,0,0,0,0
Falken,F28962615,ZIEX ZE960 195/55R16 87V SL 24.4,28962615,https://images.wheelpros.com/m500/mFTWPK.png,SO,0,134.00,0.00,04/26/2026 4:06:30 PM,10,0,0,0,0,0,0,0,0,0,0,0,0,0,0
Falken,F28962660,ZIEX ZE960 195/50R16 84V SL 23.7,28962660,https://images.wheelpros.com/m500/mFTWPK.png,SO,0,138.00,0.00,04/26/2026 4:06:30 PM,10,0,0,0,0,0,0,0,0,0,0,0,0,0,0
Falken,F28962671,ZIEX ZE960 205/50R16 87V SL 24,28962671,https://images.wheelpros.com/m500/mFTWPK.png,SO,0,132.00,0.00,04/26/2026 4:06:30 PM,10,0,0,0,0,0,0,0,0,0,0,0,0,0,0
Falken,F28963781,ZIEX ZE960 205/45R17 88W XL 24.3,28963781,https://images.wheelpros.com/m500/mFTWPK.png,SO,4,146.00,0.00,04/26/2026 4:06:30 PM,10,0,4,0,0,0,0,0,0,0,0,0,0,0,0
OHTSU,F30421511,FP7000 195/60-15 88H 24.1,,https://images.wheelpros.com/m500/mFP700.png,SO,0,112.00,0.00,04/26/2026 4:06:30 PM,10,0,0,0,0,0,0,0,0,0,0,0,0,0,0
OHTSU,F30421512,FP7000 185/65-15 88H 24.3,,https://images.wheelpros.com/m500/mFP700.png,SO,0,112.00,0.00,04/26/2026 4:06:30 PM,10,0,0,0,0,0,0,0,0,0,0,0,0,0,0
OHTSU,F30422626,FP7000 205/50-16 91V 24.1,,https://images.wheelpros.com/m500/mFP700.png,SO,0,128.00,0.00,04/26/2026 4:06:30 PM,10,0,0,0,0,0,0,0,0,0,0,0,0,0,0
OHTSU,F30422660,FP7000 195/50-16 84V 23.78,,https://images.wheelpros.com/m500/mFP700.png,SO,0,148.00,0.00,04/26/2026 4:06:30 PM,10,0,0,0,0,0,0,0,0,0,0,0,0,0,0
OHTSU,F30424707,FP7000 215/40-17 87W 23.9,,https://images.wheelpros.com/m500/mFP700.png,SO,0,161.00,0.00,04/26/2026 4:06:30 PM,10,0,0,0,0,0,0,0,0,0,0,0,0,0,0
Falken,F59000370,FK090 125/70R17 98M SL 24.21,59000370,https://images.wheelpros.com/m500/mFA999.png,ST,0,111.00,0.00,04/26/2026 4:06:30 PM,10,0,0,0,0,0,0,0,0,0,0,0,0,0,0
Milestar,M23616001,STEELPRO MS597S 185/60R15C 94/92S C 23.7,23616001,,ST,0,58.00,0.00,04/26/2026 4:06:30 PM,10,0,0,0,0,0,0,0,0,0,0,0,0,0,0
Milestar,M24700003,MS775 TOURING SLE P175/80R13 86S SL 24,24700003,,ST,0,46.00,0.00,04/26/2026 4:06:30 PM,10,0,0,0,0,0,0,0,0,0,0,0,0,0,0
EFX,MF-24-10-12,MOTOFORCE 24X10-12 73NHS 24,MF-24-10-12,https://assets.wheelpros.com/transform/39640333-f493-4aca-a4fa-03727ed86bd5/EFX-MOTOFORCE-MF-26-10-14-A1-png?size=500,ST,5,164.00,164.00,04/26/2026 4:06:30 PM,20,0,0,1,0,4,0,0,0,0,0,0,0,0,0
EFX,MF-24-8-12,MOTOFORCE 24X8-12 65NHS 24,MF-24-8-12,https://assets.wheelpros.com/transform/39640333-f493-4aca-a4fa-03727ed86bd5/EFX-MOTOFORCE-MF-26-10-14-A1-png?size=500,ST,11,143.00,143.00,04/26/2026 4:06:30 PM,20,1,0,0,0,10,0,0,0,0,0,0,0,0,0
Mickey Thompson Tire,MTT250861,ET DRAG 24.5/8.0-15 NHS 24.5,250861,https://images.wheelpros.com/m500/mTIRE.png,ST,0,391.00,391.00,04/26/2026 4:06:30 PM,10,0,0,0,0,0,0,0,0,0,0,0,0,0,0
Mickey Thompson Tire,MTT255648,SPORTSMAN SR 24X5.00R15LT 76H C 24.1,255648,https://images.wheelpros.com/m500/mTIRE.png,ST,0,393.00,393.38,04/26/2026 4:06:30 PM,10,0,0,0,0,0,0,0,0,0,0,0,0,0,0
Mickey Thompson Tire,MTT315091004,ET STREET R 225/50R15 24.1,90000024650,https://images.wheelpros.com/m500/mMTETTE.png,ST,0,443.00,0.00,04/26/2026 4:06:30 PM,10,0,0,0,0,0,0,0,0,0,0,0,0,0,0
Mickey Thompson Tire,MTT321055004,SPORTSMAN SR 24X5.00R15LT 76H C 24.1,255648,https://images.wheelpros.com/m500/mTIRE.png,ST,0,441.00,0.00,04/26/2026 4:06:30 PM,10,0,0,0,0,0,0,0,0,0,0,0,0,0,0
Mickey Thompson Tire,MTT365037011,ET DRAG 24.5/9.0-13 24.5,90000028340,https://images.wheelpros.com/m500/mMTETTA.png,ST,0,445.00,0.00,04/26/2026 4:06:30 PM,10,0,0,0,0,0,0,0,0,0,0,0,0,0,0
Mickey Thompson Tire,MTT365047011,ET DRAG 24.5/8.0-15 NHS 24.5,250861,https://images.wheelpros.com/m500/mTIRE.png,ST,0,447.00,0.00,04/26/2026 4:06:30 PM,10,0,0,0,0,0,0,0,0,0,0,0,0,0,0
Mickey Thompson Tire,MTT365070020,ET FRONT 24.0/4.5-15 24.2,90000001310,https://images.wheelpros.com/m500/mMTETTB.png,ST,0,298.00,0.00,04/26/2026 4:06:30 PM,10,0,0,0,0,0,0,0,0,0,0,0,0,0,0
Mickey Thompson Tire,MTT90000001310,ET FRONT 24.0/4.5-15 24.2,90000001310,https://images.wheelpros.com/m500/mMTETTB.png,ST,2,267.00,267.13,04/26/2026 4:06:30 PM,10,0,0,0,0,0,0,2,0,0,0,0,0,0,0
Mickey Thompson Tire,MTT90000024650,ET STREET R 225/50R15 24.1,90000024650,https://images.wheelpros.com/m500/mMTETTE.png,ST,0,392.00,391.84,04/26/2026 4:06:30 PM,10,0,0,0,0,0,0,0,0,0,0,0,0,0,0
Mickey Thompson Tire,MTT90000028340,ET DRAG 24.5/9.0-13 24.5,90000028340,https://images.wheelpros.com/m500/mMTETTA.png,ST,0,393.00,392.68,04/26/2026 4:06:30 PM,10,0,0,0,0,0,0,0,0,0,0,0,0,0,0
Nitto,N185-020,NEO GEN 205/50R16 91V XL 24,185020,https://images.wheelpros.com/m500/mNTNEO.png,ST,4,185.00,0.00,04/26/2026 4:06:30 PM,10,0,4,0,0,0,0,0,0,0,0,0,0,0,0
Nitto,N185-030,NEO GEN 205/40ZR17 84W XL 23.5,185030,https://images.wheelpros.com/m500/mNTNEO.png,ST,2,180.00,0.00,04/26/2026 4:06:30 PM,10,0,0,0,0,0,0,0,0,0,0,0,0,2,0
Nitto,N185-050,NEO GEN 215/40ZR17 87W XL 23,185050,https://images.wheelpros.com/m500/mNTNEO.png,ST,4,214.00,0.00,04/26/2026 4:06:30 PM,10,0,4,0,0,0,0,0,0,0,0,0,0,0,0
Nitto,N185-100,NEO GEN 215/35ZR18 84W XL 24,185100,https://images.wheelpros.com/m500/mNTNEO.png,ST,12,238.00,0.00,04/26/2026 4:06:30 PM,10,0,4,0,0,0,0,0,0,0,0,0,0,0,8
Nitto,N185-350,NEO GEN 205/45ZR17 88W XL 24.3,185350,https://images.wheelpros.com/m500/mNTNEO.png,ST,8,200.00,0.00,04/26/2026 4:06:30 PM,10,0,8,0,0,0,0,0,0,0,0,0,0,0,0
Nitto,N204-160,NTSN2 185/60-15 84T 23.74,204160,https://images.wheelpros.com/m500/mNTSN2.png,SO,0,99.00,0.00,04/26/2026 4:06:30 PM,10,0,0,0,0,0,0,0,0,0,0,0,0,0,0
Nitto,N204-170,NTSN2 195/60-15 88T 24.21,204170,https://images.wheelpros.com/m500/mNTSN2.png,SO,0,103.00,0.00,04/26/2026 4:06:30 PM,10,0,0,0,0,0,0,0,0,0,0,0,0,0,0
Nitto,N204-180,NTSN2 185/65-15 88T 24.47,204180,https://images.wheelpros.com/m500/mNTSN2.png,SO,0,96.00,0.00,04/26/2026 4:06:30 PM,10,0,0,0,0,0,0,0,0,0,0,0,0,0,0
Nitto,N204-250,NTSN2 175/65-15 84T 23.96,204250,https://images.wheelpros.com/m500/mNTSN2.png,SO,0,93.00,0.00,04/26/2026 4:06:30 PM,10,0,0,0,0,0,0,0,0,0,0,0,0,0,0
Nitto,N204-340,NTSN2 195/65-14 89T 23.98,204340,https://images.wheelpros.com/m500/mNTSN2.png,SO,0,99.00,0.00,04/26/2026 4:06:30 PM,10,0,0,0,0,0,0,0,0,0,0,0,0,0,0
Nitto,N204-380,NTSN2 205/50-16 87T 24.07,204380,https://images.wheelpros.com/m500/mNTSN2.png,SO,0,133.00,0.00,04/26/2026 4:06:30 PM,10,0,0,0,0,0,0,0,0,0,0,0,0,0,0
Nitto,N204-410,NTSN2 185/70-14 88T 24.2,204410,https://images.wheelpros.com/m500/mNTSN2.png,SO,0,88.00,0.00,04/26/2026 4:06:30 PM,10,0,0,0,0,0,0,0,0,0,0,0,0,0,0
Nitto,N207-120,NT05 235/40ZR17 90W SL 24.4,207120,https://assets.wheelpros.com/transform/c954c748-4606-49f4-bebf-e1d38fe0ebb7/Nitto-NT05_Standard-png?size=500,ST,4,290.00,0.00,04/26/2026 4:06:30 PM,10,0,4,0,0,0,0,0,0,0,0,0,0,0,0
Nitto,N208-200,SN3 195/60R15 88H 24.2,208200,https://images.wheelpros.com/m500/mNTSN3.png,SO,0,165.00,0.00,04/26/2026 4:06:30 PM,10,0,0,0,0,0,0,0,0,0,0,0,0,0,0
Nitto,N208-260,SN3 185/60R15 84H 23.7,208260,https://images.wheelpros.com/m500/mNTSN3.png,SO,0,159.00,0.00,04/26/2026 4:06:30 PM,10,0,0,0,0,0,0,0,0,0,0,0,0,0,0
Nitto,N208-280,SN3 175/65R15 84H 24,208280,https://images.wheelpros.com/m500/mNTSN3.png,SO,4,147.00,0.00,04/26/2026 4:06:30 PM,10,0,0,0,0,0,0,0,0,0,0,0,0,0,4
Nitto,N208-380,SN3 185/65R15 88H 24.4,208380,https://images.wheelpros.com/m500/mNTSN3.png,SO,0,153.00,0.00,04/26/2026 4:06:30 PM,10,0,0,0,0,0,0,0,0,0,0,0,0,0,0
Nitto,N371-100,NT01 235/40ZR17 90W SL 24.4,371100,https://images.wheelpros.com/m500/mNT01.png,ST,4,364.00,0.00,04/26/2026 4:06:30 PM,10,0,2,0,0,0,0,0,0,0,0,0,0,0,2
Uniroyal,UNI00722,TIGER PAW TOUR 205/50R16 87H 24.09,00722,https://images.wheelpros.com/m500/mUNTIGJ.png,ST,0,158.00,0.00,04/26/2026 4:06:30 PM,10,0,0,0,0,0,0,0,0,0,0,0,0,0,0
Uniroyal,UNI04683,TIGER PAW TOUR 185/65R15 88H 24.45,04683,https://images.wheelpros.com/m500/mUNTIGJ.png,ST,0,133.00,0.00,04/26/2026 4:06:30 PM,10,0,0,0,0,0,0,0,0,0,0,0,0,0,0
Uniroyal,UNI14782,POWER PAW 205/45ZR17 88Y XL 24.25,14782,https://images.wheelpros.com/m500/mUNPOWA.png,ST,0,172.00,0.00,04/26/2026 4:06:30 PM,10,0,0,0,0,0,0,0,0,0,0,0,0,0,0
Uniroyal,UNI22195,TIGER PAW TOUR 195/55R16 87V 24.41,22195,https://images.wheelpros.com/m500/mUNTIGJ.png,ST,0,156.00,0.00,04/26/2026 4:06:30 PM,10,0,0,0,0,0,0,0,0,0,0,0,0,0,0
Uniroyal,UNI26243,TIGER PAW TOUR 185/55R16 83H 24.02,26243,https://images.wheelpros.com/m500/mUNTIGJ.png,ST,0,153.00,0.00,04/26/2026 4:06:30 PM,10,0,0,0,0,0,0,0,0,0,0,0,0,0,0
Uniroyal,UNI26635,TIGER PAW TOUR 185/60R15 84H 23.74,26635,https://images.wheelpros.com/m500/mUNTIGJ.png,ST,0,133.00,0.00,04/26/2026 4:06:30 PM,10,0,0,0,0,0,0,0,0,0,0,0,0,0,0
Uniroyal,UNI43238,TIGER PAW TOUR 195/60R15 88H 24.21,43238,https://images.wheelpros.com/m500/mUNTIGJ.png,ST,0,135.00,0.00,04/26/2026 4:06:30 PM,10,0,0,0,0,0,0,0,0,0,0,0,0,0,0
Uniroyal,UNI65138,TIGER PAW TOUR 175/65R15 84H 23.98,65138,https://images.wheelpros.com/m500/mUNTIGJ.png,ST,0,134.00,0.00,04/26/2026 4:06:30 PM,10,0,0,0,0,0,0,0,0,0,0,0,0,0,0
Uniroyal,UNI67862,TIGER PAW TOUR 195/50R16 84V 23.7,67862,https://images.wheelpros.com/m500/mUNTIGJ.png,ST,0,141.00,0.00,04/26/2026 4:06:30 PM,10,0,0,0,0,0,0,0,0,0,0,0,0,0,0
Uniroyal,UNI74854,POWER PAW 205/40ZR17 84W XL 23.46,74854,https://images.wheelpros.com/m500/mUNPOWA.png,ST,0,141.00,0.00,04/26/2026 4:06:30 PM,10,0,0,0,0,0,0,0,0,0,0,0,0,0,0
Uniroyal,UNI81433,TIGER PAW TOUR 205/45R17 84V 24.25,81433,https://images.wheelpros.com/m500/mUNTIGJ.png,ST,0,177.00,0.00,04/26/2026 4:06:30 PM,10,0,0,0,0,0,0,0,0,0,0,0,0,0,0
Falken,F28031037,AZENIS FK510 255/40R17 94W SL 25.1,28031037,https://assets.wheelpros.com/transform/c08f8d82-8e21-4e6a-b03d-fd96d73fc22b/FALKEN-FK510_Standard-png?size=500,SO,0,272.00,0.00,04/26/2026 4:06:30 PM,10,0,0,0,0,0,0,0,0,0,0,0,0,0,0
Falken,F28031525,AZENIS FK510 245/35R18 92Y XL 24.7,28031525,https://assets.wheelpros.com/transform/c08f8d82-8e21-4e6a-b03d-fd96d73fc22b/FALKEN-FK510_Standard-png?size=500,SO,0,360.00,0.00,04/26/2026 4:06:30 PM,10,0,0,0,0,0,0,0,0,0,0,0,0,0,0
Falken,F28032322,AZENIS FK510 235/35R19 91Y XL 25.4,28032322,https://assets.wheelpros.com/transform/c08f8d82-8e21-4e6a-b03d-fd96d73fc22b/FALKEN-FK510_Standard-png?size=500,SO,4,358.00,0.00,04/26/2026 4:06:30 PM,10,4,0,0,0,0,0,0,0,0,0,0,0,0,0
Falken,F28032372,AZENIS FK510 215/45R17 91Y XL 24.7,28032372,https://assets.wheelpros.com/transform/c08f8d82-8e21-4e6a-b03d-fd96d73fc22b/FALKEN-FK510_Standard-png?size=500,SO,0,230.00,0.00,04/26/2026 4:06:30 PM,10,0,0,0,0,0,0,0,0,0,0,0,0,0,0
Falken,F28032997,AZENIS FK510 245/40R17 95Y XL 24.8,28032997,https://assets.wheelpros.com/transform/c08f8d82-8e21-4e6a-b03d-fd96d73fc22b/FALKEN-FK510_Standard-png?size=500,SO,0,283.00,0.00,04/26/2026 4:06:30 PM,10,0,0,0,0,0,0,0,0,0,0,0,0,0,0
Falken,F28033160,AZENIS FK510 225/40R18 92Y XL 25.1,28033160,https://assets.wheelpros.com/transform/c08f8d82-8e21-4e6a-b03d-fd96d73fc22b/FALKEN-FK510_Standard-png?size=500,SO,2,271.00,0.00,04/26/2026 4:06:30 PM,10,0,0,0,1,0,0,0,1,0,0,0,0,0,0
Falken,F28035523,AZENIS FK510 295/30R18 98Y XL 25.1,28035523,https://assets.wheelpros.com/transform/c08f8d82-8e21-4e6a-b03d-fd96d73fc22b/FALKEN-FK510_Standard-png?size=500,SO,0,420.00,0.00,04/26/2026 4:06:30 PM,10,0,0,0,0,0,0,0,0,0,0,0,0,0,0
Falken,F28035976,AZENIS FK510 265/30R19 93Y XL 25.3,28035976,https://assets.wheelpros.com/transform/c08f8d82-8e21-4e6a-b03d-fd96d73fc22b/FALKEN-FK510_Standard-png?size=500,SO,14,428.00,0.00,04/26/2026 4:06:30 PM,10,0,13,0,0,0,1,0,0,0,0,0,0,0,0
Falken,F28036088,AZENIS FK510 235/45R17 97Y XL 25.4,28036088,https://assets.wheelpros.com/transform/c08f8d82-8e21-4e6a-b03d-fd96d73fc22b/FALKEN-FK510_Standard-png?size=500,SO,0,244.00,0.00,04/26/2026 4:06:30 PM,10,0,0,0,0,0,0,0,0,0,0,0,0,0,0
Falken,F28036278,AZENIS FK510 255/35R18 94Y XL 25,28036278,https://assets.wheelpros.com/transform/c08f8d82-8e21-4e6a-b03d-fd96d73fc22b/FALKEN-FK510_Standard-png?size=500,SO,0,379.00,0.00,04/26/2026 4:06:30 PM,10,0,0,0,0,0,0,0,0,0,0,0,0,0,0
Falken,F28036400,AZENIS FK510 225/35R19 88Y XL 25.2,28036400,https://assets.wheelpros.com/transform/c08f8d82-8e21-4e6a-b03d-fd96d73fc22b/FALKEN-FK510_Standard-png?size=500,SO,0,355.00,0.00,04/26/2026 4:06:30 PM,10,0,0,0,0,0,0,0,0,0,0,0,0,0,0
Falken,F28037384,AZENIS FK510 255/30R19 91Y XL 25,28037384,https://assets.wheelpros.com/transform/c08f8d82-8e21-4e6a-b03d-fd96d73fc22b/FALKEN-FK510_Standard-png?size=500,SO,0,395.00,0.00,04/26/2026 4:06:30 PM,10,0,0,0,0,0,0,0,0,0,0,0,0,0,0
Falken,F28039592,AZENIS FK510 225/45R17 94Y XL 25,28039592,https://assets.wheelpros.com/transform/c08f8d82-8e21-4e6a-b03d-fd96d73fc22b/FALKEN-FK510_Standard-png?size=500,SO,0,234.00,0.00,04/26/2026 4:06:30 PM,10,0,0,0,0,0,0,0,0,0,0,0,0,0,0
Falken,F28039629,AZENIS FK510 265/35R18 97Y XL 25.3,28039629,https://assets.wheelpros.com/transform/c08f8d82-8e21-4e6a-b03d-fd96d73fc22b/FALKEN-FK510_Standard-png?size=500,SO,0,377.00,0.00,04/26/2026 4:06:30 PM,10,0,0,0,0,0,0,0,0,0,0,0,0,0,0
Falken,F28039762,AZENIS FK510 235/40R18 95Y XL 25.4,28039762,https://assets.wheelpros.com/transform/c08f8d82-8e21-4e6a-b03d-fd96d73fc22b/FALKEN-FK510_Standard-png?size=500,SO,0,299.00,0.00,04/26/2026 4:06:30 PM,10,0,0,0,0,0,0,0,0,0,0,0,0,0,0
Falken,F28105136,AZENIS FK460 255/40R17 98Y XL 25,28105136,https://images.wheelpros.com/m500/mTIRE.png,NW,0,248.00,0.00,04/26/2026 4:06:30 PM,10,0,0,0,0,0,0,0,0,0,0,0,0,0,0
Falken,F28105302,AZENIS FK460 265/30R19 93Y XL 25.4,28105302,https://images.wheelpros.com/m500/mTIRE.png,NW,0,361.00,0.00,04/26/2026 4:06:30 PM,10,0,0,0,0,0,0,0,0,0,0,0,0,0,0
Falken,F28105384,AZENIS FK460 225/35R19 88Y XL 25.4,28105384,https://images.wheelpros.com/m500/mTIRE.png,NW,0,291.00,0.00,04/26/2026 4:06:30 PM,10,0,0,0,0,0,0,0,0,0,0,0,0,0,0
Falken,F28105643,AZENIS FK460 255/30R19 91Y XL 25.2,28105643,https://images.wheelpros.com/m500/mTIRE.png,NW,0,353.00,0.00,04/26/2026 4:06:30 PM,10,0,0,0,0,0,0,0,0,0,0,0,0,0,0
Falken,F28105770,AZENIS FK460 205/50R17 93Y XL 25.1,28105770,,ST,0,199.00,0.00,04/26/2026 4:06:30 PM,10,0,0,0,0,0,0,0,0,0,0,0,0,0,0
Falken,F28105785,AZENIS FK460 245/40R17 95Y XL 24.7,28105785,,ST,0,243.00,0.00,04/26/2026 4:06:30 PM,10,0,0,0,0,0,0,0,0,0,0,0,0,0,0
Falken,F28105792,AZENIS FK460 215/45R17 91Y XL 24.6,28105792,,ST,0,194.00,0.00,04/26/2026 4:06:30 PM,10,0,0,0,0,0,0,0,0,0,0,0,0,0,0
Falken,F28105794,AZENIS FK460 235/45R17 97Y XL 25.4,28105794,,ST,0,210.00,0.00,04/26/2026 4:06:30 PM,10,0,0,0,0,0,0,0,0,0,0,0,0,0,0
Falken,F28105795,AZENIS FK460 225/45R17 94Y XL 25,28105795,,ST,0,198.00,0.00,04/26/2026 4:06:30 PM,10,0,0,0,0,0,0,0,0,0,0,0,0,0,0
Falken,F28105806,AZENIS FK460 265/35R18 97Y XL 25.4,28105806,,ST,0,311.00,0.00,04/26/2026 4:06:30 PM,10,0,0,0,0,0,0,0,0,0,0,0,0,0,0
Falken,F28105834,AZENIS FK460 245/35R18 92Y XL 24.9,28105834,https://images.wheelpros.com/m500/mTIRE.png,NW,0,277.00,0.00,04/26/2026 4:06:30 PM,10,0,0,0,0,0,0,0,0,0,0,0,0,0,0
Falken,F28105892,AZENIS FK460 225/40R18 92Y XL 25.1,28105892,,ST,0,228.00,0.00,04/26/2026 4:06:30 PM,10,0,0,0,0,0,0,0,0,0,0,0,0,0,0
Falken,F28105893,AZENIS FK460 235/40R18 95Y XL 25.4,28105893,,ST,0,270.00,0.00,04/26/2026 4:06:30 PM,10,0,0,0,0,0,0,0,0,0,0,0,0,0,0
Falken,F28105896,AZENIS FK460 255/35R18 94Y XL 25.1,28105896,,ST,0,299.00,0.00,04/26/2026 4:06:30 PM,10,0,0,0,0,0,0,0,0,0,0,0,0,0,0
Falken,F28291483,SINCERA SN250 205/55R16 91H SL 24.92,28291483,https://assets.wheelpros.com/transform/26ca6ddd-420c-4f50-83cb-871476528ff8/FALKEN-SINCERA-SN250_Standard-png?size=500,ST,0,150.00,0.00,04/26/2026 4:06:30 PM,10,0,0,0,0,0,0,0,0,0,0,0,0,0,0
Falken,F28291543,SINCERA SN250 195/65R15 91H SL 25.08,28291543,https://assets.wheelpros.com/transform/26ca6ddd-420c-4f50-83cb-871476528ff8/FALKEN-SINCERA-SN250_Standard-png?size=500,ST,0,118.00,0.00,04/26/2026 4:06:30 PM,10,0,0,0,0,0,0,0,0,0,0,0,0,0,0
Falken,F28291552,SINCERA SN250 205/60R15 91H SL 24.8,28291552,https://assets.wheelpros.com/transform/26ca6ddd-420c-4f50-83cb-871476528ff8/FALKEN-SINCERA-SN250_Standard-png?size=500,ST,0,121.00,0.00,04/26/2026 4:06:30 PM,10,0,0,0,0,0,0,0,0,0,0,0,0,0,0
Falken,F28291553,SINCERA SN250 215/60R15 94H SL 25.28,28291553,https://assets.wheelpros.com/transform/26ca6ddd-420c-4f50-83cb-871476528ff8/FALKEN-SINCERA-SN250_Standard-png?size=500,ST,0,134.00,0.00,04/26/2026 4:06:30 PM,10,0,0,0,0,0,0,0,0,0,0,0,0,0,0
Falken,F28291662,SINCERA SN250 215/55R16 97H XL 25.31,28291662,https://assets.wheelpros.com/transform/26ca6ddd-420c-4f50-83cb-871476528ff8/FALKEN-SINCERA-SN250_Standard-png?size=500,ST,0,160.00,0.00,04/26/2026 4:06:30 PM,10,0,0,0,0,0,0,0,0,0,0,0,0,0,0
Falken,F28292099,SINCERA SN250 185/65R15 88H SL 24.53,28292099,https://assets.wheelpros.com/transform/26ca6ddd-420c-4f50-83cb-871476528ff8/FALKEN-SINCERA-SN250_Standard-png?size=500,ST,0,117.00,0.00,04/26/2026 4:06:30 PM,10,0,0,0,0,0,0,0,0,0,0,0,0,0,0
Falken,F28294475,SINCERA SN250 195/70R14 91T SL 24.88,28294475,https://assets.wheelpros.com/transform/26ca6ddd-420c-4f50-83cb-871476528ff8/FALKEN-SINCERA-SN250_Standard-png?size=500,ST,0,109.00,0.00,04/26/2026 4:06:30 PM,10,0,0,0,0,0,0,0,0,0,0,0,0,0,0
Falken,F28294483,SINCERA SN250 205/55R16 91T SL 24.92,28294483,https://assets.wheelpros.com/transform/26ca6ddd-420c-4f50-83cb-871476528ff8/FALKEN-SINCERA-SN250_Standard-png?size=500,SO,0,145.00,0.00,04/26/2026 4:06:30 PM,10,0,0,0,0,0,0,0,0,0,0,0,0,0,0
Falken,F28294543,SINCERA SN250 195/65R15 91T SL 25.08,28294543,https://assets.wheelpros.com/transform/26ca6ddd-420c-4f50-83cb-871476528ff8/FALKEN-SINCERA-SN250_Standard-png?size=500,ST,0,117.00,0.00,04/26/2026 4:06:30 PM,10,0,0,0,0,0,0,0,0,0,0,0,0,0,0
Falken,F28294959,SINCERA SN250 205/50R17 93V XL 25.1,28294959,https://assets.wheelpros.com/transform/26ca6ddd-420c-4f50-83cb-871476528ff8/FALKEN-SINCERA-SN250_Standard-png?size=500,SO,3,157.00,0.00,04/26/2026 4:06:30 PM,10,3,0,0,0,0,0,0,0,0,0,0,0,0,0
Falken,F28295334,SINCERA SN250 225/45R17 94V XL 25,28295334,https://assets.wheelpros.com/transform/26ca6ddd-420c-4f50-83cb-871476528ff8/FALKEN-SINCERA-SN250_Standard-png?size=500,SO,0,165.00,0.00,04/26/2026 4:06:30 PM,10,0,0,0,0,0,0,0,0,0,0,0,0,0,0
Falken,F28296783,SINCERA SN250 215/45R17 87V SL 24.7,28296783,https://assets.wheelpros.com/transform/26ca6ddd-420c-4f50-83cb-871476528ff8/FALKEN-SINCERA-SN250_Standard-png?size=500,SO,0,156.00,0.00,04/26/2026 4:06:30 PM,10,0,0,0,0,0,0,0,0,0,0,0,0,0,0
Falken,F28391310,AKLIMATE 185/65R15 88H SL 24.5,28391310,https://images.wheelpros.com/m500/mTIRE.png,NW,0,135.00,0.00,04/26/2026 4:06:30 PM,10,0,0,0,0,0,0,0,0,0,0,0,0,0,0
Falken,F28391864,AKLIMATE 195/65R15 91H SL 25.3,28391864,https://images.wheelpros.com/m500/mTIRE.png,NW,0,142.00,0.00,04/26/2026 4:06:30 PM,10,0,0,0,0,0,0,0,0,0,0,0,0,0,0
Falken,F28391962,AKLIMATE 195/60R15 88H SL 24.5,28391962,https://images.wheelpros.com/m500/mTIRE.png,NW,0,131.00,0.00,04/26/2026 4:06:30 PM,10,0,0,0,0,0,0,0,0,0,0,0,0,0,0
Falken,F28392234,AKLIMATE 205/55R16 91V SL 25.2,28392234,https://images.wheelpros.com/m500/mTIRE.png,NW,0,171.00,0.00,04/26/2026 4:06:30 PM,10,0,0,0,0,0,0,0,0,0,0,0,0,0,0
Falken,F28392286,AKLIMATE 205/50R17 93V XL 25.4,28392286,https://images.wheelpros.com/m500/mTIRE.png,NW,0,182.00,0.00,04/26/2026 4:06:30 PM,10,0,0,0,0,0,0,0,0,0,0,0,0,0,0
Falken,F28392435,AKLIMATE 225/40R18 92V XL 25.3,28392435,https://images.wheelpros.com/m500/mTIRE.png,NW,0,204.00,0.00,04/26/2026 4:06:30 PM,10,0,0,0,0,0,0,0,0,0,0,0,0,0,0
Falken,F28392801,AKLIMATE 215/45R17 87V SL 24.9,28392801,https://images.wheelpros.com/m500/mTIRE.png,NW,0,182.00,0.00,04/26/2026 4:06:30 PM,10,0,0,0,0,0,0,0,0,0,0,0,0,0,0
Falken,F28392863,AKLIMATE 195/55R16 87V SL 24.6,28392863,https://images.wheelpros.com/m500/mTIRE.png,NW,0,174.00,0.00,04/26/2026 4:06:30 PM,10,0,0,0,0,0,0,0,0,0,0,0,0,0,0
Falken,F28392996,AKLIMATE 225/45R17 94V XL 25.2,28392996,https://images.wheelpros.com/m500/mTIRE.png,NW,0,192.00,0.00,04/26/2026 4:06:30 PM,10,0,0,0,0,0,0,0,0,0,0,0,0,0,0
Falken,F28531437,AZENIS RT615K 215/45R17 87W SL 24.6,28531437,https://images.wheelpros.com/m500/mFA999.png,ST,0,219.00,0.00,04/26/2026 4:06:30 PM,10,0,0,0,0,0,0,0,0,0,0,0,0,0,0
Falken,F28537258,AZENIS RT615K 225/45R17 94W XL 25,28537258,https://images.wheelpros.com/m500/mFA999.png,ST,0,232.00,0.00,04/26/2026 4:06:30 PM,10,0,0,0,0,0,0,0,0,0,0,0,0,0,0
Falken,F28538003,AZENIS RT615K 255/40R17 94W SL 25,28538003,https://images.wheelpros.com/m500/mFA999.png,ST,0,245.00,0.00,04/26/2026 4:06:30 PM,10,0,0,0,0,0,0,0,0,0,0,0,0,0,0
Falken,F28538247,AZENIS RT615K 265/35R18 97W XL 25.39,28538247,https://images.wheelpros.com/m500/mFA999.png,ST,0,304.00,0.00,04/26/2026 4:06:30 PM,10,0,0,0,0,0,0,0,0,0,0,0,0,0,0
Falken,F28538495,AZENIS RT615K 225/50R16 92W SL 24.9,28538495,https://images.wheelpros.com/m500/mFA999.png,ST,0,230.00,0.00,04/26/2026 4:06:30 PM,10,0,0,0,0,0,0,0,0,0,0,0,0,0,0
Falken,F28539564,AZENIS RT615K 225/40R18 92W XL 25.1,28539564,https://images.wheelpros.com/m500/mFA999.png,ST,0,234.00,0.00,04/26/2026 4:06:30 PM,10,0,0,0,0,0,0,0,0,0,0,0,0,0,0
Falken,F28952672,ZIEX ZE950 225/50R16 96V XL 24.92,28952672,https://images.wheelpros.com/m500/mFT950.png,SO,0,156.00,0.00,04/26/2026 4:06:30 PM,10,0,0,0,0,0,0,0,0,0,0,0,0,0,0
Falken,F28953483,ZIEX ZE950 205/55R16 94W XL 24.88,28953483,https://images.wheelpros.com/m500/mFT950.png,SO,0,144.00,0.00,04/26/2026 4:06:30 PM,10,0,0,0,0,0,0,0,0,0,0,0,0,0,0
Falken,F28953770,ZIEX ZE950 205/50R17 93W XL 25.12,28953770,https://images.wheelpros.com/m500/mFT950.png,SO,0,159.00,0.00,04/26/2026 4:06:30 PM,10,0,0,0,0,0,0,0,0,0,0,0,0,0,0
Falken,F28953792,ZIEX ZE950 215/45R17 91W XL 24.65,28953792,https://images.wheelpros.com/m500/mFT950.png,SO,0,167.00,0.00,04/26/2026 4:06:30 PM,10,0,0,0,0,0,0,0,0,0,0,0,0,0,0
Falken,F28953795,ZIEX ZE950 225/45R17 94W XL 24.96,28953795,https://images.wheelpros.com/m500/mFT950.png,SO,0,166.00,0.00,04/26/2026 4:06:30 PM,10,0,0,0,0,0,0,0,0,0,0,0,0,0,0
Falken,F28953892,ZIEX ZE950 225/40R18 92W XL 25.08,28953892,https://images.wheelpros.com/m500/mFT950.png,SO,0,183.00,0.00,04/26/2026 4:06:30 PM,10,0,0,0,0,0,0,0,0,0,0,0,0,0,0
Falken,F28961543,ZIEX ZE960 195/65R15 91H SL 25,28961543,https://images.wheelpros.com/m500/mFTWPK.png,SO,0,126.00,0.00,04/26/2026 4:06:30 PM,10,0,0,0,0,0,0,0,0,0,0,0,0,0,0
Falken,F28962483,ZIEX ZE960 205/55R16 91V SL 24.8,28962483,https://images.wheelpros.com/m500/mFTWPK.png,SO,0,146.00,0.00,04/26/2026 4:06:30 PM,10,0,0,0,0,0,0,0,0,0,0,0,0,0,0
Falken,F28962662,ZIEX ZE960 215/55R16 97V XL 25.3,28962662,https://images.wheelpros.com/m500/mFTWPK.png,SO,0,147.00,0.00,04/26/2026 4:06:30 PM,10,0,0,0,0,0,0,0,0,0,0,0,0,0,0
Falken,F28962770,ZIEX ZE960 205/50R17 93V XL 25.1,28962770,https://images.wheelpros.com/m500/mFTWPK.png,SO,0,153.00,0.00,04/26/2026 4:06:30 PM,10,0,0,0,0,0,0,0,0,0,0,0,0,0,0
Falken,F28962792,ZIEX ZE960 215/45R17 91V XL 24.7,28962792,https://images.wheelpros.com/m500/mFTWPK.png,SO,4,153.00,0.00,04/26/2026 4:06:30 PM,10,0,0,0,0,0,0,0,0,0,0,0,0,0,4
Falken,F28962794,ZIEX ZE960 235/45R17 97V XL 25.4,28962794,https://images.wheelpros.com/m500/mFTWPK.png,SO,1,162.00,0.00,04/26/2026 4:06:30 PM,10,1,0,0,0,0,0,0,0,0,0,0,0,0,0
Falken,F28963785,ZIEX ZE960 245/40R17 95W XL 24.7,28963785,https://images.wheelpros.com/m500/mFTWPK.png,SO,0,195.00,0.00,04/26/2026 4:06:30 PM,10,0,0,0,0,0,0,0,0,0,0,0,0,0,0
Falken,F28963795,ZIEX ZE960 225/45R17 94W XL 25,28963795,https://images.wheelpros.com/m500/mFTWPK.png,SO,0,155.00,0.00,04/26/2026 4:06:30 PM,10,0,0,0,0,0,0,0,0,0,0,0,0,0,0
Falken,F28963891,ZIEX ZE960 215/40R18 89W XL 24.8,28963891,https://images.wheelpros.com/m500/mFTWPK.png,SO,0,195.00,0.00,04/26/2026 4:06:30 PM,10,0,0,0,0,0,0,0,0,0,0,0,0,0,0
Falken,F28963892,ZIEX ZE960 225/40R18 92W XL 25.1,28963892,https://images.wheelpros.com/m500/mFTWPK.png,SO,0,180.00,0.00,04/26/2026 4:06:30 PM,10,0,0,0,0,0,0,0,0,0,0,0,0,0,0
Falken,F28963893,ZIEX ZE960 235/40R18 95W XL 25.4,28963893,https://images.wheelpros.com/m500/mFTWPK.png,SO,0,195.00,0.00,04/26/2026 4:06:30 PM,10,0,0,0,0,0,0,0,0,0,0,0,0,0,0
OHTSU,F30421513,FP7000 195/65-15 91H 25,,https://images.wheelpros.com/m500/mFP700.png,SO,0,124.00,0.00,04/26/2026 4:06:30 PM,10,0,0,0,0,0,0,0,0,0,0,0,0,0,0
OHTSU,F30421521,FP7000 205/60-15 91H 24.5,,https://images.wheelpros.com/m500/mFP700.png,SO,0,123.00,0.00,04/26/2026 4:06:30 PM,10,0,0,0,0,0,0,0,0,0,0,0,0,0,0
OHTSU,F30421522,FP7000 215/60-15 94H 25.3,,https://images.wheelpros.com/m500/mFP700.png,SO,0,143.00,0.00,04/26/2026 4:06:30 PM,10,0,0,0,0,0,0,0,0,0,0,0,0,0,0
OHTSU,F30421524,FP7000 205/65-15 94H 25.2,,https://images.wheelpros.com/m500/mFP700.png,SO,0,133.00,0.00,04/26/2026 4:06:30 PM,10,0,0,0,0,0,0,0,0,0,0,0,0,0,0
OHTSU,F30422622,FP7000 205/55-16 91V 24.8,,https://images.wheelpros.com/m500/mFP700.png,SO,0,134.00,0.00,04/26/2026 4:06:30 PM,10,0,0,0,0,0,0,0,0,0,0,0,0,0,0
OHTSU,F30422623,FP7000 215/55-16 93V 25.3,,https://images.wheelpros.com/m500/mFP700.png,SO,0,150.00,0.00,04/26/2026 4:06:30 PM,10,0,0,0,0,0,0,0,0,0,0,0,0,0,0
OHTSU,F30422627,FP7000 225/50-16 92H 24.7,,https://images.wheelpros.com/m500/mFP700.png,SO,0,154.00,0.00,04/26/2026 4:06:30 PM,10,0,0,0,0,0,0,0,0,0,0,0,0,0,0
OHTSU,F30422722,FP7000 215/50-17 91V 25.4,,https://images.wheelpros.com/m500/mFP700.png,SO,0,156.00,0.00,04/26/2026 4:06:30 PM,10,0,0,0,0,0,0,0,0,0,0,0,0,0,0
OHTSU,F30422893,FP7000 235/40-18 95V 25.45,,https://images.wheelpros.com/m500/mFP700.png,SO,0,174.00,0.00,04/26/2026 4:06:30 PM,10,0,0,0,0,0,0,0,0,0,0,0,0,0,0
OHTSU,F30424701,FP7000 215/45-17 87W 24.6,,https://images.wheelpros.com/m500/mFP700.png,SO,0,145.00,0.00,04/26/2026 4:06:30 PM,10,0,0,0,0,0,0,0,0,0,0,0,0,0,0
OHTSU,F30424702,FP7000 225/45-17 94W 25,,https://images.wheelpros.com/m500/mFP700.png,SO,0,147.00,0.00,04/26/2026 4:06:30 PM,10,0,0,0,0,0,0,0,0,0,0,0,0,0,0
OHTSU,F30424710,FP7000 205/50-17 93W 25.1,,https://images.wheelpros.com/m500/mFP700.png,SO,0,148.00,0.00,04/26/2026 4:06:30 PM,10,0,0,0,0,0,0,0,0,0,0,0,0,0,0
OHTSU,F30424803,FP7000 225/40-18 92W 25.1,,https://images.wheelpros.com/m500/mFP700.png,SO,0,151.00,0.00,04/26/2026 4:06:30 PM,10,0,0,0,0,0,0,0,0,0,0,0,0,0,0
OHTSU,F30483892,FP8000 225/40-18 92W 25.03,,https://images.wheelpros.com/m500/mFP800.png,SO,0,186.00,0.00,04/26/2026 4:06:30 PM,10,0,0,0,0,0,0,0,0,0,0,0,0,0,0
OHTSU,F30483896,FP8000 255/35-18 94W 24.94,,https://images.wheelpros.com/m500/mFP800.png,SO,0,235.00,0.00,04/26/2026 4:06:30 PM,10,0,0,0,0,0,0,0,0,0,0,0,0,0,0
OHTSU,F30483905,FP8000 265/30-19 93W 25.4,,https://images.wheelpros.com/m500/mFP800.png,SO,0,245.00,0.00,04/26/2026 4:06:30 PM,10,0,0,0,0,0,0,0,0,0,0,0,0,0,0
OHTSU,F30483909,FP8000 225/35-19 88W 25.32,,https://images.wheelpros.com/m500/mFP800.png,SO,0,207.00,0.00,04/26/2026 4:06:30 PM,10,0,0,0,0,0,0,0,0,0,0,0,0,0,0
Milestar,M24077031,MS932 SPORT 225/40R18 92W XL 25.1,24077031,https://assets.wheelpros.com/transform/a00236d0-9e1c-47be-85e7-72d53fb2a029/MILESTAR-MS932-SPORT_STANDARD-png?size=500,ST,0,64.00,0.00,04/26/2026 4:06:30 PM,10,0,0,0,0,0,0,0,0,0,0,0,0,0,0
Milestar,M24077033,INTERCEPT AS810 225/40ZR18 92Y XL 25.1,24077033,,ST,0,70.00,0.00,04/26/2026 4:06:30 PM,10,0,0,0,0,0,0,0,0,0,0,0,0,0,0
Milestar,M24080028,MS932 SPORT 235/40R18 95W XL 25.4,24080028,https://assets.wheelpros.com/transform/a00236d0-9e1c-47be-85e7-72d53fb2a029/MILESTAR-MS932-SPORT_STANDARD-png?size=500,ST,0,68.00,0.00,04/26/2026 4:06:30 PM,10,0,0,0,0,0,0,0,0,0,0,0,0,0,0
Milestar,M24080030,INTERCEPT AS810 235/40ZR18 95Y XL 25.4,24080030,,ST,0,71.00,0.00,04/26/2026 4:06:30 PM,10,0,0,0,0,0,0,0,0,0,0,0,0,0,0
Milestar,M24385018,INTERCEPT AS810 205/50ZR17 93W XL 25.1,24385018,,ST,0,61.00,0.00,04/26/2026 4:06:30 PM,10,0,0,0,0,0,0,0,0,0,0,0,0,0,0
Milestar,M24645025,STREETSTEEL P215/60R15 93T SL 25.2,24645025,,ST,0,79.00,0.00,04/26/2026 4:06:30 PM,10,0,0,0,0,0,0,0,0,0,0,0,0,0,0
Milestar,M24715005,MS775 TOURING SLE P185/75R14 89S SL 25,24715005,,ST,0,49.00,0.00,04/26/2026 4:06:30 PM,10,0,0,0,0,0,0,0,0,0,0,0,0,0,0
Milestar,M24975026,MS932 SPORT 215/45R17 91W XL 24.6,24975026,https://assets.wheelpros.com/transform/a00236d0-9e1c-47be-85e7-72d53fb2a029/MILESTAR-MS932-SPORT_STANDARD-png?size=500,ST,0,54.00,0.00,04/26/2026 4:06:30 PM,10,0,0,0,0,0,0,0,0,0,0,0,0,0,0
Milestar,M24975028,INTERCEPT AS810 215/45ZR17 91W XL 24.6,24975028,,ST,0,57.00,0.00,04/26/2026 4:06:30 PM,10,0,0,0,0,0,0,0,0,0,0,0,0,0,0
Milestar,M24977040,MS932 SPORT 225/45R17 94W XL 25,24977040,https://assets.wheelpros.com/transform/a00236d0-9e1c-47be-85e7-72d53fb2a029/MILESTAR-MS932-SPORT_STANDARD-png?size=500,ST,0,55.00,0.00,04/26/2026 4:06:30 PM,10,0,0,0,0,0,0,0,0,0,0,0,0,0,0
Milestar,M24977042,INTERCEPT AS810 225/45ZR17 94Y XL 25,24977042,,ST,0,58.00,0.00,04/26/2026 4:06:30 PM,10,0,0,0,0,0,0,0,0,0,0,0,0,0,0
Milestar,M24980027,MS932 SPORT 235/45R17 97W XL 25.4,24980027,https://assets.wheelpros.com/transform/a00236d0-9e1c-47be-85e7-72d53fb2a029/MILESTAR-MS932-SPORT_STANDARD-png?size=500,ST,0,66.00,0.00,04/26/2026 4:06:30 PM,10,0,0,0,0,0,0,0,0,0,0,0,0,0,0
EFX,MF-25-10-12,MOTOFORCE 25X10-12 75NHS 25,MF-25-10-12,https://assets.wheelpros.com/transform/39640333-f493-4aca-a4fa-03727ed86bd5/EFX-MOTOFORCE-MF-26-10-14-A1-png?size=500,ST,41,177.00,177.00,04/26/2026 4:06:30 PM,20,12,0,13,0,16,0,0,0,0,0,0,0,0,0
EFX,MF-25-8-12,MOTOFORCE 25X8-12 68NHS 25,MF-25-8-12,https://assets.wheelpros.com/transform/39640333-f493-4aca-a4fa-03727ed86bd5/EFX-MOTOFORCE-MF-26-10-14-A1-png?size=500,ST,33,153.00,153.00,04/26/2026 4:06:30 PM,20,16,0,12,0,5,0,0,0,0,0,0,0,0,0
Mickey Thompson Tire,MTT365078020,ET FRONT 25.0/4.5-15 25,90000000815,https://images.wheelpros.com/m500/mMTETTB.png,ST,0,312.00,0.00,04/26/2026 4:06:30 PM,10,0,0,0,0,0,0,0,0,0,0,0,0,0,0
Mickey Thompson Tire,MTT90000000815,ET FRONT 25.0/4.5-15 25,90000000815,https://images.wheelpros.com/m500/mMTETTB.png,ST,0,279.00,278.57,04/26/2026 4:06:30 PM,10,0,0,0,0,0,0,0,0,0,0,0,0,0,0
Nitto,N185-060,NEO GEN 215/45ZR17 91W XL 24.7,185060,https://images.wheelpros.com/m500/mNTNEO.png,ST,4,210.00,0.00,04/26/2026 4:06:30 PM,10,0,4,0,0,0,0,0,0,0,0,0,0,0,0
Nitto,N185-070,NEO GEN 225/45ZR17 94W XL 25,185070,https://images.wheelpros.com/m500/mNTNEO.png,ST,4,214.00,0.00,04/26/2026 4:06:30 PM,10,0,0,4,0,0,0,0,0,0,0,0,0,0,0
Nitto,N185-090,NEO GEN 205/40ZR18 86W XL 24.5,185090,https://images.wheelpros.com/m500/mNTNEO.png,ST,4,263.00,0.00,04/26/2026 4:06:30 PM,10,0,0,0,0,0,0,0,0,0,0,0,0,0,4
Nitto,N185-110,NEO GEN 215/40ZR18 89W XL 24.7,185110,https://images.wheelpros.com/m500/mNTNEO.png,ST,4,268.00,0.00,04/26/2026 4:06:30 PM,10,0,4,0,0,0,0,0,0,0,0,0,0,0,0
Nitto,N185-130,NEO GEN 225/40ZR18 92W XL 25.1,185130,https://images.wheelpros.com/m500/mNTNEO.png,ST,7,245.00,0.00,04/26/2026 4:06:30 PM,10,0,0,7,0,0,0,0,0,0,0,0,0,0,0
Nitto,N185-140,NEO GEN 215/35ZR19 85W XL 24.8,185140,https://images.wheelpros.com/m500/mNTNEO.png,ST,0,267.00,0.00,04/26/2026 4:06:30 PM,10,0,0,0,0,0,0,0,0,0,0,0,0,0,0
Nitto,N185-170,NEO GEN 225/30ZR20 85W XL 25.3,185170,https://images.wheelpros.com/m500/mNTNEO.png,ST,0,280.00,0.00,04/26/2026 4:06:30 PM,10,0,0,0,0,0,0,0,0,0,0,0,0,0,0
Nitto,N185-230,NEO GEN 235/40ZR18 95W XL 25.4,185230,https://images.wheelpros.com/m500/mNTNEO.png,ST,8,262.00,0.00,04/26/2026 4:06:30 PM,10,0,4,4,0,0,0,0,0,0,0,0,0,0,0
Nitto,N202-900,INVO 225/45R17 91W SL 24.9,202900,https://assets.wheelpros.com/transform/8bb15b84-23d7-430a-ad89-20567eed78e2/Nitto-Invo_Standard-png?size=500,ST,4,269.00,0.00,04/26/2026 4:06:30 PM,10,0,0,0,0,0,0,0,0,0,0,0,0,4,0
Nitto,N202-940,INVO 225/40R18 92W XL 25,202940,https://assets.wheelpros.com/transform/8bb15b84-23d7-430a-ad89-20567eed78e2/Nitto-Invo_Standard-png?size=500,ST,0,298.00,0.00,04/26/2026 4:06:30 PM,10,0,0,0,0,0,0,0,0,0,0,0,0,0,0
Nitto,N202-950,INVO 235/40R18 91W SL 25.3,202950,https://assets.wheelpros.com/transform/8bb15b84-23d7-430a-ad89-20567eed78e2/Nitto-Invo_Standard-png?size=500,ST,5,341.00,0.00,04/26/2026 4:06:30 PM,10,0,0,0,0,0,0,0,0,0,0,0,0,4,1
Nitto,N203-320,INVO 255/35R18 94W XL 24.9,203320,https://assets.wheelpros.com/transform/8bb15b84-23d7-430a-ad89-20567eed78e2/Nitto-Invo_Standard-png?size=500,ST,0,410.00,0.00,04/26/2026 4:06:30 PM,10,0,0,0,0,0,0,0,0,0,0,0,0,0,0
Nitto,N203-460,INVO 235/35ZR19 91Y XL 25.4,203460,https://assets.wheelpros.com/transform/8bb15b84-23d7-430a-ad89-20567eed78e2/Nitto-Invo_Standard-png?size=500,ST,0,395.00,0.00,04/26/2026 4:06:30 PM,10,0,0,0,0,0,0,0,0,0,0,0,0,0,0
Nitto,N203-500,INVO 315/25ZR19 98Y XL 25.2,203500,https://assets.wheelpros.com/transform/8bb15b84-23d7-430a-ad89-20567eed78e2/Nitto-Invo_Standard-png?size=500,ST,0,783.00,0.00,04/26/2026 4:06:30 PM,10,0,0,0,0,0,0,0,0,0,0,0,0,0,0
Nitto,N203-610,INVO 265/35R18 97W XL 25.2,203610,https://assets.wheelpros.com/transform/8bb15b84-23d7-430a-ad89-20567eed78e2/Nitto-Invo_Standard-png?size=500,ST,0,426.00,0.00,04/26/2026 4:06:30 PM,10,0,0,0,0,0,0,0,0,0,0,0,0,0,0
Nitto,N203-650,INVO 265/30ZR19 93W XL 25.3,203650,https://assets.wheelpros.com/transform/8bb15b84-23d7-430a-ad89-20567eed78e2/Nitto-Invo_Standard-png?size=500,ST,0,486.00,0.00,04/26/2026 4:06:30 PM,10,0,0,0,0,0,0,0,0,0,0,0,0,0,0
Nitto,N203-670,INVO 275/25ZR20 91Y XL 25.3,203670,https://assets.wheelpros.com/transform/8bb15b84-23d7-430a-ad89-20567eed78e2/Nitto-Invo_Standard-png?size=500,ST,0,533.00,0.00,04/26/2026 4:06:30 PM,10,0,0,0,0,0,0,0,0,0,0,0,0,0,0
Nitto,N203-720,INVO 225/35R19 88Y XL 25.3,203720,https://assets.wheelpros.com/transform/8bb15b84-23d7-430a-ad89-20567eed78e2/Nitto-Invo_Standard-png?size=500,ST,0,392.00,0.00,04/26/2026 4:06:30 PM,10,0,0,0,0,0,0,0,0,0,0,0,0,0,0
Nitto,N203-730,INVO 255/30R19 91Y XL 25.1,203730,https://assets.wheelpros.com/transform/8bb15b84-23d7-430a-ad89-20567eed78e2/Nitto-Invo_Standard-png?size=500,ST,0,477.00,0.00,04/26/2026 4:06:30 PM,10,0,0,0,0,0,0,0,0,0,0,0,0,0,0
Nitto,N203-830,INVO 245/40ZR17 95Y XL 24.7,203830,https://assets.wheelpros.com/transform/8bb15b84-23d7-430a-ad89-20567eed78e2/Nitto-Invo_Standard-png?size=500,ST,0,294.00,0.00,04/26/2026 4:06:30 PM,10,0,0,0,0,0,0,0,0,0,0,0,0,0,0
Nitto,N204-120,NTSN2 225/45-17 91T 24.97,204120,https://images.wheelpros.com/m500/mNTSN2.png,SO,0,175.00,0.00,04/26/2026 4:06:30 PM,10,0,0,0,0,0,0,0,0,0,0,0,0,0,0
Nitto,N204-130,NTSN2 215/50-17 91T 25.46,204130,https://images.wheelpros.com/m500/mNTSN2.png,SO,0,159.00,0.00,04/26/2026 4:06:30 PM,10,0,0,0,0,0,0,0,0,0,0,0,0,0,0
Nitto,N204-190,NTSN2 195/65-15 91T 24.98,204190,https://images.wheelpros.com/m500/mNTSN2.png,SO,0,99.00,0.00,04/26/2026 4:06:30 PM,10,0,0,0,0,0,0,0,0,0,0,0,0,0,0
Nitto,N204-210,NTSN2 205/55-16 91T 24.88,204210,https://images.wheelpros.com/m500/mNTSN2.png,SO,0,126.00,0.00,04/26/2026 4:06:30 PM,10,0,0,0,0,0,0,0,0,0,0,0,0,0,0
Nitto,N204-330,NTSN2 205/50-17 93T 25.07,204330,https://images.wheelpros.com/m500/mNTSN2.png,SO,0,149.00,0.00,04/26/2026 4:06:30 PM,10,0,0,0,0,0,0,0,0,0,0,0,0,0,0
Nitto,N204-360,NTSN2 205/60-15 91T 24.69,204360,https://images.wheelpros.com/m500/mNTSN2.png,SO,0,106.00,0.00,04/26/2026 4:06:30 PM,10,0,0,0,0,0,0,0,0,0,0,0,0,0,0
Nitto,N204-370,NTSN2 205/65-15 94T 25.49,204370,https://images.wheelpros.com/m500/mNTSN2.png,SO,0,106.00,0.00,04/26/2026 4:06:30 PM,10,0,0,0,0,0,0,0,0,0,0,0,0,0,0
Nitto,N207-060,NT05 265/35R18 97W XL 25.3,207060,https://assets.wheelpros.com/transform/c954c748-4606-49f4-bebf-e1d38fe0ebb7/Nitto-NT05_Standard-png?size=500,ST,4,446.00,0.00,04/26/2026 4:06:30 PM,10,0,2,0,0,0,0,0,0,0,0,0,0,2,0
Nitto,N207-080,NT05 235/35ZR19 91W XL 25.4,207080,https://assets.wheelpros.com/transform/c954c748-4606-49f4-bebf-e1d38fe0ebb7/Nitto-NT05_Standard-png?size=500,ST,4,392.00,0.00,04/26/2026 4:06:30 PM,10,2,0,2,0,0,0,0,0,0,0,0,0,0,0
Nitto,N207-130,NT05 255/40ZR17 98W XL 25,207130,https://assets.wheelpros.com/transform/c954c748-4606-49f4-bebf-e1d38fe0ebb7/Nitto-NT05_Standard-png?size=500,ST,0,306.00,0.00,04/26/2026 4:06:30 PM,10,0,0,0,0,0,0,0,0,0,0,0,0,0,0
Nitto,N207-160,NT05 235/40R18 95W XL 25.4,207160,https://assets.wheelpros.com/transform/c954c748-4606-49f4-bebf-e1d38fe0ebb7/Nitto-NT05_Standard-png?size=500,ST,0,322.00,0.00,04/26/2026 4:06:30 PM,10,0,0,0,0,0,0,0,0,0,0,0,0,0,0
Nitto,N207-240,NT05 225/40R18 92W XL 25,207240,https://assets.wheelpros.com/transform/c954c748-4606-49f4-bebf-e1d38fe0ebb7/Nitto-NT05_Standard-png?size=500,ST,8,299.00,0.00,04/26/2026 4:06:30 PM,10,0,4,4,0,0,0,0,0,0,0,0,0,0,0
Nitto,N207-330,NT05 235/45R17 97W XL 25.3,207330,https://assets.wheelpros.com/transform/c954c748-4606-49f4-bebf-e1d38fe0ebb7/Nitto-NT05_Standard-png?size=500,ST,10,277.00,0.00,04/26/2026 4:06:30 PM,10,0,4,4,0,0,0,0,0,0,0,0,0,2,0
Nitto,N207-340,NT05 255/35ZR18 94W XL 25,207340,https://assets.wheelpros.com/transform/c954c748-4606-49f4-bebf-e1d38fe0ebb7/Nitto-NT05_Standard-png?size=500,ST,6,416.00,0.00,04/26/2026 4:06:30 PM,10,0,2,0,0,0,0,0,0,0,0,0,0,4,0
Nitto,N207-360,NT05 225/45R17 94W XL 24.9,207360,https://assets.wheelpros.com/transform/c954c748-4606-49f4-bebf-e1d38fe0ebb7/Nitto-NT05_Standard-png?size=500,ST,4,269.00,0.00,04/26/2026 4:06:30 PM,10,0,0,0,0,0,0,0,0,0,0,0,0,4,0
Nitto,N208-060,SN3 205/55R16 94H 24.9,208060,https://images.wheelpros.com/m500/mNTSN3.png,SO,32,197.00,0.00,04/26/2026 4:06:30 PM,10,0,0,0,0,0,0,0,0,0,0,0,0,16,16
Nitto,N208-100,SN3 195/65R15 91H 25,208100,https://images.wheelpros.com/m500/mNTSN3.png,SO,18,157.00,0.00,04/26/2026 4:06:30 PM,10,0,0,0,0,0,0,0,0,0,0,0,0,2,16
Nitto,N208-170,SN3 205/50R17 93H 25.1,208170,https://images.wheelpros.com/m500/mNTSN3.png,SO,0,218.00,0.00,04/26/2026 4:06:30 PM,10,0,0,0,0,0,0,0,0,0,0,0,0,0,0
Nitto,N208-270,SN3 215/55R16 97H 25.3,208270,https://images.wheelpros.com/m500/mNTSN3.png,SO,8,206.00,0.00,04/26/2026 4:06:30 PM,10,0,0,0,0,0,0,0,0,0,0,0,0,0,8
Nitto,N208-430,SN3 225/45R17 94H 25,208430,https://images.wheelpros.com/m500/mNTSN3.png,SO,11,253.00,0.00,04/26/2026 4:06:30 PM,10,0,0,0,0,0,0,0,0,0,0,0,0,0,11
Nitto,N209-970,MOTIVO 205/55R16 94V 24.9,209970,https://images.wheelpros.com/m500/mNTMV.png,SO,0,185.00,0.00,04/26/2026 4:06:30 PM,10,0,0,0,0,0,0,0,0,0,0,0,0,0,0
Nitto,N210-000,MOTIVO 205/50ZR17 93W XL 25.1,210000,https://images.wheelpros.com/m500/mNTMV.png,N2,8,214.00,0.00,04/26/2026 4:06:30 PM,10,0,0,0,0,0,0,0,0,0,0,0,0,8,0
Nitto,N210-010,MOTIVO 215/50ZR17 95W XL 25.4,210010,https://images.wheelpros.com/m500/mNTMV.png,N2,0,219.00,0.00,04/26/2026 4:06:30 PM,10,0,0,0,0,0,0,0,0,0,0,0,0,0,0
Nitto,N210-030,MOTIVO 215/45ZR17 91W XL 24.6,210030,https://images.wheelpros.com/m500/mNTMV.png,N2,1,204.00,0.00,04/26/2026 4:06:30 PM,10,0,0,0,0,0,0,0,0,0,0,0,0,1,0
Nitto,N210-040,MOTIVO 235/45ZR17 97W XL 25.3,210040,https://images.wheelpros.com/m500/mNTMV.png,N2,0,226.00,0.00,04/26/2026 4:06:30 PM,10,0,0,0,0,0,0,0,0,0,0,0,0,0,0
Nitto,N210-060,MOTIVO 225/40ZR18 92W XL 25.1,210060,https://images.wheelpros.com/m500/mNTMV.png,N2,0,254.00,0.00,04/26/2026 4:06:30 PM,10,0,0,0,0,0,0,0,0,0,0,0,0,0,0
Nitto,N210-100,MOTIVO 245/40ZR17 95W XL 24.7,210100,https://images.wheelpros.com/m500/mNTMV.png,N2,0,252.00,0.00,04/26/2026 4:06:30 PM,10,0,0,0,0,0,0,0,0,0,0,0,0,0,0
Nitto,N210-110,MOTIVO 255/40ZR17 98W XL 25,210110,https://images.wheelpros.com/m500/mNTMV.png,N2,4,254.00,0.00,04/26/2026 4:06:30 PM,10,0,0,0,1,0,0,1,2,0,0,0,0,0,0
Nitto,N210-180,MOTIVO 255/35ZR18 94W XL 25,210180,https://images.wheelpros.com/m500/mNTMV.png,N2,1,351.00,0.00,04/26/2026 4:06:30 PM,10,0,0,0,0,0,0,0,0,0,0,0,0,0,1
Nitto,N211-180,NT555 G2 225/40ZR18 92W XL 25,211180,https://assets.wheelpros.com/transform/1b3cc3ae-132f-4a50-b2f7-7a1d5efc78c0/Nitto-NT555-G2_Standard-png?size=500,ST,10,270.00,0.00,04/26/2026 4:06:30 PM,10,0,4,0,0,0,0,0,0,0,0,0,0,0,6
Nitto,N211-240,NT555 G2 225/45ZR17 94W XL 24.9,211240,https://assets.wheelpros.com/transform/1b3cc3ae-132f-4a50-b2f7-7a1d5efc78c0/Nitto-NT555-G2_Standard-png?size=500,ST,23,253.00,0.00,04/26/2026 4:06:30 PM,10,4,2,12,0,4,0,1,0,0,0,0,0,0,0
Nitto,N211-280,NT555 G2 255/35ZR18 94W XL 25,211280,https://assets.wheelpros.com/transform/1b3cc3ae-132f-4a50-b2f7-7a1d5efc78c0/Nitto-NT555-G2_Standard-png?size=500,ST,4,378.00,0.00,04/26/2026 4:06:30 PM,10,2,2,0,0,0,0,0,0,0,0,0,0,0,0
Nitto,N211-350,NT555 G2 265/35ZR18 97W XL 25.3,211350,https://assets.wheelpros.com/transform/1b3cc3ae-132f-4a50-b2f7-7a1d5efc78c0/Nitto-NT555-G2_Standard-png?size=500,ST,2,392.00,0.00,04/26/2026 4:06:30 PM,10,0,0,0,0,0,0,0,0,0,0,0,0,2,0
Nitto,N211-370,NT555 G2 235/45ZR17 97W XL 25.3,211370,https://assets.wheelpros.com/transform/1b3cc3ae-132f-4a50-b2f7-7a1d5efc78c0/Nitto-NT555-G2_Standard-png?size=500,ST,16,262.00,0.00,04/26/2026 4:06:30 PM,10,10,0,0,0,2,0,2,0,0,0,0,0,0,2
Nitto,N211-390,NT555 G2 255/40ZR17 98W XL 25,211390,https://assets.wheelpros.com/transform/1b3cc3ae-132f-4a50-b2f7-7a1d5efc78c0/Nitto-NT555-G2_Standard-png?size=500,ST,8,292.00,0.00,04/26/2026 4:06:30 PM,10,6,2,0,0,0,0,0,0,0,0,0,0,0,0
Nitto,N211-410,NT555 G2 235/40ZR18 95W XL 25.3,211410,https://assets.wheelpros.com/transform/1b3cc3ae-132f-4a50-b2f7-7a1d5efc78c0/Nitto-NT555-G2_Standard-png?size=500,ST,18,280.00,0.00,04/26/2026 4:06:30 PM,10,2,0,11,0,0,0,4,0,0,0,0,0,0,1
Nitto,N211-730,NT555 G2 235/35ZR19 91W XL 25.4,211730,https://assets.wheelpros.com/transform/1b3cc3ae-132f-4a50-b2f7-7a1d5efc78c0/Nitto-NT555-G2_Standard-png?size=500,ST,16,378.00,0.00,04/26/2026 4:06:30 PM,10,8,4,0,0,0,0,2,0,0,0,0,0,2,0
Nitto,N261-230,MOTIVO 365 205/50R17 93W XL 25.12,261230,https://assets.wheelpros.com/transform/f90000ba-70b3-40f7-99fe-4ab4bbcd47df/NITTO-MOTIVO-356-A1-png?size=500,NW,14,243.00,0.00,04/26/2026 4:06:30 PM,10,12,0,0,0,0,0,0,0,0,0,0,0,2,0
Nitto,N261-260,MOTIVO 365 215/45R17XL 91W 24.65,261260,https://assets.wheelpros.com/transform/f90000ba-70b3-40f7-99fe-4ab4bbcd47df/NITTO-MOTIVO-356-A1-png?size=500,ST,2,254.00,0.00,04/26/2026 4:06:30 PM,10,0,0,0,0,0,0,0,0,0,0,0,0,2,0
Nitto,N261-320,MOTIVO 365 225/40R18 92W XL 25.08,261320,https://assets.wheelpros.com/transform/f90000ba-70b3-40f7-99fe-4ab4bbcd47df/NITTO-MOTIVO-356-A1-png?size=500,NW,5,294.00,0.00,04/26/2026 4:06:30 PM,10,0,4,0,0,0,0,0,1,0,0,0,0,0,0
Nitto,N261-430,MOTIVO 365 225/45R17 94W XL 24.96,261430,https://assets.wheelpros.com/transform/f90000ba-70b3-40f7-99fe-4ab4bbcd47df/NITTO-MOTIVO-356-A1-png?size=500,NW,20,269.00,0.00,04/26/2026 4:06:30 PM,10,12,4,0,0,0,0,0,0,0,0,0,0,4,0
Nitto,N261-440,MOTIVO 365 235/40R18 95W 25.4,261440,https://assets.wheelpros.com/transform/f90000ba-70b3-40f7-99fe-4ab4bbcd47df/NITTO-MOTIVO-356-A1-png?size=500,NW,12,320.00,0.00,04/26/2026 4:06:30 PM,10,0,4,0,0,0,0,0,0,0,0,0,0,8,0
Nitto,N261-460,MOTIVO 365 235/45R17 97W XL 25.35,261460,https://assets.wheelpros.com/transform/f90000ba-70b3-40f7-99fe-4ab4bbcd47df/NITTO-MOTIVO-356-A1-png?size=500,NW,16,284.00,0.00,04/26/2026 4:06:30 PM,10,8,0,0,0,0,0,0,4,0,0,0,0,4,0
Nitto,N261-550,MOTIVO 365 235/35R19 91W XL 25.47,261550,https://assets.wheelpros.com/transform/f90000ba-70b3-40f7-99fe-4ab4bbcd47df/NITTO-MOTIVO-356-A1-png?size=500,ST,4,355.00,0.00,04/26/2026 4:06:30 PM,10,0,0,0,0,0,0,0,4,0,0,0,0,0,0
Nitto,N261-650,MOTIVO 365 255/35R18 94W XL 25,261650,https://assets.wheelpros.com/transform/f90000ba-70b3-40f7-99fe-4ab4bbcd47df/NITTO-MOTIVO-356-A1-png?size=500,NW,12,356.00,0.00,04/26/2026 4:06:30 PM,10,8,0,0,2,0,0,0,0,0,0,0,0,2,0
Nitto,N261-690,MOTIVO 365 255/40R17 98W XL 25.04,261690,https://assets.wheelpros.com/transform/f90000ba-70b3-40f7-99fe-4ab4bbcd47df/NITTO-MOTIVO-356-A1-png?size=500,ST,2,302.00,0.00,04/26/2026 4:06:30 PM,10,0,0,0,0,0,0,0,0,0,0,0,0,2,0
Nitto,N261-710,MOTIVO 365 245/40R17 95W XL 24.72,261710,https://assets.wheelpros.com/transform/f90000ba-70b3-40f7-99fe-4ab4bbcd47df/NITTO-MOTIVO-356-A1-png?size=500,NW,2,297.00,0.00,04/26/2026 4:06:30 PM,10,0,0,0,0,0,0,0,0,0,0,0,0,2,0
Nitto,N371-000,NT01 315/30ZR18 98W SL 25.3,371000,https://images.wheelpros.com/m500/mNT01.png,ST,14,648.00,0.00,04/26/2026 4:06:30 PM,10,0,0,8,0,0,0,0,0,0,0,0,0,6,0
Nitto,N371-060,NT01 225/45ZR17 91W SL 24.8,371060,https://images.wheelpros.com/m500/mNT01.png,ST,2,364.00,0.00,04/26/2026 4:06:30 PM,10,2,0,0,0,0,0,0,0,0,0,0,0,0,0
Nitto,N371-070,NT01 245/50ZR16 97V SL 25.4,371070,https://images.wheelpros.com/m500/mNT01.png,ST,4,381.00,0.00,04/26/2026 4:06:30 PM,10,0,0,4,0,0,0,0,0,0,0,0,0,0,0
Nitto,N371-110,NT01 225/40ZR18 88W SL 25,371110,https://images.wheelpros.com/m500/mNT01.png,ST,0,416.00,0.00,04/26/2026 4:06:30 PM,10,0,0,0,0,0,0,0,0,0,0,0,0,0,0
Nitto,N371-120,NT01 235/40ZR18 91W SL 25.3,371120,https://images.wheelpros.com/m500/mNT01.png,ST,5,447.00,0.00,04/26/2026 4:06:30 PM,10,0,0,1,0,0,0,0,0,0,0,0,0,4,0
Nitto,N371-150,NT01 255/40ZR17 94W SL 24.9,371150,https://images.wheelpros.com/m500/mNT01.png,ST,27,378.00,0.00,04/26/2026 4:06:30 PM,10,0,0,8,0,0,0,0,0,0,0,0,0,16,3
Nitto,N371-170,NT01 215/45ZR17 87W SL 24.6,371170,https://images.wheelpros.com/m500/mNT01.png,ST,0,352.00,0.00,04/26/2026 4:06:30 PM,10,0,0,0,0,0,0,0,0,0,0,0,0,0,0
Nitto,N371-200,NT01 235/35ZR19 87Y SL 25.4,371200,https://images.wheelpros.com/m500/mNT01.png,ST,0,560.00,0.00,04/26/2026 4:06:30 PM,10,0,0,0,0,0,0,0,0,0,0,0,0,0,0
Uniroyal,UNI01282,POWER PAW 235/45ZR17 97Y XL 25.35,01282,https://images.wheelpros.com/m500/mUNPOWA.png,ST,0,175.00,0.00,04/26/2026 4:06:30 PM,10,0,0,0,0,0,0,0,0,0,0,0,0,0,0
Uniroyal,UNI01318,TIGER PAW TOUR 205/55R16 91V 24.88,01318,https://images.wheelpros.com/m500/mUNTIGJ.png,ST,0,156.00,0.00,04/26/2026 4:06:30 PM,10,0,0,0,0,0,0,0,0,0,0,0,0,0,0
Uniroyal,UNI01571,TIGER PAW TOUR 205/55R16 91H 24.88,01571,https://images.wheelpros.com/m500/mUNTIGJ.png,ST,0,154.00,0.00,04/26/2026 4:06:30 PM,10,0,0,0,0,0,0,0,0,0,0,0,0,0,0
Uniroyal,UNI02130,TIGER PAW TOUR 225/45R17 91H 24.96,02130,https://images.wheelpros.com/m500/mUNTIGJ.png,ST,0,195.00,0.00,04/26/2026 4:06:30 PM,10,0,0,0,0,0,0,0,0,0,0,0,0,0,0
Uniroyal,UNI02811,TIGER PAW TOUR 225/50R16 92V 24.88,02811,https://images.wheelpros.com/m500/mUNTIGJ.png,ST,0,164.00,0.00,04/26/2026 4:06:30 PM,10,0,0,0,0,0,0,0,0,0,0,0,0,0,0
Uniroyal,UNI04287,TIGER PAW TOUR 215/60R15 94H 25.16,04287,https://images.wheelpros.com/m500/mUNTIGJ.png,ST,0,153.00,0.00,04/26/2026 4:06:30 PM,10,0,0,0,0,0,0,0,0,0,0,0,0,0,0
Uniroyal,UNI04900,POWER PAW 225/50ZR16 92W 24.88,04900,https://images.wheelpros.com/m500/mUNPOWA.png,ST,0,172.00,0.00,04/26/2026 4:06:30 PM,10,0,0,0,0,0,0,0,0,0,0,0,0,0,0
Uniroyal,UNI07144,TIGER PAW TOUR 205/60R15 91H 24.69,07144,https://images.wheelpros.com/m500/mUNTIGJ.png,ST,0,140.00,0.00,04/26/2026 4:06:30 PM,10,0,0,0,0,0,0,0,0,0,0,0,0,0,0
Uniroyal,UNI08873,POWER PAW 215/45ZR17 91Y XL 24.65,08873,https://images.wheelpros.com/m500/mUNPOWA.png,ST,0,169.00,0.00,04/26/2026 4:06:30 PM,10,0,0,0,0,0,0,0,0,0,0,0,0,0,0
Uniroyal,UNI11017,POWER PAW 215/55ZR16 93W 25.28,11017,https://images.wheelpros.com/m500/mUNPOWA.png,ST,0,159.00,0.00,04/26/2026 4:06:30 PM,10,0,0,0,0,0,0,0,0,0,0,0,0,0,0
Uniroyal,UNI12536,POWER PAW 265/35ZR18 97Y XL 25.31,12536,https://images.wheelpros.com/m500/mUNPOWA.png,ST,0,272.00,0.00,04/26/2026 4:06:30 PM,10,0,0,0,0,0,0,0,0,0,0,0,0,0,0
Uniroyal,UNI13155,TIGER PAW AWP2 P205/70R14 93T 25.4,13155,https://images.wheelpros.com/m500/mUNTIGD.png,ST,0,113.00,0.00,04/26/2026 4:06:30 PM,10,0,0,0,0,0,0,0,0,0,0,0,0,0,0
Uniroyal,UNI19806,TIGER PAW TOUR 215/55R16 97H XL 25.28,19806,https://images.wheelpros.com/m500/mUNTIGJ.png,ST,0,163.00,0.00,04/26/2026 4:06:30 PM,10,0,0,0,0,0,0,0,0,0,0,0,0,0,0
Uniroyal,UNI20887,TIGER PAW TOUR 205/65R15 94H 25.47,20887,https://images.wheelpros.com/m500/mUNTIGJ.png,ST,0,145.00,0.00,04/26/2026 4:06:30 PM,10,0,0,0,0,0,0,0,0,0,0,0,0,0,0
Uniroyal,UNI36466,TIGER PAW TOUR 205/50R17 93V XL 25.12,36466,https://images.wheelpros.com/m500/mUNTIGJ.png,ST,0,167.00,0.00,04/26/2026 4:06:30 PM,10,0,0,0,0,0,0,0,0,0,0,0,0,0,0
Uniroyal,UNI40707,POWER PAW 255/35ZR18 94Y XL 25,40707,https://images.wheelpros.com/m500/mUNPOWA.png,ST,0,240.00,0.00,04/26/2026 4:06:30 PM,10,0,0,0,0,0,0,0,0,0,0,0,0,0,0
Uniroyal,UNI41366,TIGER PAW TOUR 235/45R17 94V 25.35,41366,https://images.wheelpros.com/m500/mUNTIGJ.png,ST,0,220.00,0.00,04/26/2026 4:06:30 PM,10,0,0,0,0,0,0,0,0,0,0,0,0,0,0
Uniroyal,UNI42788,TIGER PAW TOUR 225/40R18 92V XL 25.08,42788,https://images.wheelpros.com/m500/mUNTIGJ.png,ST,2,277.00,0.00,04/26/2026 4:06:30 PM,10,0,0,0,0,0,0,0,2,0,0,0,0,0,0
Uniroyal,UNI49725,POWER PAW 235/40ZR18 95Y XL 25.39,49725,https://images.wheelpros.com/m500/mUNPOWA.png,ST,0,195.00,0.00,04/26/2026 4:06:30 PM,10,0,0,0,0,0,0,0,0,0,0,0,0,0,0
Uniroyal,UNI54335,POWER PAW 225/40ZR18 92Y XL 25.08,54335,https://images.wheelpros.com/m500/mUNPOWA.png,ST,0,202.00,0.00,04/26/2026 4:06:30 PM,10,0,0,0,0,0,0,0,0,0,0,0,0,0,0
Uniroyal,UNI58787,TIGER PAW AWP2 P185/75R14 89S 25,58787,https://images.wheelpros.com/m500/mUNTIGD.png,ST,0,98.00,0.00,04/26/2026 4:06:30 PM,10,0,0,0,0,0,0,0,0,0,0,0,0,0,0
Uniroyal,UNI59548,TIGER PAW TOUR 215/55R16 97V XL 25.28,59548,https://images.wheelpros.com/m500/mUNTIGJ.png,ST,0,160.00,0.00,04/26/2026 4:06:30 PM,10,0,0,0,0,0,0,0,0,0,0,0,0,0,0
Uniroyal,UNI59865,TIGER PAW TOUR 195/65R15 91H 25,59865,https://images.wheelpros.com/m500/mUNTIGJ.png,ST,0,137.00,0.00,04/26/2026 4:06:30 PM,10,0,0,0,0,0,0,0,0,0,0,0,0,0,0
Uniroyal,UNI66431,POWER PAW 245/40ZR17 91Y 24.72,66431,https://images.wheelpros.com/m500/mUNPOWA.png,ST,0,198.00,0.00,04/26/2026 4:06:30 PM,10,0,0,0,0,0,0,0,0,0,0,0,0,0,0
Uniroyal,UNI69185,TIGER PAW TOUR 215/45R17 87V 24.65,69185,https://images.wheelpros.com/m500/mUNTIGJ.png,ST,0,200.00,0.00,04/26/2026 4:06:30 PM,10,0,0,0,0,0,0,0,0,0,0,0,0,0,0
Uniroyal,UNI76489,POWER PAW 205/55ZR16 91W 24.88,76489,https://images.wheelpros.com/m500/mUNPOWA.png,ST,0,152.00,0.00,04/26/2026 4:06:30 PM,10,0,0,0,0,0,0,0,0,0,0,0,0,0,0
Uniroyal,UNI77939,POWER PAW 205/50ZR17 93Y XL 25.12,77939,https://images.wheelpros.com/m500/mUNPOWA.png,ST,0,169.00,0.00,04/26/2026 4:06:30 PM,10,0,0,0,0,0,0,0,0,0,0,0,0,0,0
Uniroyal,UNI81940,POWER PAW 225/45ZR17 94Y XL 24.96,81940,https://images.wheelpros.com/m500/mUNPOWA.png,ST,0,178.00,0.00,04/26/2026 4:06:30 PM,10,0,0,0,0,0,0,0,0,0,0,0,0,0,0
Uniroyal,UNI86961,POWER PAW 215/40ZR18 89Y XL 24.76,86961,https://images.wheelpros.com/m500/mUNPOWA.png,ST,0,228.00,0.00,04/26/2026 4:06:30 PM,10,0,0,0,0,0,0,0,0,0,0,0,0,0,0
Uniroyal,UNI94970,TIGER PAW TOUR 225/45R17 91V 24.96,94970,https://images.wheelpros.com/m500/mUNTIGJ.png,ST,0,212.00,0.00,04/26/2026 4:06:30 PM,10,0,0,0,0,0,0,0,0,0,0,0,0,0,0
Falken,F28032674,AZENIS FK510 225/45R18 95Y XL 26,28032674,https://assets.wheelpros.com/transform/c08f8d82-8e21-4e6a-b03d-fd96d73fc22b/FALKEN-FK510_Standard-png?size=500,SO,0,310.00,0.00,04/26/2026 4:06:30 PM,10,0,0,0,0,0,0,0,0,0,0,0,0,0,0
Falken,F28033927,AZENIS FK510 295/30R19 100Y XL 26.1,28033927,https://assets.wheelpros.com/transform/c08f8d82-8e21-4e6a-b03d-fd96d73fc22b/FALKEN-FK510_Standard-png?size=500,SO,0,479.00,0.00,04/26/2026 4:06:30 PM,10,0,0,0,0,0,0,0,0,0,0,0,0,0,0
Falken,F28034117,AZENIS FK510 255/30R20 92Y XL 26,28034117,https://assets.wheelpros.com/transform/c08f8d82-8e21-4e6a-b03d-fd96d73fc22b/FALKEN-FK510_Standard-png?size=500,SO,0,408.00,0.00,04/26/2026 4:06:30 PM,10,0,0,0,0,0,0,0,0,0,0,0,0,0,0
Falken,F28034669,AZENIS FK510 245/40R18 97Y XL 25.7,28034669,https://assets.wheelpros.com/transform/c08f8d82-8e21-4e6a-b03d-fd96d73fc22b/FALKEN-FK510_Standard-png?size=500,SO,0,327.00,0.00,04/26/2026 4:06:30 PM,10,0,0,0,0,0,0,0,0,0,0,0,0,0,0
Falken,F28035007,AZENIS FK510 235/30R20 88Y XL 25.5,28035007,https://assets.wheelpros.com/transform/c08f8d82-8e21-4e6a-b03d-fd96d73fc22b/FALKEN-FK510_Standard-png?size=500,SO,0,381.00,0.00,04/26/2026 4:06:30 PM,10,0,0,0,0,0,0,0,0,0,0,0,0,0,0
Falken,F28035022,AZENIS FK510 225/35R20 90Y XL 26.2,28035022,https://assets.wheelpros.com/transform/c08f8d82-8e21-4e6a-b03d-fd96d73fc22b/FALKEN-FK510_Standard-png?size=500,SO,1,286.00,0.00,04/26/2026 4:06:30 PM,10,0,0,0,0,1,0,0,0,0,0,0,0,0,0
Falken,F28035394,AZENIS FK510 275/40R17 98W SL 25.7,28035394,https://assets.wheelpros.com/transform/c08f8d82-8e21-4e6a-b03d-fd96d73fc22b/FALKEN-FK510_Standard-png?size=500,SO,11,317.00,0.00,04/26/2026 4:06:30 PM,10,2,9,0,0,0,0,0,0,0,0,0,0,0,0
Falken,F28035524,AZENIS FK510 235/35R20 92Y XL 26.4,28035524,https://assets.wheelpros.com/transform/c08f8d82-8e21-4e6a-b03d-fd96d73fc22b/FALKEN-FK510_Standard-png?size=500,SO,2,311.00,0.00,04/26/2026 4:06:30 PM,10,0,0,0,0,0,0,0,0,0,0,0,0,0,2
Falken,F28035525,AZENIS FK510 265/30R20 94Y XL 26.2,28035525,https://assets.wheelpros.com/transform/c08f8d82-8e21-4e6a-b03d-fd96d73fc22b/FALKEN-FK510_Standard-png?size=500,SO,0,447.00,0.00,04/26/2026 4:06:30 PM,10,0,0,0,0,0,0,0,0,0,0,0,0,0,0
Falken,F28035585,AZENIS FK510 255/35R19 96Y XL 26.1,28035585,https://assets.wheelpros.com/transform/c08f8d82-8e21-4e6a-b03d-fd96d73fc22b/FALKEN-FK510_Standard-png?size=500,SO,0,389.00,0.00,04/26/2026 4:06:30 PM,10,0,0,0,0,0,0,0,0,0,0,0,0,0,0
Falken,F28035717,AZENIS FK510 225/40R19 93Y XL 26.1,28035717,https://assets.wheelpros.com/transform/c08f8d82-8e21-4e6a-b03d-fd96d73fc22b/FALKEN-FK510_Standard-png?size=500,SO,4,339.00,0.00,04/26/2026 4:06:30 PM,10,0,0,0,0,0,0,0,0,0,0,0,0,4,0
Falken,F28035808,AZENIS FK510 285/35R18 101Y XL 25.9,28035808,https://assets.wheelpros.com/transform/c08f8d82-8e21-4e6a-b03d-fd96d73fc22b/FALKEN-FK510_Standard-png?size=500,SO,0,439.00,0.00,04/26/2026 4:06:30 PM,10,0,0,0,0,0,0,0,0,0,0,0,0,0,0
Falken,F28035938,AZENIS FK510 265/35R19 98Y XL 26.4,28035938,https://assets.wheelpros.com/transform/c08f8d82-8e21-4e6a-b03d-fd96d73fc22b/FALKEN-FK510_Standard-png?size=500,SO,2,423.00,0.00,04/26/2026 4:06:30 PM,10,0,0,0,0,0,0,0,2,0,0,0,0,0,0
Falken,F28035939,AZENIS FK510 285/30R19 98Y XL 25.7,28035939,https://assets.wheelpros.com/transform/c08f8d82-8e21-4e6a-b03d-fd96d73fc22b/FALKEN-FK510_Standard-png?size=500,SO,0,484.00,0.00,04/26/2026 4:06:30 PM,10,0,0,0,0,0,0,0,0,0,0,0,0,0,0
Falken,F28035941,AZENIS FK510 305/30R19 102Y XL 26.3,28035941,https://assets.wheelpros.com/transform/c08f8d82-8e21-4e6a-b03d-fd96d73fc22b/FALKEN-FK510_Standard-png?size=500,SO,0,513.00,0.00,04/26/2026 4:06:30 PM,10,0,0,0,0,0,0,0,0,0,0,0,0,0,0
Falken,F28035970,AZENIS FK510 295/25R20 95Y XL 25.8,28035970,https://assets.wheelpros.com/transform/c08f8d82-8e21-4e6a-b03d-fd96d73fc22b/FALKEN-FK510_Standard-png?size=500,SO,16,542.00,0.00,04/26/2026 4:06:30 PM,10,0,0,0,0,0,0,0,16,0,0,0,0,0,0
Falken,F28036502,AZENIS FK510 275/30R19 96Y XL 25.5,28036502,https://assets.wheelpros.com/transform/c08f8d82-8e21-4e6a-b03d-fd96d73fc22b/FALKEN-FK510_Standard-png?size=500,SO,16,468.00,0.00,04/26/2026 4:06:30 PM,10,0,16,0,0,0,0,0,0,0,0,0,0,0,0
Falken,F28037499,AZENIS FK510 245/35R19 93Y XL 25.7,28037499,https://assets.wheelpros.com/transform/c08f8d82-8e21-4e6a-b03d-fd96d73fc22b/FALKEN-FK510_Standard-png?size=500,SO,1,370.00,0.00,04/26/2026 4:06:30 PM,10,0,0,0,1,0,0,0,0,0,0,0,0,0,0
Falken,F28038218,AZENIS FK510 245/45R17 99Y XL 25.7,28038218,https://assets.wheelpros.com/transform/c08f8d82-8e21-4e6a-b03d-fd96d73fc22b/FALKEN-FK510_Standard-png?size=500,SO,17,278.00,0.00,04/26/2026 4:06:30 PM,10,0,16,0,0,0,0,1,0,0,0,0,0,0,0
Falken,F28038585,AZENIS FK510 255/40R18 99Y XL 26.1,28038585,https://assets.wheelpros.com/transform/c08f8d82-8e21-4e6a-b03d-fd96d73fc22b/FALKEN-FK510_Standard-png?size=500,SO,0,380.00,0.00,04/26/2026 4:06:30 PM,10,0,0,0,0,0,0,0,0,0,0,0,0,0,0
Falken,F28038773,AZENIS FK510 275/35R18 99Y XL 25.6,28038773,https://assets.wheelpros.com/transform/c08f8d82-8e21-4e6a-b03d-fd96d73fc22b/FALKEN-FK510_Standard-png?size=500,SO,15,398.00,0.00,04/26/2026 4:06:30 PM,10,0,15,0,0,0,0,0,0,0,0,0,0,0,0
Falken,F28039609,AZENIS FK510 245/30R20 90Y XL 25.8,28039609,https://assets.wheelpros.com/transform/c08f8d82-8e21-4e6a-b03d-fd96d73fc22b/FALKEN-FK510_Standard-png?size=500,SO,0,386.00,0.00,04/26/2026 4:06:30 PM,10,0,0,0,0,0,0,0,0,0,0,0,0,0,0
Falken,F28103409,AZENIS FK460 SC 235/45ZR18 96Y 26.3,28103409,https://images.wheelpros.com/m500/mFAZENC.png,NW,0,293.00,0.00,04/26/2026 4:06:30 PM,10,0,0,0,0,0,0,0,0,0,0,0,0,0,0
Falken,F28103837,AZENIS FK460 SC 235/40ZR19 96Y 26.4,28103837,https://images.wheelpros.com/m500/mFAZENC.png,NW,0,341.00,0.00,04/26/2026 4:06:30 PM,10,0,0,0,0,0,0,0,0,0,0,0,0,0,0
Falken,F28105275,AZENIS FK460 275/40R17 98Y 31.3,28105275,https://images.wheelpros.com/m500/mTIRE.png,NW,0,267.00,0.00,04/26/2026 4:06:30 PM,10,0,0,0,0,0,0,0,0,0,0,0,0,0,0
Falken,F28105427,AZENIS FK460 285/35R18 101Y XL 26,28105427,https://images.wheelpros.com/m500/mTIRE.png,NW,0,384.00,0.00,04/26/2026 4:06:30 PM,10,0,0,0,0,0,0,0,0,0,0,0,0,0,0
Falken,F28105495,AZENIS FK460 235/40R19 96Y XL 26.4,28105495,,ST,0,321.00,0.00,04/26/2026 4:06:30 PM,10,0,0,0,0,0,0,0,0,0,0,0,0,0,0
Falken,F28105640,AZENIS FK460 265/40R18 101Y XL 26.3,28105640,https://images.wheelpros.com/m500/mTIRE.png,NW,0,342.00,0.00,04/26/2026 4:06:30 PM,10,0,0,0,0,0,0,0,0,0,0,0,0,0,0
Falken,F28105727,AZENIS FK460 215/55R17 98Y XL 26.3,28105727,,ST,0,205.00,0.00,04/26/2026 4:06:30 PM,10,0,0,0,0,0,0,0,0,0,0,0,0,0,0
Falken,F28105771,AZENIS FK460 215/50R17 95Y XL 25.5,28105771,,ST,0,200.00,0.00,04/26/2026 4:06:30 PM,10,0,0,0,0,0,0,0,0,0,0,0,0,0,0
Falken,F28105772,AZENIS FK460 225/50R17 98Y XL 25.9,28105772,,ST,0,212.00,0.00,04/26/2026 4:06:30 PM,10,0,0,0,0,0,0,0,0,0,0,0,0,0,0
Falken,F28105773,AZENIS FK460 235/50R17 100Y XL 26.3,28105773,,ST,0,240.00,0.00,04/26/2026 4:06:30 PM,10,0,0,0,0,0,0,0,0,0,0,0,0,0,0
Falken,F28105784,AZENIS FK460 245/45R17 99Y XL 25.7,28105784,,ST,0,223.00,0.00,04/26/2026 4:06:30 PM,10,0,0,0,0,0,0,0,0,0,0,0,0,0,0
Falken,F28105807,AZENIS FK460 275/35R18 99Y XL 25.7,28105807,,ST,0,313.00,0.00,04/26/2026 4:06:30 PM,10,0,0,0,0,0,0,0,0,0,0,0,0,0,0
Falken,F28105824,AZENIS FK460 225/45R18 95Y XL 25.9,28105824,,ST,0,249.00,0.00,04/26/2026 4:06:30 PM,10,0,0,0,0,0,0,0,0,0,0,0,0,0,0
Falken,F28105844,AZENIS FK460 255/40R18 99Y XL 26,28105844,,ST,0,320.00,0.00,04/26/2026 4:06:30 PM,10,0,0,0,0,0,0,0,0,0,0,0,0,0,0
Falken,F28105894,AZENIS FK460 245/40R18 97Y XL 25.7,28105894,,ST,0,274.00,0.00,04/26/2026 4:06:30 PM,10,0,0,0,0,0,0,0,0,0,0,0,0,0,0
Falken,F28105895,AZENIS FK460 235/45R18 98Y XL 26.3,28105895,,ST,0,274.00,0.00,04/26/2026 4:06:30 PM,10,0,0,0,0,0,0,0,0,0,0,0,0,0,0
Falken,F28105899,AZENIS FK460 215/45R18 93Y XL 25.6,28105899,,ST,0,233.00,0.00,04/26/2026 4:06:30 PM,10,0,0,0,0,0,0,0,0,0,0,0,0,0,0
Falken,F28105939,AZENIS FK460 285/30R19 98Y XL 25.9,28105939,,ST,0,369.00,0.00,04/26/2026 4:06:30 PM,10,0,0,0,0,0,0,0,0,0,0,0,0,0,0
Falken,F28105971,AZENIS FK460 225/40R19 93Y XL 26.1,28105971,,ST,0,296.00,0.00,04/26/2026 4:06:30 PM,10,0,0,0,0,0,0,0,0,0,0,0,0,0,0
Falken,F28105973,AZENIS FK460 255/35R19 96Y XL 26.1,28105973,,ST,0,322.00,0.00,04/26/2026 4:06:30 PM,10,0,0,0,0,0,0,0,0,0,0,0,0,0,0
Falken,F28105983,AZENIS FK460 235/35R19 91Y XL 25.6,28105983,,ST,0,293.00,0.00,04/26/2026 4:06:30 PM,10,0,0,0,0,0,0,0,0,0,0,0,0,0,0
Falken,F28105984,AZENIS FK460 245/35R19 93Y XL 25.9,28105984,,ST,0,310.00,0.00,04/26/2026 4:06:30 PM,10,0,0,0,0,0,0,0,0,0,0,0,0,0,0
Falken,F28291479,SINCERA SN250 215/60R16 95V SL 26.26,28291479,https://assets.wheelpros.com/transform/26ca6ddd-420c-4f50-83cb-871476528ff8/FALKEN-SINCERA-SN250_Standard-png?size=500,ST,0,149.00,0.00,04/26/2026 4:06:30 PM,10,0,0,0,0,0,0,0,0,0,0,0,0,0,0
Falken,F28291652,SINCERA SN250 205/60R16 92H SL 25.79,28291652,https://assets.wheelpros.com/transform/26ca6ddd-420c-4f50-83cb-871476528ff8/FALKEN-SINCERA-SN250_Standard-png?size=500,ST,0,139.00,0.00,04/26/2026 4:06:30 PM,10,0,0,0,0,0,0,0,0,0,0,0,0,0,0
Falken,F28292560,SINCERA SN250 205/65R15 99H XL 25.55,28292560,https://assets.wheelpros.com/transform/26ca6ddd-420c-4f50-83cb-871476528ff8/FALKEN-SINCERA-SN250_Standard-png?size=500,SO,0,130.00,0.00,04/26/2026 4:06:30 PM,10,0,0,0,0,0,0,0,0,0,0,0,0,0,0
Falken,F28292727,SINCERA SN250 215/55R17 94V SL 26.34,28292727,https://assets.wheelpros.com/transform/26ca6ddd-420c-4f50-83cb-871476528ff8/FALKEN-SINCERA-SN250_Standard-png?size=500,ST,0,177.00,0.00,04/26/2026 4:06:30 PM,10,0,0,0,0,0,0,0,0,0,0,0,0,0,0
Falken,F28292771,SINCERA SN250 215/50R17 95V XL 25.51,28292771,https://assets.wheelpros.com/transform/26ca6ddd-420c-4f50-83cb-871476528ff8/FALKEN-SINCERA-SN250_Standard-png?size=500,ST,0,177.00,0.00,04/26/2026 4:06:30 PM,10,0,0,0,0,0,0,0,0,0,0,0,0,0,0
Falken,F28292772,SINCERA SN250 225/50R17 98V XL 25.91,28292772,https://assets.wheelpros.com/transform/26ca6ddd-420c-4f50-83cb-871476528ff8/FALKEN-SINCERA-SN250_Standard-png?size=500,SO,0,202.00,0.00,04/26/2026 4:06:30 PM,10,0,0,0,0,0,0,0,0,0,0,0,0,0,0
Falken,F28294339,SINCERA SN250 225/45R18 95V XL 26,28294339,https://assets.wheelpros.com/transform/26ca6ddd-420c-4f50-83cb-871476528ff8/FALKEN-SINCERA-SN250_Standard-png?size=500,SO,1,206.00,0.00,04/26/2026 4:06:30 PM,10,1,0,0,0,0,0,0,0,0,0,0,0,0,0
Falken,F28294476,SINCERA SN250 205/70R15 96T SL 26.42,28294476,https://assets.wheelpros.com/transform/26ca6ddd-420c-4f50-83cb-871476528ff8/FALKEN-SINCERA-SN250_Standard-png?size=500,SO,0,119.00,0.00,04/26/2026 4:06:30 PM,10,0,0,0,0,0,0,0,0,0,0,0,0,0,0
Falken,F28294479,SINCERA SN250 215/60R16 95T SL 26.26,28294479,https://assets.wheelpros.com/transform/26ca6ddd-420c-4f50-83cb-871476528ff8/FALKEN-SINCERA-SN250_Standard-png?size=500,ST,0,145.00,0.00,04/26/2026 4:06:30 PM,10,0,0,0,0,0,0,0,0,0,0,0,0,0,0
Falken,F28294545,SINCERA SN250 215/65R15 96T SL 26.1,28294545,https://assets.wheelpros.com/transform/26ca6ddd-420c-4f50-83cb-871476528ff8/FALKEN-SINCERA-SN250_Standard-png?size=500,ST,0,133.00,0.00,04/26/2026 4:06:30 PM,10,0,0,0,0,0,0,0,0,0,0,0,0,0,0
Falken,F28294727,SINCERA SN250 215/55R17 94T SL 26.34,28294727,https://assets.wheelpros.com/transform/26ca6ddd-420c-4f50-83cb-871476528ff8/FALKEN-SINCERA-SN250_Standard-png?size=500,SO,0,176.00,0.00,04/26/2026 4:06:30 PM,10,0,0,0,0,0,0,0,0,0,0,0,0,0,0
Falken,F28295652,SINCERA SN250 235/45R18 94V SL 26.4,28295652,https://assets.wheelpros.com/transform/26ca6ddd-420c-4f50-83cb-871476528ff8/FALKEN-SINCERA-SN250_Standard-png?size=500,SO,0,230.00,0.00,04/26/2026 4:06:30 PM,10,0,0,0,0,0,0,0,0,0,0,0,0,0,0
Falken,F28296913,SINCERA SN250 225/55R16 95V SL 25.8,28296913,https://assets.wheelpros.com/transform/26ca6ddd-420c-4f50-83cb-871476528ff8/FALKEN-SINCERA-SN250_Standard-png?size=500,SO,0,167.00,0.00,04/26/2026 4:06:30 PM,10,0,0,0,0,0,0,0,0,0,0,0,0,0,0
Falken,F28391622,AKLIMATE 215/55R16 97H XL 25.6,28391622,https://images.wheelpros.com/m500/mTIRE.png,NW,0,186.00,0.00,04/26/2026 4:06:30 PM,10,0,0,0,0,0,0,0,0,0,0,0,0,0,0
Falken,F28391820,AKLIMATE 205/65R15 99H XL 25.8,28391820,https://images.wheelpros.com/m500/mTIRE.png,NW,0,151.00,0.00,04/26/2026 4:06:30 PM,10,0,0,0,0,0,0,0,0,0,0,0,0,0,0
Falken,F28392233,AKLIMATE 245/45R17 99V XL 25.9,28392233,https://images.wheelpros.com/m500/mTIRE.png,NW,0,198.00,0.00,04/26/2026 4:06:30 PM,10,0,0,0,0,0,0,0,0,0,0,0,0,0,0
Falken,F28392391,AKLIMATE 225/50R17 98V XL 26.2,28392391,https://images.wheelpros.com/m500/mTIRE.png,NW,0,233.00,0.00,04/26/2026 4:06:30 PM,10,0,0,0,0,0,0,0,0,0,0,0,0,0,0
Falken,F28392457,AKLIMATE 225/45R18 95V XL 26.2,28392457,https://images.wheelpros.com/m500/mTIRE.png,NW,0,239.00,0.00,04/26/2026 4:06:30 PM,10,0,0,0,0,0,0,0,0,0,0,0,0,0,0
Falken,F28392504,AKLIMATE 245/40R18 97V XL 25.9,28392504,https://images.wheelpros.com/m500/mTIRE.png,NW,0,245.00,0.00,04/26/2026 4:06:30 PM,10,0,0,0,0,0,0,0,0,0,0,0,0,0,0
Falken,F28392687,AKLIMATE 205/60R16 92V SL 26,28392687,https://images.wheelpros.com/m500/mTIRE.png,NW,0,164.00,0.00,04/26/2026 4:06:30 PM,10,0,0,0,0,0,0,0,0,0,0,0,0,0,0
Falken,F28392726,AKLIMATE 235/40R18 95W XL 25.6,28392726,https://images.wheelpros.com/m500/mTIRE.png,NW,0,220.00,0.00,04/26/2026 4:06:30 PM,10,0,0,0,0,0,0,0,0,0,0,0,0,0,0
Falken,F28392728,AKLIMATE 215/45R18 93V XL 25.9,28392728,https://images.wheelpros.com/m500/mTIRE.png,NW,0,214.00,0.00,04/26/2026 4:06:30 PM,10,0,0,0,0,0,0,0,0,0,0,0,0,0,0
Falken,F28392832,AKLIMATE 235/45R17 97V XL 25.6,28392832,https://images.wheelpros.com/m500/mTIRE.png,NW,0,183.00,0.00,04/26/2026 4:06:30 PM,10,0,0,0,0,0,0,0,0,0,0,0,0,0,0
Falken,F28392907,AKLIMATE 215/50R17 95V XL 25.7,28392907,https://images.wheelpros.com/m500/mTIRE.png,NW,0,205.00,0.00,04/26/2026 4:06:30 PM,10,0,0,0,0,0,0,0,0,0,0,0,0,0,0
Falken,F28392927,AKLIMATE 205/55R17 91V SL 26.2,28392927,https://images.wheelpros.com/m500/mTIRE.png,NW,0,174.00,0.00,04/26/2026 4:06:30 PM,10,0,0,0,0,0,0,0,0,0,0,0,0,0,0
Falken,F28533615,AZENIS RT615K 315/30R18 98W SL 25.5,28533615,https://images.wheelpros.com/m500/mFA999.png,ST,0,545.00,0.00,04/26/2026 4:06:30 PM,10,0,0,0,0,0,0,0,0,0,0,0,0,0,0
Falken,F28533881,AZENIS RT615K 245/40R18 97W XL 25.6,28533881,https://images.wheelpros.com/m500/mFA999.png,ST,0,287.00,0.00,04/26/2026 4:06:30 PM,10,0,0,0,0,0,0,0,0,0,0,0,0,0,0
Falken,F28534124,AZENIS RT615K 245/45R17 99W XL 25.6,28534124,https://images.wheelpros.com/m500/mFA999.png,ST,0,252.00,0.00,04/26/2026 4:06:30 PM,10,0,0,0,0,0,0,0,0,0,0,0,0,0,0
Falken,F28535983,AZENIS RT615K 275/40R17 98W SL 25.6,28535983,https://images.wheelpros.com/m500/mFA999.png,ST,0,331.00,0.00,04/26/2026 4:06:30 PM,10,0,0,0,0,0,0,0,0,0,0,0,0,0,0
Falken,F28537681,AZENIS RT615K 235/40R18 95W XL 25.5,28537681,https://images.wheelpros.com/m500/mFA999.png,ST,0,256.00,0.00,04/26/2026 4:06:30 PM,10,0,0,0,0,0,0,0,0,0,0,0,0,0,0
Falken,F28537737,AZENIS RT615K 275/35R18 95W SL 25.6,28537737,https://images.wheelpros.com/m500/mFA999.png,ST,0,447.00,0.00,04/26/2026 4:06:30 PM,10,0,0,0,0,0,0,0,0,0,0,0,0,0,0
Falken,F28605002,FK453 235/30-20 88Y 25.6,,https://images.wheelpros.com/m500/mFK453.png,N2,0,204.00,0.00,04/26/2026 4:06:30 PM,10,0,0,0,0,0,0,0,0,0,0,0,0,0,0
Falken,F28605772,FK453 225/50-17 98Y 25.99,,https://images.wheelpros.com/m500/mFK453.png,N2,0,149.00,0.00,04/26/2026 4:06:30 PM,10,0,0,0,0,0,0,0,0,0,0,0,0,0,0
Falken,F28711652,WDPEAK AT TRL 205/60R16 92H SL 25.7,28711652,https://images.wheelpros.com/m500/mFTWPK.png,SO,0,199.00,0.00,04/26/2026 4:06:30 PM,10,0,0,0,0,0,0,0,0,0,0,0,0,0,0
Falken,F28712727,WDPEAK AT TRL 215/55R17 94V SL 26.3,28712727,https://images.wheelpros.com/m500/mFTWPK.png,SO,0,213.00,0.00,04/26/2026 4:06:30 PM,10,0,0,0,0,0,0,0,0,0,0,0,0,0,0
Falken,F28951674,ZIEX ZE950 245/50R16 97H SL 25.71,28951674,https://images.wheelpros.com/m500/mFT950.png,SO,0,154.00,0.00,04/26/2026 4:06:30 PM,10,0,0,0,0,0,0,0,0,0,0,0,0,0,0
Falken,F28953727,ZIEX ZE950 215/55R17 94W SL 26.3,28953727,https://images.wheelpros.com/m500/mFT950.png,SO,0,143.00,0.00,04/26/2026 4:06:30 PM,10,0,0,0,0,0,0,0,0,0,0,0,0,0,0
Falken,F28953771,ZIEX ZE950 215/50R17 91W SL 25.51,28953771,https://images.wheelpros.com/m500/mFT950.png,SO,0,148.00,0.00,04/26/2026 4:06:30 PM,10,0,0,0,0,0,0,0,0,0,0,0,0,0,0
Falken,F28953772,ZIEX ZE950 225/50R17 94W SL 25.91,28953772,https://images.wheelpros.com/m500/mFT950.png,SO,0,183.00,0.00,04/26/2026 4:06:30 PM,10,0,0,0,0,0,0,0,0,0,0,0,0,0,0
Falken,F28953784,ZIEX ZE950 245/45R17 99W XL 25.67,28953784,https://images.wheelpros.com/m500/mFT950.png,SO,0,180.00,0.00,04/26/2026 4:06:30 PM,10,0,0,0,0,0,0,0,0,0,0,0,0,0,0
Falken,F28962479,ZIEX ZE960 215/60R16 95V SL 26.3,28962479,https://images.wheelpros.com/m500/mFTWPK.png,SO,0,162.00,0.00,04/26/2026 4:06:30 PM,10,0,0,0,0,0,0,0,0,0,0,0,0,0,0
Falken,F28962495,ZIEX ZE960 235/40R19 96V XL 26.4,28962495,https://images.wheelpros.com/m500/mFTWPK.png,SO,0,252.00,0.00,04/26/2026 4:06:30 PM,10,0,0,0,0,0,0,0,0,0,0,0,0,0,0
Falken,F28962544,ZIEX ZE960 205/65R15 99V XL 25.5,28962544,https://images.wheelpros.com/m500/mFTWPK.png,SO,0,130.00,0.00,04/26/2026 4:06:30 PM,10,0,0,0,0,0,0,0,0,0,0,0,0,0,0
Falken,F28962652,ZIEX ZE960 205/60R16 92V SL 25.8,28962652,https://images.wheelpros.com/m500/mFTWPK.png,SO,0,145.00,0.00,04/26/2026 4:06:30 PM,10,0,0,0,0,0,0,0,0,0,0,0,0,0,0
Falken,F28962670,ZIEX ZE960 225/55R16 95V SL 25.7,28962670,https://images.wheelpros.com/m500/mFTWPK.png,SO,0,156.00,0.00,04/26/2026 4:06:30 PM,10,0,0,0,0,0,0,0,0,0,0,0,0,0,0
Falken,F28962727,ZIEX ZE960 215/55R17 94V SL 26.3,28962727,https://images.wheelpros.com/m500/mFTWPK.png,SO,0,153.00,0.00,04/26/2026 4:06:30 PM,10,0,0,0,0,0,0,0,0,0,0,0,0,0,0
Falken,F28962771,ZIEX ZE960 215/50R17 91V SL 25.5,28962771,https://images.wheelpros.com/m500/mFTWPK.png,SO,0,152.00,0.00,04/26/2026 4:06:30 PM,10,0,0,0,0,0,0,0,0,0,0,0,0,0,0
Falken,F28962772,ZIEX ZE960 225/50R17 94V SL 25.9,28962772,https://images.wheelpros.com/m500/mFTWPK.png,SO,0,167.00,0.00,04/26/2026 4:06:30 PM,10,0,0,0,0,0,0,0,0,0,0,0,0,0,0
Falken,F28962773,ZIEX ZE960 235/50R17 96V SL 26.3,28962773,https://images.wheelpros.com/m500/mFTWPK.png,SO,2,194.00,0.00,04/26/2026 4:06:30 PM,10,0,0,0,2,0,0,0,0,0,0,0,0,0,0
Falken,F28963674,ZIEX ZE960 245/50R16 97W SL 25.6,28963674,https://images.wheelpros.com/m500/mFTWPK.png,SO,0,156.00,0.00,04/26/2026 4:06:30 PM,10,0,0,0,0,0,0,0,0,0,0,0,0,0,0
Falken,F28963784,ZIEX ZE960 245/45R17 99W XL 25.7,28963784,https://images.wheelpros.com/m500/mFTWPK.png,SO,0,175.00,0.00,04/26/2026 4:06:30 PM,10,0,0,0,0,0,0,0,0,0,0,0,0,0,0
Falken,F28963824,ZIEX ZE960 225/45R18 95W XL 26,28963824,https://images.wheelpros.com/m500/mFTWPK.png,SO,0,195.00,0.00,04/26/2026 4:06:30 PM,10,0,0,0,0,0,0,0,0,0,0,0,0,0,0
Falken,F28963844,ZIEX ZE960 255/40R18 99W XL 26,28963844,https://images.wheelpros.com/m500/mFTWPK.png,SO,2,260.00,0.00,04/26/2026 4:06:30 PM,10,0,0,1,0,0,0,0,1,0,0,0,0,0,0
Falken,F28963894,ZIEX ZE960 245/40R18 97W XL 25.7,28963894,https://images.wheelpros.com/m500/mFTWPK.png,SO,0,216.00,0.00,04/26/2026 4:06:30 PM,10,0,0,0,0,0,0,0,0,0,0,0,0,0,0
Falken,F28963895,ZIEX ZE960 235/45R18 94W SL 26.4,28963895,https://images.wheelpros.com/m500/mFTWPK.png,SO,0,211.00,0.00,04/26/2026 4:06:30 PM,10,0,0,0,0,0,0,0,0,0,0,0,0,0,0
Falken,F28963899,ZIEX ZE960 215/45R18 93W XL 25.7,28963899,https://images.wheelpros.com/m500/mFTWPK.png,SO,0,189.00,0.00,04/26/2026 4:06:30 PM,10,0,0,0,0,0,0,0,0,0,0,0,0,0,0
OHTSU,F30421523,FP7000 225/60-15 96H 25.6,,https://images.wheelpros.com/m500/mFP700.png,SO,0,163.00,0.00,04/26/2026 4:06:30 PM,10,0,0,0,0,0,0,0,0,0,0,0,0,0,0
OHTSU,F30421525,FP7000 215/65-15 96H 26,,https://images.wheelpros.com/m500/mFP700.png,SO,0,147.00,0.00,04/26/2026 4:06:30 PM,10,0,0,0,0,0,0,0,0,0,0,0,0,0,0
OHTSU,F30421621,FP7000 205/60-16 92V 25.6,,https://images.wheelpros.com/m500/mFP700.png,SO,0,137.00,0.00,04/26/2026 4:06:30 PM,10,0,0,0,0,0,0,0,0,0,0,0,0,0,0
OHTSU,F30421622,FP7000 215/60-16 95H 26,,https://images.wheelpros.com/m500/mFP700.png,SO,0,149.00,0.00,04/26/2026 4:06:30 PM,10,0,0,0,0,0,0,0,0,0,0,0,0,0,0
OHTSU,F30421625,FP7000 245/50-16 97H 25.6,,https://images.wheelpros.com/m500/mFP700.png,SO,0,171.00,0.00,04/26/2026 4:06:30 PM,10,0,0,0,0,0,0,0,0,0,0,0,0,0,0
OHTSU,F30422624,FP7000 225/55-16 95V 25.7,,https://images.wheelpros.com/m500/mFP700.png,SO,0,158.00,0.00,04/26/2026 4:06:30 PM,10,0,0,0,0,0,0,0,0,0,0,0,0,0,0
OHTSU,F30422723,FP7000 225/50-17 94V 26,,https://images.wheelpros.com/m500/mFP700.png,SO,0,176.00,0.00,04/26/2026 4:06:30 PM,10,0,0,0,0,0,0,0,0,0,0,0,0,0,0
OHTSU,F30422724,FP7000 235/50-17 96V 26.3,,https://images.wheelpros.com/m500/mFP700.png,SO,0,185.00,0.00,04/26/2026 4:06:30 PM,10,0,0,0,0,0,0,0,0,0,0,0,0,0,0
OHTSU,F30423801,FP7000 245/40-18 93W 25.8,,https://images.wheelpros.com/m500/mFP700.png,SO,0,185.00,0.00,04/26/2026 4:06:30 PM,10,0,0,0,0,0,0,0,0,0,0,0,0,0,0
OHTSU,F30423824,FP7000 225/45-18 91W 26,,https://images.wheelpros.com/m500/mFP700.png,SO,0,172.00,0.00,04/26/2026 4:06:30 PM,10,0,0,0,0,0,0,0,0,0,0,0,0,0,0
OHTSU,F30424703,FP7000 235/45-17 97W 25.5,,https://images.wheelpros.com/m500/mFP700.png,SO,0,160.00,0.00,04/26/2026 4:06:30 PM,10,0,0,0,0,0,0,0,0,0,0,0,0,0,0
OHTSU,F30424704,FP7000 245/45-17 99W 25.8,,https://images.wheelpros.com/m500/mFP700.png,SO,0,183.00,0.00,04/26/2026 4:06:30 PM,10,0,0,0,0,0,0,0,0,0,0,0,0,0,0
OHTSU,F30424807,FP7000 215/55-17 94V 26.3,,https://images.wheelpros.com/m500/mFP700.png,SO,0,161.00,0.00,04/26/2026 4:06:30 PM,10,0,0,0,0,0,0,0,0,0,0,0,0,0,0
OHTSU,F30483002,FP8000 235/30-20 88W 25.75,,https://images.wheelpros.com/m500/mFP800.png,SO,0,238.00,0.00,04/26/2026 4:06:30 PM,10,0,0,0,0,0,0,0,0,0,0,0,0,0,0
OHTSU,F30483008,FP8000 245/30-20 90W 25.93,,https://images.wheelpros.com/m500/mFP800.png,SO,0,235.00,0.00,04/26/2026 4:06:30 PM,10,0,0,0,0,0,0,0,0,0,0,0,0,0,0
OHTSU,F30483010,FP8000 305/25-20 97W 26.06,,https://images.wheelpros.com/m500/mFP800.png,SO,0,437.00,0.00,04/26/2026 4:06:30 PM,10,0,0,0,0,0,0,0,0,0,0,0,0,0,0
OHTSU,F30483011,FP8000 255/30-20 92W 26.12,,https://images.wheelpros.com/m500/mFP800.png,SO,0,253.00,0.00,04/26/2026 4:06:30 PM,10,0,0,0,0,0,0,0,0,0,0,0,0,0,0
OHTSU,F30483022,FP8000 225/35-20 90W 26.3,,https://images.wheelpros.com/m500/mFP800.png,SO,0,203.00,0.00,04/26/2026 4:06:30 PM,10,0,0,0,0,0,0,0,0,0,0,0,0,0,0
OHTSU,F30483027,FP8000 285/25-20 93W 25.63,,https://images.wheelpros.com/m500/mFP800.png,SO,0,341.00,0.00,04/26/2026 4:06:30 PM,10,0,0,0,0,0,0,0,0,0,0,0,0,0,0
OHTSU,F30483824,FP8000 225/45-18 95W 26.01,,https://images.wheelpros.com/m500/mFP800.png,SO,0,203.00,0.00,04/26/2026 4:06:30 PM,10,0,0,0,0,0,0,0,0,0,0,0,0,0,0
OHTSU,F30483844,FP8000 255/40-18 99W 26.04,,https://images.wheelpros.com/m500/mFP800.png,SO,0,247.00,0.00,04/26/2026 4:06:30 PM,10,0,0,0,0,0,0,0,0,0,0,0,0,0,0
OHTSU,F30483894,FP8000 245/40-18 97W 25.76,,https://images.wheelpros.com/m500/mFP800.png,SO,0,205.00,0.00,04/26/2026 4:06:30 PM,10,0,0,0,0,0,0,0,0,0,0,0,0,0,0
OHTSU,F30483906,FP8000 235/35-19 91W 25.56,,https://images.wheelpros.com/m500/mFP800.png,SO,0,242.00,0.00,04/26/2026 4:06:30 PM,10,0,0,0,0,0,0,0,0,0,0,0,0,0,0
OHTSU,F30483908,FP8000 245/35-19 93W 25.91,,https://images.wheelpros.com/m500/mFP800.png,SO,1,249.00,0.00,04/26/2026 4:06:30 PM,10,0,0,0,0,0,0,0,0,0,0,0,0,0,1
OHTSU,F30483910,FP8000 275/30-19 96W 25.63,,https://images.wheelpros.com/m500/mFP800.png,SO,0,296.00,0.00,04/26/2026 4:06:30 PM,10,0,0,0,0,0,0,0,0,0,0,0,0,0,0
OHTSU,F30483973,FP8000 255/35-19 96W 26.11,,https://images.wheelpros.com/m500/mFP800.png,SO,0,263.00,0.00,04/26/2026 4:06:30 PM,10,0,0,0,0,0,0,0,0,0,0,0,0,0,0
Falken,F59000110,SINCERA SN250A 205/55R17 95H XL 25.98,59000110,https://images.wheelpros.com/m500/mFA999.png,ST,0,277.00,0.00,04/26/2026 4:06:30 PM,10,0,0,0,0,0,0,0,0,0,0,0,0,0,0
Falken,F59000250,SINCERA SN250A 205/60R16 92H SL 25.8,59000250,https://images.wheelpros.com/m500/mFSN25.png,SO,0,184.00,0.00,04/26/2026 4:06:30 PM,10,0,0,0,0,0,0,0,0,0,0,0,0,0,0
Falken,F59000260,SINCERA SN250A 205/55R17 91H SL 26,59000260,https://images.wheelpros.com/m500/mFA999.png,SO,0,282.00,0.00,04/26/2026 4:06:30 PM,10,0,0,0,0,0,0,0,0,0,0,0,0,0,0
Falken,F59000290,SINCERA SN250A 215/60R16 95H SL 26.3,59000290,https://images.wheelpros.com/m500/mFA999.png,ST,0,196.00,0.00,04/26/2026 4:06:30 PM,10,0,0,0,0,0,0,0,0,0,0,0,0,0,0
Falken,F59000490,SINCERA SN250A 215/60R16 95T SL 26.2,59000490,https://images.wheelpros.com/m500/mFA999.png,SO,0,180.00,0.00,04/26/2026 4:06:30 PM,10,0,0,0,0,0,0,0,0,0,0,0,0,0,0
Falken,F59000500,SINCERA SN250A 215/55R17 94H SL 26.34,59000500,https://images.wheelpros.com/m500/mFA999.png,ST,0,238.00,0.00,04/26/2026 4:06:30 PM,10,0,0,0,0,0,0,0,0,0,0,0,0,0,0
Milestar,M23540001,STLPRO MS597S 205/65R15C 102/100S C 25.5,23540001,,ST,0,64.00,0.00,04/26/2026 4:06:30 PM,10,0,0,0,0,0,0,0,0,0,0,0,0,0,0
Milestar,M24082023,INTERCEPT AS810 245/40ZR18 97Y XL 25.7,24082023,,ST,0,80.00,0.00,04/26/2026 4:06:30 PM,10,0,0,0,0,0,0,0,0,0,0,0,0,0,0
Milestar,M24240015,MS775 TOURING SLE P205/70R15 95S SL 26.3,24240015,,ST,0,57.00,0.00,04/26/2026 4:06:30 PM,10,0,0,0,0,0,0,0,0,0,0,0,0,0,0
Milestar,M24244002,MS775 TOURING SLE P215/70R14 96S SL 25.9,24244002,,ST,0,59.00,0.00,04/26/2026 4:06:30 PM,10,0,0,0,0,0,0,0,0,0,0,0,0,0,0
Milestar,M24395022,INTERCEPT AS810 225/50ZR17 98W XL 25.9,24395022,,ST,0,70.00,0.00,04/26/2026 4:06:30 PM,10,0,0,0,0,0,0,0,0,0,0,0,0,0,0
Milestar,M24395023,WXGUARD AW365 225/50R17 98V XL 25.9,24395023,,ST,0,79.00,0.00,04/26/2026 4:06:30 PM,10,0,0,0,0,0,0,0,0,0,0,0,0,0,0
Milestar,M24470116,WXGUARD AW365 215/55R17 98V XL 26.3,24470116,,ST,0,66.00,0.00,04/26/2026 4:06:30 PM,10,0,0,0,0,0,0,0,0,0,0,0,0,0,0
Milestar,M24482001,STREETSTEEL P235/60R15 98T SL 26.1,24482001,,ST,0,83.00,0.00,04/26/2026 4:06:30 PM,10,0,0,0,0,0,0,0,0,0,0,0,0,0,0
Milestar,M24545027,STREETSTEEL P215/65R15 95T SL 26,24545027,,ST,0,80.00,0.00,04/26/2026 4:06:30 PM,10,0,0,0,0,0,0,0,0,0,0,0,0,0,0
Milestar,M24720005,MS775 TOURING SLE P195/75R14 92S SL 25.5,24720005,,ST,0,50.00,0.00,04/26/2026 4:06:30 PM,10,0,0,0,0,0,0,0,0,0,0,0,0,0,0
Milestar,M24725005,MS775 TOURING SLE P205/75R14 95S SL 26.1,24725005,,ST,0,55.00,0.00,04/26/2026 4:06:30 PM,10,0,0,0,0,0,0,0,0,0,0,0,0,0,0
Milestar,M24848008,INTERCEPT AS810 255/40ZR18 99Y XL 26,24848008,,ST,0,73.00,0.00,04/26/2026 4:06:30 PM,10,0,0,0,0,0,0,0,0,0,0,0,0,0,0
Milestar,M24851005,INTERCEPT AS810 235/40ZR19 96W XL 26.4,24851005,,ST,0,80.00,0.00,04/26/2026 4:06:30 PM,10,0,0,0,0,0,0,0,0,0,0,0,0,0,0
Milestar,M24990015,MS932 SPORT 225/45R18 95W XL 25.9,24990015,https://assets.wheelpros.com/transform/a00236d0-9e1c-47be-85e7-72d53fb2a029/MILESTAR-MS932-SPORT_STANDARD-png?size=500,ST,0,70.00,0.00,04/26/2026 4:06:30 PM,10,0,0,0,0,0,0,0,0,0,0,0,0,0,0
Milestar,M24990017,INTERCEPT AS810 225/45ZR18 95Y XL 25.9,24990017,,ST,0,73.00,0.00,04/26/2026 4:06:30 PM,10,0,0,0,0,0,0,0,0,0,0,0,0,0,0
Milestar,M24998010,INTERCEPT AS810 235/45ZR18 98Y XL 26.3,24998010,,ST,0,78.00,0.00,04/26/2026 4:06:30 PM,10,0,0,0,0,0,0,0,0,0,0,0,0,0,0
Milestar,M24998011,WXGUARD AW365 235/45R18 98V XL 26.3,24998011,,ST,0,79.00,0.00,04/26/2026 4:06:30 PM,10,0,0,0,0,0,0,0,0,0,0,0,0,0,0
EFX,MC-26-11-12,MOTOCLAW 26X11-12 80F 26,MC-26-11-12,https://assets.wheelpros.com/transform/0a72f5d9-b494-4b43-8c1c-142b7eeb0676/EFX-MOTOCLAW-MC-32-10-16-A1-png?size=500,ST,67,225.00,225.00,04/26/2026 4:06:30 PM,20,16,0,16,0,12,0,0,0,0,0,0,0,7,16
EFX,MC-26-9-12,MOTOCLAW 26X9-12 74F 26,MC-26-9-12,https://assets.wheelpros.com/transform/0a72f5d9-b494-4b43-8c1c-142b7eeb0676/EFX-MOTOCLAW-MC-32-10-16-A1-png?size=500,ST,75,202.00,202.00,04/26/2026 4:06:30 PM,20,16,0,16,0,16,0,0,0,0,0,0,0,14,13
EFX,MF-26-10-14,MOTOFORCE 26X10-14 76NHS 26,MF-26-10-14,https://assets.wheelpros.com/transform/39640333-f493-4aca-a4fa-03727ed86bd5/EFX-MOTOFORCE-MF-26-10-14-A1-png?size=500,ST,44,193.00,193.00,04/26/2026 4:06:30 PM,20,15,0,15,0,14,0,0,0,0,0,0,0,0,0
EFX,MF-26-8-14,MOTOFORCE 26X8-14 69NHS 26,MF-26-8-14,https://assets.wheelpros.com/transform/39640333-f493-4aca-a4fa-03727ed86bd5/EFX-MOTOFORCE-MF-26-10-14-A1-png?size=500,ST,12,169.00,169.00,04/26/2026 4:06:30 PM,20,0,0,4,0,8,0,0,0,0,0,0,0,0,0
Mickey Thompson Tire,MTT250656,PRO BRACKET RAD 26.0/10.0R17 25.98,250656,https://images.wheelpros.com/m500/mTIRE.png,NW,0,477.00,476.66,04/26/2026 4:06:30 PM,10,0,0,0,0,0,0,0,0,0,0,0,0,0,0
Mickey Thompson Tire,MTT255607,ET STREET SS P315/35R17 SL 26,255607,https://images.wheelpros.com/m500/mTIRE.png,ST,0,438.00,437.88,04/26/2026 4:06:30 PM,10,0,0,0,0,0,0,0,0,0,0,0,0,0,0
Mickey Thompson Tire,MTT315050007,PRO DRAG RAD 26.0/8.5R15 26.4,90000024091,https://images.wheelpros.com/m500/mMTPROB.png,ST,0,445.00,0.00,04/26/2026 4:06:30 PM,10,0,0,0,0,0,0,0,0,0,0,0,0,0,0
Mickey Thompson Tire,MTT315054010,ET STREET FRONT LT26X6.00R17 25.9,90000040428,https://images.wheelpros.com/m500/mMTETTD.png,ST,0,452.00,0.00,04/26/2026 4:06:30 PM,10,0,0,0,0,0,0,0,0,0,0,0,0,0,0
Mickey Thompson Tire,MTT315055010,ET STREET FRONT LT26X6.00R15 25.8,90000040427,https://images.wheelpros.com/m500/mMTETTD.png,ST,0,438.00,0.00,04/26/2026 4:06:30 PM,10,0,0,0,0,0,0,0,0,0,0,0,0,0,0
Mickey Thompson Tire,MTT315075006,PRO BRACKET RAD 26.0/10.0R17 25.98,250656,https://images.wheelpros.com/m500/mTIRE.png,NW,0,529.00,0.00,04/26/2026 4:06:30 PM,10,0,0,0,0,0,0,0,0,0,0,0,0,0,0
Mickey Thompson Tire,MTT315087004,ET STREET R 275/40R17 98 26.1,90000028456,https://images.wheelpros.com/m500/mMTETTE.png,ST,0,524.00,0.00,04/26/2026 4:06:30 PM,10,0,0,0,0,0,0,0,0,0,0,0,0,0,0
Mickey Thompson Tire,MTT315094004,ET STREET R 275/50R15 26.3,90000024641,https://images.wheelpros.com/m500/mMTETTE.png,ST,0,486.00,0.00,04/26/2026 4:06:30 PM,10,0,0,0,0,0,0,0,0,0,0,0,0,0,0
Mickey Thompson Tire,MTT315095004,ET STREET R 315/35R17 25.9,90000024649,https://images.wheelpros.com/m500/mMTETTE.png,ST,0,558.00,0.00,04/26/2026 4:06:30 PM,10,0,0,0,0,0,0,0,0,0,0,0,0,0,0
Mickey Thompson Tire,MTT315101003,ET STREET SS P315/35R17 SL 26,255607,https://images.wheelpros.com/m500/mTIRE.png,ST,0,505.00,0.00,04/26/2026 4:06:30 PM,10,0,0,0,0,0,0,0,0,0,0,0,0,0,0
Mickey Thompson Tire,MTT315102003,ET STREET SS 275/40R17 26,90000024558,https://images.wheelpros.com/m500/mMTETTG.png,ST,0,473.00,0.00,04/26/2026 4:06:30 PM,10,0,0,0,0,0,0,0,0,0,0,0,0,0,0
Mickey Thompson Tire,MTT315103003,ET STREET SS 255/50R16 26.4,90000024557,https://images.wheelpros.com/m500/mMTETTG.png,ST,0,446.00,0.00,04/26/2026 4:06:30 PM,10,0,0,0,0,0,0,0,0,0,0,0,0,0,0
Mickey Thompson Tire,MTT315107003,ET STREET SS 275/50R15 26.4,90000024550,https://images.wheelpros.com/m500/mMTETTG.png,ST,0,448.00,0.00,04/26/2026 4:06:30 PM,10,0,0,0,0,0,0,0,0,0,0,0,0,0,0
Mickey Thompson Tire,MTT315108003,ET STREET SS 235/60R15 26.2,90000024528,https://images.wheelpros.com/m500/mMTETTG.png,ST,0,428.00,0.00,04/26/2026 4:06:30 PM,10,0,0,0,0,0,0,0,0,0,0,0,0,0,0
Mickey Thompson Tire,MTT321001001,SPORTSMAN ST 235/60R15 98T 26.1,90000000181,https://images.wheelpros.com/m500/mMTSPOC.png,ST,0,276.00,0.00,04/26/2026 4:06:30 PM,10,0,0,0,0,0,0,0,0,0,0,0,0,0,0
Mickey Thompson Tire,MTT321009002,STREET COMP 245/45R17 95Y 25.6,90000001579,https://images.wheelpros.com/m500/mMTSTRA.png,ST,0,289.00,0.00,04/26/2026 4:06:30 PM,10,0,0,0,0,0,0,0,0,0,0,0,0,0,0
Mickey Thompson Tire,MTT321010002,STREET COMP 275/40R17 98W 25.6,90000001600,https://images.wheelpros.com/m500/mMTSTRA.png,ST,0,335.00,0.00,04/26/2026 4:06:30 PM,10,0,0,0,0,0,0,0,0,0,0,0,0,0,0
Mickey Thompson Tire,MTT321011002,STREET COMP 315/35R17 102W 25.6,90000020061,https://images.wheelpros.com/m500/mMTSTRA.png,ST,0,365.00,0.00,04/26/2026 4:06:30 PM,10,0,0,0,0,0,0,0,0,0,0,0,0,0,0
Mickey Thompson Tire,MTT321012002,STREET COMP 245/40R18 97Y 25.7,90000001605,https://images.wheelpros.com/m500/mMTSTRA.png,ST,0,345.00,0.00,04/26/2026 4:06:30 PM,10,0,0,0,0,0,0,0,0,0,0,0,0,0,0
Mickey Thompson Tire,MTT321013002,STREET COMP 295/35R18 99Y 26.1,90000022370,https://images.wheelpros.com/m500/mMTSTRA.png,ST,0,469.00,0.00,04/26/2026 4:06:30 PM,10,0,0,0,0,0,0,0,0,0,0,0,0,0,0
Mickey Thompson Tire,MTT321024005,SPORTSMAN FRONT LT26X7.50-15 26,90000000594,https://images.wheelpros.com/m500/mMTSPOA.png,ST,0,349.00,0.00,04/26/2026 4:06:30 PM,10,0,0,0,0,0,0,0,0,0,0,0,0,0,0
Mickey Thompson Tire,MTT321027005,SPORTSMAN FRONT LT26X7.50-15 26,90000000593,https://images.wheelpros.com/m500/mMTSPOA.png,ST,0,303.00,0.00,04/26/2026 4:06:30 PM,10,0,0,0,0,0,0,0,0,0,0,0,0,0,0
Mickey Thompson Tire,MTT321039004,SPORTSMAN SR LT26X6.00-15,90000000230,https://images.wheelpros.com/m500/mMTSPOB.png,NW,0,469.00,0.00,04/26/2026 4:06:30 PM,10,0,0,0,0,0,0,0,0,0,0,0,0,0,0
Mickey Thompson Tire,MTT321050004,SPORTSMAN SR LT26X6.00R17 26.1,90000020379,https://images.wheelpros.com/m500/mMTSPOB.png,ST,0,494.00,0.00,04/26/2026 4:06:30 PM,10,0,0,0,0,0,0,0,0,0,0,0,0,0,0
Mickey Thompson Tire,MTT321051004,SPORTSMAN SR LT26X6.00R18 79H 26,90000000241,https://images.wheelpros.com/m500/mMTSPOB.png,ST,0,550.00,0.00,04/26/2026 4:06:30 PM,10,0,0,0,0,0,0,0,0,0,0,0,0,0,0
Mickey Thompson Tire,MTT321056004,SPORTSMAN SR LT26X8.00R15 80H 26.1,90000000228,https://images.wheelpros.com/m500/mMTSPOB.png,ST,0,525.00,0.00,04/26/2026 4:06:30 PM,10,0,0,0,0,0,0,0,0,0,0,0,0,0,0
Mickey Thompson Tire,MTT365001011,ET DRAG 26.0/10.0-15 26,90000000843,https://images.wheelpros.com/m500/mMTETTA.png,ST,0,408.00,0.00,04/26/2026 4:06:30 PM,10,0,0,0,0,0,0,0,0,0,0,0,0,0,0
Mickey Thompson Tire,MTT365043011,ET DRAG 26.0/8.5-15 25.9,90000000842,https://images.wheelpros.com/m500/mMTETTA.png,ST,0,398.00,0.00,04/26/2026 4:06:30 PM,10,0,0,0,0,0,0,0,0,0,0,0,0,0,0
Mickey Thompson Tire,MTT365069020,ET FRONT 26.0/4.0-15 26.1,90000026533,https://images.wheelpros.com/m500/mMTETTB.png,ST,0,323.00,0.00,04/26/2026 4:06:30 PM,10,0,0,0,0,0,0,0,0,0,0,0,0,0,0
Mickey Thompson Tire,MTT90000000181,SPORTSMAN ST 235/60R15 98T 26.1,90000000181,https://images.wheelpros.com/m500/mMTSPOC.png,ST,0,244.00,243.83,04/26/2026 4:06:30 PM,10,0,0,0,0,0,0,0,0,0,0,0,0,0,0
Mickey Thompson Tire,MTT90000000228,SPORTSMAN SR LT26X8.00R15 80H 26.1,90000000228,https://images.wheelpros.com/m500/mMTSPOB.png,ST,0,467.00,467.03,04/26/2026 4:06:30 PM,10,0,0,0,0,0,0,0,0,0,0,0,0,0,0
Mickey Thompson Tire,MTT90000000230,SPORTSMAN SR LT26X6.00-15,90000000230,https://images.wheelpros.com/m500/mMTSPOB.png,NW,0,418.00,418.07,04/26/2026 4:06:30 PM,10,0,0,0,0,0,0,0,0,0,0,0,0,0,0
Mickey Thompson Tire,MTT90000000241,SPORTSMAN SR LT26X6.00R18 79H 26,90000000241,https://images.wheelpros.com/m500/mMTSPOB.png,ST,0,499.00,499.26,04/26/2026 4:06:30 PM,10,0,0,0,0,0,0,0,0,0,0,0,0,0,0
Mickey Thompson Tire,MTT90000000593,SPORTSMAN FRONT LT26X7.50-15 26,90000000593,https://images.wheelpros.com/m500/mMTSPOA.png,ST,0,260.00,259.87,04/26/2026 4:06:30 PM,10,0,0,0,0,0,0,0,0,0,0,0,0,0,0
Mickey Thompson Tire,MTT90000000594,SPORTSMAN FRONT LT26X7.50-15 26,90000000594,https://images.wheelpros.com/m500/mMTSPOA.png,ST,0,301.00,301.45,04/26/2026 4:06:30 PM,10,0,0,0,0,0,0,0,0,0,0,0,0,0,0
Mickey Thompson Tire,MTT90000000842,ET DRAG 26.0/8.5-15 25.9,90000000842,https://images.wheelpros.com/m500/mMTETTA.png,ST,0,352.00,351.94,04/26/2026 4:06:30 PM,10,0,0,0,0,0,0,0,0,0,0,0,0,0,0
Mickey Thompson Tire,MTT90000000843,ET DRAG 26.0/10.0-15 26,90000000843,https://images.wheelpros.com/m500/mMTETTA.png,ST,0,362.00,361.57,04/26/2026 4:06:30 PM,10,0,0,0,0,0,0,0,0,0,0,0,0,0,0
Mickey Thompson Tire,MTT90000001579,STREET COMP 245/45R17 95Y 25.6,90000001579,https://images.wheelpros.com/m500/mMTSTRA.png,ST,12,264.00,263.64,04/26/2026 4:06:30 PM,10,12,0,0,0,0,0,0,0,0,0,0,0,0,0
Mickey Thompson Tire,MTT90000001600,STREET COMP 275/40R17 98W 25.6,90000001600,https://images.wheelpros.com/m500/mMTSTRA.png,ST,0,307.00,307.03,04/26/2026 4:06:30 PM,10,0,0,0,0,0,0,0,0,0,0,0,0,0,0
Mickey Thompson Tire,MTT90000001605,STREET COMP 245/40R18 97Y 25.7,90000001605,https://images.wheelpros.com/m500/mMTSTRA.png,ST,0,307.00,307.44,04/26/2026 4:06:30 PM,10,0,0,0,0,0,0,0,0,0,0,0,0,0,0
Mickey Thompson Tire,MTT90000020061,STREET COMP 315/35R17 102W 25.6,90000020061,https://images.wheelpros.com/m500/mMTSTRA.png,ST,12,357.00,357.11,04/26/2026 4:06:30 PM,10,12,0,0,0,0,0,0,0,0,0,0,0,0,0
Mickey Thompson Tire,MTT90000020379,SPORTSMAN SR LT26X6.00R17 26.1,90000020379,https://images.wheelpros.com/m500/mMTSPOB.png,ST,2,445.00,444.57,04/26/2026 4:06:30 PM,10,0,0,0,0,0,0,0,0,0,0,0,0,2,0
Mickey Thompson Tire,MTT90000022370,STREET COMP 295/35R18 99Y 26.1,90000022370,https://images.wheelpros.com/m500/mMTSTRA.png,ST,2,443.00,442.90,04/26/2026 4:06:30 PM,10,0,0,0,0,0,0,0,0,0,0,0,0,2,0
Mickey Thompson Tire,MTT90000024091,PRO DRAG RAD 26.0/8.5R15 26.4,90000024091,https://images.wheelpros.com/m500/mMTPROB.png,ST,0,388.00,388.21,04/26/2026 4:06:30 PM,10,0,0,0,0,0,0,0,0,0,0,0,0,0,0
Mickey Thompson Tire,MTT90000024528,ET STREET SS 235/60R15 26.2,90000024528,https://images.wheelpros.com/m500/mMTETTG.png,ST,0,374.00,373.71,04/26/2026 4:06:30 PM,10,0,0,0,0,0,0,0,0,0,0,0,0,0,0
Mickey Thompson Tire,MTT90000024550,ET STREET SS 275/50R15 26.4,90000024550,https://images.wheelpros.com/m500/mMTETTG.png,ST,5,388.00,388.35,04/26/2026 4:06:30 PM,10,0,2,0,0,3,0,0,0,0,0,0,0,0,0
Mickey Thompson Tire,MTT90000024557,ET STREET SS 255/50R16 26.4,90000024557,https://images.wheelpros.com/m500/mMTETTG.png,ST,0,381.00,380.68,04/26/2026 4:06:30 PM,10,0,0,0,0,0,0,0,0,0,0,0,0,0,0
Mickey Thompson Tire,MTT90000024558,ET STREET SS 275/40R17 26,90000024558,https://images.wheelpros.com/m500/mMTETTG.png,ST,0,413.00,412.63,04/26/2026 4:06:30 PM,10,0,0,0,0,0,0,0,0,0,0,0,0,0,0
Mickey Thompson Tire,MTT90000024641,ET STREET R 275/50R15 26.3,90000024641,https://images.wheelpros.com/m500/mMTETTE.png,ST,0,440.00,440.11,04/26/2026 4:06:30 PM,10,0,0,0,0,0,0,0,0,0,0,0,0,0,0
Mickey Thompson Tire,MTT90000024649,ET STREET R 315/35R17 25.9,90000024649,https://images.wheelpros.com/m500/mMTETTE.png,ST,7,496.00,496.33,04/26/2026 4:06:30 PM,10,2,4,0,0,1,0,0,0,0,0,0,0,0,0
Mickey Thompson Tire,MTT90000026533,ET FRONT 26.0/4.0-15 26.1,90000026533,https://images.wheelpros.com/m500/mMTETTB.png,ST,0,285.00,284.98,04/26/2026 4:06:30 PM,10,0,0,0,0,0,0,0,0,0,0,0,0,0,0
Mickey Thompson Tire,MTT90000028456,ET STREET R 275/40R17 98 26.1,90000028456,https://images.wheelpros.com/m500/mMTETTE.png,ST,2,468.00,467.73,04/26/2026 4:06:30 PM,10,0,0,0,0,0,0,0,0,0,0,0,0,2,0
Mickey Thompson Tire,MTT90000040427,ET STREET FRONT LT26X6.00R15 25.8,90000040427,https://images.wheelpros.com/m500/mMTETTD.png,ST,0,394.00,394.35,04/26/2026 4:06:30 PM,10,0,0,0,0,0,0,0,0,0,0,0,0,0,0
Mickey Thompson Tire,MTT90000040428,ET STREET FRONT LT26X6.00R17 25.9,90000040428,https://images.wheelpros.com/m500/mMTETTD.png,ST,0,408.00,407.74,04/26/2026 4:06:30 PM,10,0,0,0,0,0,0,0,0,0,0,0,0,0,0
Nitto,N108-610,NT555RII P275/50R15 101W SL 25.8,108610,https://assets.wheelpros.com/transform/9b82714c-4bdc-49de-b8e0-f14d167aa947/NITTO-NT555RII_STANDARD-png?size=500,ST,24,355.00,0.00,04/26/2026 4:06:30 PM,10,0,1,13,0,0,0,0,0,0,0,0,0,0,10
Nitto,N108-650,NT555RII P275/40R17 93W LL 25.6,108650,https://assets.wheelpros.com/transform/9b82714c-4bdc-49de-b8e0-f14d167aa947/NITTO-NT555RII_STANDARD-png?size=500,ST,16,454.00,0.00,04/26/2026 4:06:30 PM,10,14,0,0,0,0,0,0,0,0,0,0,0,0,2
Nitto,N108-670,NT555RII P315/35R17 93W LL 25.6,108670,https://assets.wheelpros.com/transform/9b82714c-4bdc-49de-b8e0-f14d167aa947/NITTO-NT555RII_STANDARD-png?size=500,ST,8,536.00,0.00,04/26/2026 4:06:30 PM,10,8,0,0,0,0,0,0,0,0,0,0,0,0,0
Nitto,N108-700,NT555RII 305/35R18 105W XL 26.4,108700,https://assets.wheelpros.com/transform/9b82714c-4bdc-49de-b8e0-f14d167aa947/NITTO-NT555RII_STANDARD-png?size=500,ST,10,625.00,0.00,04/26/2026 4:06:30 PM,10,0,0,0,0,0,0,0,0,0,0,0,0,8,2
Nitto,N108-720,NT555RII 245/50R16 97W SL 25.6,108720,https://assets.wheelpros.com/transform/9b82714c-4bdc-49de-b8e0-f14d167aa947/NITTO-NT555RII_STANDARD-png?size=500,ST,16,342.00,0.00,04/26/2026 4:06:30 PM,10,0,0,10,0,0,0,0,0,0,0,0,0,6,0
Nitto,N108-750,NT555RII 245/45R17 99W XL 25.6,108750,https://assets.wheelpros.com/transform/9b82714c-4bdc-49de-b8e0-f14d167aa947/NITTO-NT555RII_STANDARD-png?size=500,ST,0,376.00,0.00,04/26/2026 4:06:30 PM,10,0,0,0,0,0,0,0,0,0,0,0,0,0,0
Nitto,N108-800,NT555RII P335/30R18 95W LL 25.9,108800,https://assets.wheelpros.com/transform/9b82714c-4bdc-49de-b8e0-f14d167aa947/NITTO-NT555RII_STANDARD-png?size=500,ST,24,711.00,0.00,04/26/2026 4:06:30 PM,10,16,0,0,0,0,0,0,0,0,0,0,0,8,0
Nitto,N180-670,NT555R 285/35ZR18 95V 25.91,180670,https://images.wheelpros.com/m500/mNT55R.png,N2,0,418.00,0.00,04/26/2026 4:06:30 PM,10,0,0,0,0,0,0,0,0,0,0,0,0,0,0
Nitto,N180-800,NT555R 315/35R17 101W 25.79,180800,https://images.wheelpros.com/m500/mNT55R.png,N2,0,282.00,0.00,04/26/2026 4:06:30 PM,10,0,0,0,0,0,0,0,0,0,0,0,0,0,0
Nitto,N185-150,NEO GEN 225/35ZR20 90W XL 26.4,185150,https://images.wheelpros.com/m500/mNTNEO.png,ST,0,275.00,0.00,04/26/2026 4:06:30 PM,10,0,0,0,0,0,0,0,0,0,0,0,0,0,0
Nitto,N185-180,NEO GEN 245/30ZR20 90W XL 25.9,185180,https://images.wheelpros.com/m500/mNTNEO.png,ST,0,358.00,0.00,04/26/2026 4:06:30 PM,10,0,0,0,0,0,0,0,0,0,0,0,0,0,0
Nitto,N185-210,NEO GEN 245/35ZR19 93W XL 25.7,185210,https://images.wheelpros.com/m500/mNTNEO.png,ST,4,338.00,0.00,04/26/2026 4:06:30 PM,10,0,4,0,0,0,0,0,0,0,0,0,0,0,0
Nitto,N185-250,NEO GEN 245/40ZR18 97W XL 25.7,185250,https://images.wheelpros.com/m500/mNTNEO.png,ST,4,288.00,0.00,04/26/2026 4:06:30 PM,10,0,0,0,0,0,0,0,4,0,0,0,0,0,0
Nitto,N185-260,NEO GEN 225/50ZR17 98W XL 25.9,185260,https://images.wheelpros.com/m500/mNTNEO.png,ST,8,224.00,0.00,04/26/2026 4:06:30 PM,10,0,4,4,0,0,0,0,0,0,0,0,0,0,0
Nitto,N185-270,NEO GEN 235/50ZR17 100W XL 26.2,185270,https://images.wheelpros.com/m500/mNTNEO.png,ST,0,232.00,0.00,04/26/2026 4:06:30 PM,10,0,0,0,0,0,0,0,0,0,0,0,0,0,0
Nitto,N185-300,NEO GEN 305/25ZR20 97W XL 25.9,185300,https://images.wheelpros.com/m500/mNTNEO.png,ST,0,592.00,0.00,04/26/2026 4:06:30 PM,10,0,0,0,0,0,0,0,0,0,0,0,0,0,0
Nitto,N185-310,NEO GEN 235/30ZR20 88W XL 25.7,185310,https://images.wheelpros.com/m500/mNTNEO.png,ST,2,344.00,0.00,04/26/2026 4:06:30 PM,10,0,0,0,0,0,0,0,0,0,0,0,0,2,0
Nitto,N202-910,INVO 255/35ZR19 96Y XL 26,202910,https://assets.wheelpros.com/transform/8bb15b84-23d7-430a-ad89-20567eed78e2/Nitto-Invo_Standard-png?size=500,ST,6,442.00,0.00,04/26/2026 4:06:30 PM,10,0,0,0,0,0,0,0,0,0,0,0,0,6,0
Nitto,N202-970,INVO 305/30ZR19 102Y XL 26.2,202970,https://assets.wheelpros.com/transform/8bb15b84-23d7-430a-ad89-20567eed78e2/Nitto-Invo_Standard-png?size=500,ST,0,620.00,0.00,04/26/2026 4:06:30 PM,10,0,0,0,0,0,0,0,0,0,0,0,0,0,0
Nitto,N203-120,INVO 235/35ZR19 91W XL 25.5,203120,https://assets.wheelpros.com/transform/8bb15b84-23d7-430a-ad89-20567eed78e2/Nitto-Invo_Standard-png?size=500,ST,12,392.00,0.00,04/26/2026 4:06:30 PM,10,0,0,0,0,0,0,0,0,0,0,0,0,8,4
Nitto,N203-160,INVO 245/35R19 93W XL 25.7,203160,https://assets.wheelpros.com/transform/8bb15b84-23d7-430a-ad89-20567eed78e2/Nitto-Invo_Standard-png?size=500,ST,4,418.00,0.00,04/26/2026 4:06:30 PM,10,0,0,0,0,0,0,0,0,0,0,0,0,4,0
Nitto,N203-220,INVO 285/30ZR19 98W XL 25.7,203220,https://assets.wheelpros.com/transform/8bb15b84-23d7-430a-ad89-20567eed78e2/Nitto-Invo_Standard-png?size=500,ST,0,526.00,0.00,04/26/2026 4:06:30 PM,10,0,0,0,0,0,0,0,0,0,0,0,0,0,0
Nitto,N203-230,INVO 305/25ZR20 97Y XL 25.9,203230,https://assets.wheelpros.com/transform/8bb15b84-23d7-430a-ad89-20567eed78e2/Nitto-Invo_Standard-png?size=500,ST,0,648.00,0.00,04/26/2026 4:06:30 PM,10,0,0,0,0,0,0,0,0,0,0,0,0,0,0
Nitto,N203-250,INVO 255/30ZR20 92Y XL 26.1,203250,https://assets.wheelpros.com/transform/8bb15b84-23d7-430a-ad89-20567eed78e2/Nitto-Invo_Standard-png?size=500,ST,0,462.00,0.00,04/26/2026 4:06:30 PM,10,0,0,0,0,0,0,0,0,0,0,0,0,0,0
Nitto,N203-260,INVO 275/35ZR18 99W XL 25.5,203260,https://assets.wheelpros.com/transform/8bb15b84-23d7-430a-ad89-20567eed78e2/Nitto-Invo_Standard-png?size=500,ST,0,448.00,0.00,04/26/2026 4:06:30 PM,10,0,0,0,0,0,0,0,0,0,0,0,0,0,0
Nitto,N203-280,INVO 225/45R18 91W SL 25.9,203280,https://assets.wheelpros.com/transform/8bb15b84-23d7-430a-ad89-20567eed78e2/Nitto-Invo_Standard-png?size=500,ST,14,341.00,0.00,04/26/2026 4:06:30 PM,10,0,0,0,0,0,0,0,0,0,0,0,0,0,14
Nitto,N203-330,INVO 295/35ZR18 99W SL 26,203330,https://assets.wheelpros.com/transform/8bb15b84-23d7-430a-ad89-20567eed78e2/Nitto-Invo_Standard-png?size=500,ST,32,533.00,0.00,04/26/2026 4:06:30 PM,10,16,0,2,0,0,1,4,4,0,0,0,0,1,4
Nitto,N203-360,INVO 245/30ZR20 90W XL 25.8,203360,https://assets.wheelpros.com/transform/8bb15b84-23d7-430a-ad89-20567eed78e2/Nitto-Invo_Standard-png?size=500,ST,5,462.00,0.00,04/26/2026 4:06:30 PM,10,0,0,0,0,0,0,0,0,0,0,0,0,2,3
Nitto,N203-470,INVO 295/25ZR20 95W XL 25.7,203470,https://assets.wheelpros.com/transform/8bb15b84-23d7-430a-ad89-20567eed78e2/Nitto-Invo_Standard-png?size=500,ST,0,566.00,0.00,04/26/2026 4:06:30 PM,10,0,0,0,0,0,0,0,0,0,0,0,0,0,0
Nitto,N203-480,INVO 235/30ZR20 88Y XL 25.7,203480,https://assets.wheelpros.com/transform/8bb15b84-23d7-430a-ad89-20567eed78e2/Nitto-Invo_Standard-png?size=500,ST,11,418.00,0.00,04/26/2026 4:06:30 PM,10,0,0,0,1,0,0,10,0,0,0,0,0,0,0
Nitto,N203-510,INVO 275/30ZR19 96Y XL 25.5,203510,https://assets.wheelpros.com/transform/8bb15b84-23d7-430a-ad89-20567eed78e2/Nitto-Invo_Standard-png?size=500,ST,0,510.00,0.00,04/26/2026 4:06:30 PM,10,0,0,0,0,0,0,0,0,0,0,0,0,0,0
Nitto,N203-540,INVO 245/35ZR19 93Y XL 25.7,203540,https://assets.wheelpros.com/transform/8bb15b84-23d7-430a-ad89-20567eed78e2/Nitto-Invo_Standard-png?size=500,ST,0,426.00,0.00,04/26/2026 4:06:30 PM,10,0,0,0,0,0,0,0,0,0,0,0,0,0,0
Nitto,N203-550,INVO 225/40ZR19 93Y XL 26.1,203550,https://assets.wheelpros.com/transform/8bb15b84-23d7-430a-ad89-20567eed78e2/Nitto-Invo_Standard-png?size=500,ST,1,425.00,0.00,04/26/2026 4:06:30 PM,10,0,0,0,1,0,0,0,0,0,0,0,0,0,0
Nitto,N203-620,INVO 235/45ZR17 94W SL 25.5,203620,https://assets.wheelpros.com/transform/8bb15b84-23d7-430a-ad89-20567eed78e2/Nitto-Invo_Standard-png?size=500,ST,4,272.00,0.00,04/26/2026 4:06:30 PM,10,0,0,0,0,0,4,0,0,0,0,0,0,0,0
Nitto,N203-630,INVO 245/45ZR17 95W SL 25.7,203630,https://assets.wheelpros.com/transform/8bb15b84-23d7-430a-ad89-20567eed78e2/Nitto-Invo_Standard-png?size=500,ST,0,299.00,0.00,04/26/2026 4:06:30 PM,10,0,0,0,0,0,0,0,0,0,0,0,0,0,0
Nitto,N203-810,INVO 245/40R18 97W XL 25.9,203810,https://assets.wheelpros.com/transform/8bb15b84-23d7-430a-ad89-20567eed78e2/Nitto-Invo_Standard-png?size=500,ST,0,364.00,0.00,04/26/2026 4:06:30 PM,10,0,0,0,0,0,0,0,0,0,0,0,0,0,0
Nitto,N203-850,INVO 285/25ZR20 93Y XL 25.5,203850,https://assets.wheelpros.com/transform/8bb15b84-23d7-430a-ad89-20567eed78e2/Nitto-Invo_Standard-png?size=500,ST,0,557.00,0.00,04/26/2026 4:06:30 PM,10,0,0,0,0,0,0,0,0,0,0,0,0,0,0
Nitto,N204-220,NTSN2 215/60-16 95T 26.16,204220,https://images.wheelpros.com/m500/mNTSN2.png,SO,0,129.00,0.00,04/26/2026 4:06:30 PM,10,0,0,0,0,0,0,0,0,0,0,0,0,0,0
Nitto,N204-240,NTSN2 225/50-17 94T 25.86,204240,https://images.wheelpros.com/m500/mNTSN2.png,SO,0,173.00,0.00,04/26/2026 4:06:30 PM,10,0,0,0,0,0,0,0,0,0,0,0,0,0,0
Nitto,N204-390,NTSN2 205/60-16 92T 25.69,204390,https://images.wheelpros.com/m500/mNTSN2.png,SO,0,123.00,0.00,04/26/2026 4:06:30 PM,10,0,0,0,0,0,0,0,0,0,0,0,0,0,0
Nitto,N204-420,NTSN2 205/70-15 96T 26.3,204420,https://images.wheelpros.com/m500/mNTSN2.png,SO,0,96.00,0.00,04/26/2026 4:06:30 PM,10,0,0,0,0,0,0,0,0,0,0,0,0,0,0
Nitto,N204-430,NTSN2 205/65-16 95T 26.49,204430,https://images.wheelpros.com/m500/mNTSN2.png,SO,0,121.00,0.00,04/26/2026 4:06:30 PM,10,0,0,0,0,0,0,0,0,0,0,0,0,0,0
Nitto,N204-500,INVO 255/40ZR18 99Y XL 26,204500,https://assets.wheelpros.com/transform/8bb15b84-23d7-430a-ad89-20567eed78e2/Nitto-Invo_Standard-png?size=500,ST,0,412.00,0.00,04/26/2026 4:06:30 PM,10,0,0,0,0,0,0,0,0,0,0,0,0,0,0
Nitto,N207-000,NT05 315/35ZR17 102W SL 25.5,207000,https://assets.wheelpros.com/transform/c954c748-4606-49f4-bebf-e1d38fe0ebb7/Nitto-NT05_Standard-png?size=500,ST,8,425.00,0.00,04/26/2026 4:06:30 PM,10,0,0,0,0,0,0,0,0,0,0,0,0,8,0
Nitto,N207-010,NT05 275/40ZR17 98W SL 25.5,207010,https://assets.wheelpros.com/transform/c954c748-4606-49f4-bebf-e1d38fe0ebb7/Nitto-NT05_Standard-png?size=500,ST,8,322.00,0.00,04/26/2026 4:06:30 PM,10,0,2,0,0,0,0,0,0,0,0,0,0,0,6
Nitto,N207-020,NT05 275/35ZR18 99W XL 25.6,207020,https://assets.wheelpros.com/transform/c954c748-4606-49f4-bebf-e1d38fe0ebb7/Nitto-NT05_Standard-png?size=500,ST,17,451.00,0.00,04/26/2026 4:06:30 PM,10,0,0,12,0,0,0,0,0,0,0,0,0,3,2
Nitto,N207-030,NT05 245/40R18 97W XL 25.5,207030,https://assets.wheelpros.com/transform/c954c748-4606-49f4-bebf-e1d38fe0ebb7/Nitto-NT05_Standard-png?size=500,ST,3,341.00,0.00,04/26/2026 4:06:30 PM,10,0,0,1,0,0,0,0,0,0,0,0,0,2,0
Nitto,N207-070,NT05 275/30R19 96W XL 25.5,207070,https://assets.wheelpros.com/transform/c954c748-4606-49f4-bebf-e1d38fe0ebb7/Nitto-NT05_Standard-png?size=500,ST,0,544.00,0.00,04/26/2026 4:06:30 PM,10,0,0,0,0,0,0,0,0,0,0,0,0,0,0
Nitto,N207-090,NT05 245/35R19 93W XL 25.7,207090,https://assets.wheelpros.com/transform/c954c748-4606-49f4-bebf-e1d38fe0ebb7/Nitto-NT05_Standard-png?size=500,ST,0,418.00,0.00,04/26/2026 4:06:30 PM,10,0,0,0,0,0,0,0,0,0,0,0,0,0,0
Nitto,N207-140,NT05 285/35ZR18 101W XL 25.9,207140,https://assets.wheelpros.com/transform/c954c748-4606-49f4-bebf-e1d38fe0ebb7/Nitto-NT05_Standard-png?size=500,ST,0,469.00,0.00,04/26/2026 4:06:30 PM,10,0,0,0,0,0,0,0,0,0,0,0,0,0,0
Nitto,N207-150,NT05 295/35ZR18 99W SL 26.1,207150,https://assets.wheelpros.com/transform/c954c748-4606-49f4-bebf-e1d38fe0ebb7/Nitto-NT05_Standard-png?size=500,ST,11,510.00,0.00,04/26/2026 4:06:30 PM,10,0,2,1,0,0,0,0,0,0,0,0,0,6,2
Nitto,N207-190,NT05 225/40-19 93W 26.15,,https://images.wheelpros.com/m500/mNT05.png,N2,8,400.00,0.00,04/26/2026 4:06:30 PM,10,0,0,0,0,0,0,0,0,0,0,0,0,8,0
Nitto,N207-390,NT05 275/35ZR18 95W SL 25.5,207390,https://assets.wheelpros.com/transform/c954c748-4606-49f4-bebf-e1d38fe0ebb7/Nitto-NT05_Standard-png?size=500,ST,0,270.00,0.00,04/26/2026 4:06:30 PM,10,0,0,0,0,0,0,0,0,0,0,0,0,0,0
Nitto,N207-400,NT05 295/35ZR18 99W SL 26,207400,https://assets.wheelpros.com/transform/c954c748-4606-49f4-bebf-e1d38fe0ebb7/Nitto-NT05_Standard-png?size=500,ST,0,304.00,0.00,04/26/2026 4:06:30 PM,10,0,0,0,0,0,0,0,0,0,0,0,0,0,0
Nitto,N208-110,SN3 215/60R16 95H 26.1,208110,https://images.wheelpros.com/m500/mNTSN3.png,SO,22,182.00,0.00,04/26/2026 4:06:30 PM,10,0,0,0,0,0,0,0,0,0,0,0,0,6,16
Nitto,N208-120,SN3 205/60R16 92H 25.7,208120,https://images.wheelpros.com/m500/mNTSN3.png,SO,20,177.00,0.00,04/26/2026 4:06:30 PM,10,0,0,0,0,0,0,0,0,0,0,0,0,4,16
Nitto,N208-130,SN3 215/55R17 98H 26.3,208130,https://images.wheelpros.com/m500/mNTSN3.png,SO,16,216.00,0.00,04/26/2026 4:06:30 PM,10,0,0,0,0,0,0,0,0,0,0,0,0,0,16
Nitto,N208-210,SN3 205/65R15 94H 25.5,208210,https://images.wheelpros.com/m500/mNTSN3.png,SO,0,170.00,0.00,04/26/2026 4:06:30 PM,10,0,0,0,0,0,0,0,0,0,0,0,0,0,0
Nitto,N208-330,SN3 245/40R18 97V 25.7,208330,https://images.wheelpros.com/m500/mNTSN3.png,SO,3,345.00,0.00,04/26/2026 4:06:30 PM,10,0,0,0,0,0,0,0,0,0,0,0,0,0,3
Nitto,N208-410,SN3 225/50R17 94H 25.9,208410,https://images.wheelpros.com/m500/mNTSN3.png,SO,8,245.00,0.00,04/26/2026 4:06:30 PM,10,0,0,0,0,0,0,0,0,0,0,0,0,4,4
Nitto,N208-460,SN3 225/45R18 95V 25.9,208460,https://images.wheelpros.com/m500/mNTSN3.png,SO,13,294.00,0.00,04/26/2026 4:06:30 PM,10,0,0,0,0,0,0,0,0,0,0,0,0,4,9
Nitto,N208-480,SN3 215/50R17 95H 25.5,208480,https://images.wheelpros.com/m500/mNTSN3.png,SO,8,227.00,0.00,04/26/2026 4:06:30 PM,10,0,0,0,0,0,0,0,0,0,0,0,0,4,4
Nitto,N208-570,SN3 235/45R18 98V 26.3,208570,https://images.wheelpros.com/m500/mNTSN3.png,SO,18,319.00,0.00,04/26/2026 4:06:30 PM,10,0,0,0,0,0,0,0,0,0,0,0,0,6,12
Nitto,N210-020,MOTIVO 225/50ZR17 98W XL 25.8,210020,https://images.wheelpros.com/m500/mNTMV.png,N2,1,226.00,0.00,04/26/2026 4:06:30 PM,10,0,0,0,0,0,0,0,0,0,0,0,0,0,1
Nitto,N210-050,MOTIVO 245/45ZR17 99W XL 25.6,210050,https://images.wheelpros.com/m500/mNTMV.png,N2,0,240.00,0.00,04/26/2026 4:06:30 PM,10,0,0,0,0,0,0,0,0,0,0,0,0,0,0
Nitto,N210-070,MOTIVO 225/45ZR18 95Y XL 25.9,210070,https://images.wheelpros.com/m500/mNTMV.png,N2,0,274.00,0.00,04/26/2026 4:06:30 PM,10,0,0,0,0,0,0,0,0,0,0,0,0,0,0
Nitto,N210-120,MOTIVO 275/40ZR17 98W SL 25.6,210120,https://images.wheelpros.com/m500/mNTMV.png,N2,0,269.00,0.00,04/26/2026 4:06:30 PM,10,0,0,0,0,0,0,0,0,0,0,0,0,0,0
Nitto,N210-150,MOTIVO 215/55ZR17 98W XL 26.2,210150,https://images.wheelpros.com/m500/mNTMV.png,N2,1,226.00,0.00,04/26/2026 4:06:30 PM,10,0,0,0,1,0,0,0,0,0,0,0,0,0,0
Nitto,N210-190,MOTIVO 275/35ZR18 99Y XL 25.6,210190,https://images.wheelpros.com/m500/mNTMV.png,N2,1,366.00,0.00,04/26/2026 4:06:30 PM,10,0,0,0,1,0,0,0,0,0,0,0,0,0,0
Nitto,N210-210,MOTIVO 245/40ZR18 97Y XL 25.6,210210,https://images.wheelpros.com/m500/mNTMV.png,N2,0,298.00,0.00,04/26/2026 4:06:30 PM,10,0,0,0,0,0,0,0,0,0,0,0,0,0,0
Nitto,N210-220,MOTIVO 255/40ZR18 99W XL 25.9,210220,https://images.wheelpros.com/m500/mNTMV.png,N2,1,336.00,0.00,04/26/2026 4:06:30 PM,10,0,0,0,0,0,0,0,0,0,0,0,0,1,0
Nitto,N210-230,MOTIVO 235/45ZR18 98W XL 26.3,210230,https://images.wheelpros.com/m500/mNTMV.png,N2,2,290.00,0.00,04/26/2026 4:06:30 PM,10,0,0,0,0,0,0,0,0,0,0,0,0,2,0
Nitto,N210-290,MOTIVO 275/30ZR19 96W XL 25.5,210290,https://images.wheelpros.com/m500/mNTMV.png,N2,14,407.00,0.00,04/26/2026 4:06:30 PM,10,4,0,0,4,0,2,0,2,0,0,0,0,2,0
Nitto,N210-300,MOTIVO 235/35ZR19 91W XL 25.5,210300,https://images.wheelpros.com/m500/mNTMV.png,N2,0,317.00,0.00,04/26/2026 4:06:30 PM,10,0,0,0,0,0,0,0,0,0,0,0,0,0,0
Nitto,N210-310,MOTIVO 255/35ZR19 96Y XL 26,210310,https://images.wheelpros.com/m500/mNTMV.png,N2,0,383.00,0.00,04/26/2026 4:06:30 PM,10,0,0,0,0,0,0,0,0,0,0,0,0,0,0
Nitto,N210-550,MOTIVO 245/35ZR19 93W XL 25.7,210550,https://images.wheelpros.com/m500/mNTMV.png,N2,2,337.00,0.00,04/26/2026 4:06:30 PM,10,0,0,0,0,0,0,0,0,0,0,0,0,2,0
Nitto,N210-560,MOTIVO 315/35ZR17 106W XL 25.6,210560,https://images.wheelpros.com/m500/mNTMV.png,N2,8,412.00,0.00,04/26/2026 4:06:30 PM,10,1,3,0,0,0,0,0,0,0,0,0,0,0,4
Nitto,N211-030,NT555 G2 245/45ZR17 99W XL 25.6,211030,https://assets.wheelpros.com/transform/1b3cc3ae-132f-4a50-b2f7-7a1d5efc78c0/Nitto-NT555-G2_Standard-png?size=500,ST,16,269.00,0.00,04/26/2026 4:06:30 PM,10,0,4,10,0,0,0,0,0,0,0,0,0,0,2
Nitto,N211-150,NT555 G2 245/40ZR18 97W XL 25.7,211150,https://assets.wheelpros.com/transform/1b3cc3ae-132f-4a50-b2f7-7a1d5efc78c0/Nitto-NT555-G2_Standard-png?size=500,ST,54,316.00,0.00,04/26/2026 4:06:30 PM,10,14,1,16,4,4,6,0,4,0,0,0,0,0,5
Nitto,N211-160,NT555 G2 275/35ZR18 99W XL 25.5,211160,https://assets.wheelpros.com/transform/1b3cc3ae-132f-4a50-b2f7-7a1d5efc78c0/Nitto-NT555-G2_Standard-png?size=500,ST,18,397.00,0.00,04/26/2026 4:06:30 PM,10,16,0,0,0,0,0,0,0,0,0,0,0,2,0
Nitto,N211-320,NT555 G2 275/40ZR17 102W XL 25.6,211320,https://assets.wheelpros.com/transform/1b3cc3ae-132f-4a50-b2f7-7a1d5efc78c0/Nitto-NT555-G2_Standard-png?size=500,ST,74,309.00,0.00,04/26/2026 4:06:30 PM,10,14,4,6,6,6,4,10,8,0,0,0,0,0,16
Nitto,N211-340,NT555 G2 315/35ZR17 106W XL 25.6,211340,https://assets.wheelpros.com/transform/1b3cc3ae-132f-4a50-b2f7-7a1d5efc78c0/Nitto-NT555-G2_Standard-png?size=500,ST,16,410.00,0.00,04/26/2026 4:06:30 PM,10,12,0,2,0,0,0,0,0,0,0,0,0,0,2
Nitto,N211-360,NT555 G2 255/45ZR17 102W XL 26,211360,https://assets.wheelpros.com/transform/1b3cc3ae-132f-4a50-b2f7-7a1d5efc78c0/Nitto-NT555-G2_Standard-png?size=500,ST,8,277.00,0.00,04/26/2026 4:06:30 PM,10,0,4,0,0,4,0,0,0,0,0,0,0,0,0
Nitto,N211-380,NT555 G2 285/40ZR17 104W XL 25.9,211380,https://assets.wheelpros.com/transform/1b3cc3ae-132f-4a50-b2f7-7a1d5efc78c0/Nitto-NT555-G2_Standard-png?size=500,ST,46,322.00,0.00,04/26/2026 4:06:30 PM,10,16,0,16,0,0,0,4,0,0,0,0,0,10,0
Nitto,N211-430,NT555 G2 285/35ZR18 101W XL 25.8,211430,https://assets.wheelpros.com/transform/1b3cc3ae-132f-4a50-b2f7-7a1d5efc78c0/Nitto-NT555-G2_Standard-png?size=500,ST,28,418.00,0.00,04/26/2026 4:06:30 PM,10,16,4,4,0,0,0,0,0,0,0,0,0,2,2
Nitto,N211-720,NT555 G2 235/35ZR20 92W XL 26.4,211720,https://assets.wheelpros.com/transform/1b3cc3ae-132f-4a50-b2f7-7a1d5efc78c0/Nitto-NT555-G2_Standard-png?size=500,ST,7,387.00,0.00,04/26/2026 4:06:30 PM,10,0,4,0,0,0,0,3,0,0,0,0,0,0,0
Nitto,N211-750,NT555 G2 305/30ZR19 102W XL 26.2,211750,https://assets.wheelpros.com/transform/1b3cc3ae-132f-4a50-b2f7-7a1d5efc78c0/Nitto-NT555-G2_Standard-png?size=500,ST,10,537.00,0.00,04/26/2026 4:06:30 PM,10,2,0,4,0,0,0,0,0,0,0,0,0,4,0
Nitto,N211-780,NT555 G2 265/35ZR19 98W XL 26.3,211780,https://assets.wheelpros.com/transform/1b3cc3ae-132f-4a50-b2f7-7a1d5efc78c0/Nitto-NT555-G2_Standard-png?size=500,ST,4,439.00,0.00,04/26/2026 4:06:30 PM,10,0,4,0,0,0,0,0,0,0,0,0,0,0,0
Nitto,N211-790,NT555 G2 245/35ZR19 93W XL 25.7,211790,https://assets.wheelpros.com/transform/1b3cc3ae-132f-4a50-b2f7-7a1d5efc78c0/Nitto-NT555-G2_Standard-png?size=500,ST,8,395.00,0.00,04/26/2026 4:06:30 PM,10,0,2,6,0,0,0,0,0,0,0,0,0,0,0
Nitto,N211-800,NT555 G2 275/30ZR19 96W XL 25.5,211800,https://assets.wheelpros.com/transform/1b3cc3ae-132f-4a50-b2f7-7a1d5efc78c0/Nitto-NT555-G2_Standard-png?size=500,ST,6,489.00,0.00,04/26/2026 4:06:30 PM,10,0,0,0,4,0,0,0,0,0,0,0,0,2,0
Nitto,N211-840,NT555 G2 225/35ZR20 90W XL 26.2,211840,https://assets.wheelpros.com/transform/1b3cc3ae-132f-4a50-b2f7-7a1d5efc78c0/Nitto-NT555-G2_Standard-png?size=500,ST,7,367.00,0.00,04/26/2026 4:06:30 PM,10,0,0,0,0,2,0,1,0,0,0,0,0,4,0
Nitto,N211-860,NT555 G2 245/30ZR20 90W XL 25.8,211860,https://assets.wheelpros.com/transform/1b3cc3ae-132f-4a50-b2f7-7a1d5efc78c0/Nitto-NT555-G2_Standard-png?size=500,ST,2,412.00,0.00,04/26/2026 4:06:30 PM,10,0,0,0,0,0,0,0,0,0,0,0,0,0,2
Nitto,N213-990,NT555 G2 225/50ZR17 98W XL 25.9,213990,https://assets.wheelpros.com/transform/1b3cc3ae-132f-4a50-b2f7-7a1d5efc78c0/Nitto-NT555-G2_Standard-png?size=500,ST,21,250.00,0.00,04/26/2026 4:06:30 PM,10,1,0,16,0,0,0,0,0,0,0,0,0,4,0
Nitto,N214-000,NT555 G2 225/45ZR18 95W XL 25.9,214000,https://assets.wheelpros.com/transform/1b3cc3ae-132f-4a50-b2f7-7a1d5efc78c0/Nitto-NT555-G2_Standard-png?size=500,ST,0,309.00,0.00,04/26/2026 4:06:30 PM,10,0,0,0,0,0,0,0,0,0,0,0,0,0,0
Nitto,N261-200,MOTIVO 365 225/45R18 95W XL 25.94,261200,https://assets.wheelpros.com/transform/f90000ba-70b3-40f7-99fe-4ab4bbcd47df/NITTO-MOTIVO-356-A1-png?size=500,NW,4,289.00,0.00,04/26/2026 4:06:30 PM,10,0,0,0,0,0,0,0,0,0,0,0,0,4,0
Nitto,N261-490,MOTIVO 365 255/35R19 96W XL 26.02,261490,https://assets.wheelpros.com/transform/f90000ba-70b3-40f7-99fe-4ab4bbcd47df/NITTO-MOTIVO-356-A1-png?size=500,NW,0,392.00,0.00,04/26/2026 4:06:30 PM,10,0,0,0,0,0,0,0,0,0,0,0,0,0,0
Nitto,N261-510,MOTIVO 365 225/40R19 93W XL 26.1,261510,https://assets.wheelpros.com/transform/f90000ba-70b3-40f7-99fe-4ab4bbcd47df/NITTO-MOTIVO-356-A1-png?size=500,NW,4,325.00,0.00,04/26/2026 4:06:30 PM,10,0,4,0,0,0,0,0,0,0,0,0,0,0,0
Nitto,N261-520,MOTIVO 365 235/45R18 98W XL 26.34,261520,https://assets.wheelpros.com/transform/f90000ba-70b3-40f7-99fe-4ab4bbcd47df/NITTO-MOTIVO-356-A1-png?size=500,NW,2,303.00,0.00,04/26/2026 4:06:30 PM,10,0,0,0,0,0,0,0,0,0,0,0,0,2,0
Nitto,N261-540,MOTIVO 365 245/40R18 97W XL 25.71,261540,https://assets.wheelpros.com/transform/f90000ba-70b3-40f7-99fe-4ab4bbcd47df/NITTO-MOTIVO-356-A1-png?size=500,NW,12,325.00,0.00,04/26/2026 4:06:30 PM,10,0,4,0,0,0,0,0,0,0,0,0,0,8,0
Nitto,N261-600,MOTIVO 365 245/45R17 99W XL 25.67,261600,https://assets.wheelpros.com/transform/f90000ba-70b3-40f7-99fe-4ab4bbcd47df/NITTO-MOTIVO-356-A1-png?size=500,NW,12,294.00,0.00,04/26/2026 4:06:30 PM,10,8,0,0,0,0,0,4,0,0,0,0,0,0,0
Nitto,N261-630,MOTIVO 365 255/40R18 99W XL 26.02,261630,https://assets.wheelpros.com/transform/f90000ba-70b3-40f7-99fe-4ab4bbcd47df/NITTO-MOTIVO-356-A1-png?size=500,ST,8,330.00,0.00,04/26/2026 4:06:30 PM,10,4,0,0,0,0,0,0,0,0,0,0,0,4,0
Nitto,N261-660,MOTIVO 365 215/50R17 95W XL 25.51,261660,https://assets.wheelpros.com/transform/f90000ba-70b3-40f7-99fe-4ab4bbcd47df/NITTO-MOTIVO-356-A1-png?size=500,NW,8,253.00,0.00,04/26/2026 4:06:30 PM,10,0,0,0,0,0,0,0,0,0,0,0,0,8,0
Nitto,N261-700,MOTIVO 365 225/50R17 98W XL 25.91,261700,https://assets.wheelpros.com/transform/f90000ba-70b3-40f7-99fe-4ab4bbcd47df/NITTO-MOTIVO-356-A1-png?size=500,NW,0,263.00,0.00,04/26/2026 4:06:30 PM,10,0,0,0,0,0,0,0,0,0,0,0,0,0,0
Nitto,N261-720,MOTIVO 365-275/40R17 102W XL 25.6,261720,https://assets.wheelpros.com/transform/f90000ba-70b3-40f7-99fe-4ab4bbcd47df/NITTO-MOTIVO-356-A1-png?size=500,ST,8,330.00,0.00,04/26/2026 4:06:30 PM,10,0,0,0,4,0,0,4,0,0,0,0,0,0,0
Nitto,N261-760,MOTIVO 365 215/55R17XL 98W 26.3,261760,https://assets.wheelpros.com/transform/f90000ba-70b3-40f7-99fe-4ab4bbcd47df/NITTO-MOTIVO-356-A1-png?size=500,ST,19,237.00,0.00,04/26/2026 4:06:30 PM,10,11,8,0,0,0,0,0,0,0,0,0,0,0,0
Nitto,N261-850,MOTIVO 365 245/35R19 93W XL 25.79,261850,https://assets.wheelpros.com/transform/f90000ba-70b3-40f7-99fe-4ab4bbcd47df/NITTO-MOTIVO-356-A1-png?size=500,NW,4,376.00,0.00,04/26/2026 4:06:30 PM,10,0,0,0,4,0,0,0,0,0,0,0,0,0,0
Nitto,N371-010,NT01 275/35ZR18 95W SL 25.5,371010,https://images.wheelpros.com/m500/mNT01.png,ST,8,537.00,0.00,04/26/2026 4:06:30 PM,10,0,0,0,0,0,0,0,0,0,0,0,0,4,4
Nitto,N371-020,NT01 245/40ZR18 93W SL 25.5,371020,https://images.wheelpros.com/m500/mNT01.png,ST,8,486.00,0.00,04/26/2026 4:06:30 PM,10,0,2,2,0,0,0,0,0,0,0,0,0,0,4
Nitto,N371-030,NT01 275/40ZR17 98W SL 25.5,371030,https://images.wheelpros.com/m500/mNT01.png,ST,8,425.00,0.00,04/26/2026 4:06:30 PM,10,4,0,4,0,0,0,0,0,0,0,0,0,0,0
Nitto,N371-050,NT01 245/45ZR17 95W SL 25.5,371050,https://images.wheelpros.com/m500/mNT01.png,ST,16,396.00,0.00,04/26/2026 4:06:30 PM,10,4,0,6,0,0,0,0,0,0,0,0,0,4,2
Nitto,N371-180,NT01 305/35ZR18 101W SL 26.4,371180,https://images.wheelpros.com/m500/mNT01.png,ST,0,625.00,0.00,04/26/2026 4:06:30 PM,10,0,0,0,0,0,0,0,0,0,0,0,0,0,0
Nitto,N371-270,NT01 305/30ZR19 102Y XL 26.2,371270,https://images.wheelpros.com/m500/mNT01.png,ST,0,795.00,0.00,04/26/2026 4:06:30 PM,10,0,0,0,0,0,0,0,0,0,0,0,0,0,0
Nitto,N371-290,NT01 335/30ZR18 102W SL 25.9,371290,https://images.wheelpros.com/m500/mNT01.png,ST,0,720.00,0.00,04/26/2026 4:06:30 PM,10,0,0,0,0,0,0,0,0,0,0,0,0,0,0
Nitto,N371-520,NT01 265/40ZR18 101W XL 26.3,371520,https://images.wheelpros.com/m500/mNT01.png,ST,3,539.00,0.00,04/26/2026 4:06:30 PM,10,0,2,1,0,0,0,0,0,0,0,0,0,0,0
Nitto,N371-570,NT01 315/35ZR17 102W SL 25.6,371570,https://images.wheelpros.com/m500/mNT01.png,ST,4,486.00,0.00,04/26/2026 4:06:30 PM,10,0,0,4,0,0,0,0,0,0,0,0,0,0,0
Fuel Tires,RFST20575R14,GRIPPER ST 205/75-14 108/103M 26.14,RFST20575R14,,N2,0,139.00,0.00,04/26/2026 4:06:30 PM,10,0,0,0,0,0,0,0,0,0,0,0,0,0,0
Uniroyal,UNI00864,TIGER PAW TOUR 225/50R17 94V 25.91,00864,https://images.wheelpros.com/m500/mUNTIGJ.png,ST,0,198.00,0.00,04/26/2026 4:06:30 PM,10,0,0,0,0,0,0,0,0,0,0,0,0,0,0
Uniroyal,UNI00900,POWER PAW 235/40ZR19 96W XL 26.42,00900,https://images.wheelpros.com/m500/mUNPOWA.png,ST,0,309.00,0.00,04/26/2026 4:06:30 PM,10,0,0,0,0,0,0,0,0,0,0,0,0,0,0
Uniroyal,UNI04177,POWER PAW 215/55ZR17 98Y XL 26.3,04177,https://images.wheelpros.com/m500/mUNPOWA.png,ST,0,174.00,0.00,04/26/2026 4:06:30 PM,10,0,0,0,0,0,0,0,0,0,0,0,0,0,0
Uniroyal,UNI04988,POWER PAW 235/35ZR19 91Y XL 25.47,04988,https://images.wheelpros.com/m500/mUNPOWA.png,ST,0,272.00,0.00,04/26/2026 4:06:30 PM,10,0,0,0,0,0,0,0,0,0,0,0,0,0,0
Uniroyal,UNI05343,TIGER PAW TOUR 245/40R18 97V XL 25.71,05343,https://images.wheelpros.com/m500/mUNTIGJ.png,ST,2,252.00,0.00,04/26/2026 4:06:30 PM,10,0,0,0,0,0,0,0,2,0,0,0,0,0,0
Uniroyal,UNI05599,TIGER PAW TOUR 205/60R16 92H 25.67,05599,https://images.wheelpros.com/m500/mUNTIGJ.png,ST,0,156.00,0.00,04/26/2026 4:06:30 PM,10,0,0,0,0,0,0,0,0,0,0,0,0,0,0
Uniroyal,UNI06681,POWER PAW 245/35ZR19 93Y XL 25.79,06681,https://images.wheelpros.com/m500/mUNPOWA.png,ST,0,296.00,0.00,04/26/2026 4:06:30 PM,10,0,0,0,0,0,0,0,0,0,0,0,0,0,0
Uniroyal,UNI08562,TIGER PAW TOUR 215/55R17 94V 26.3,08562,https://images.wheelpros.com/m500/mUNTIGJ.png,ST,0,186.00,0.00,04/26/2026 4:06:30 PM,10,0,0,0,0,0,0,0,0,0,0,0,0,0,0
Uniroyal,UNI08574,POWER PAW 255/35ZR19 96Y XL 26.02,08574,https://images.wheelpros.com/m500/mUNPOWA.png,ST,0,277.00,0.00,04/26/2026 4:06:30 PM,10,0,0,0,0,0,0,0,0,0,0,0,0,0,0
Uniroyal,UNI09535,POWER PAW 225/40ZR19 93Y XL 26.1,09535,https://images.wheelpros.com/m500/mUNPOWA.png,ST,0,234.00,0.00,04/26/2026 4:06:30 PM,10,0,0,0,0,0,0,0,0,0,0,0,0,0,0
Uniroyal,UNI11937,TIGER PAW AWP2 P205/75R14 95S 26.1,11937,https://images.wheelpros.com/m500/mUNTIGD.png,ST,0,112.00,0.00,04/26/2026 4:06:30 PM,10,0,0,0,0,0,0,0,0,0,0,0,0,0,0
Uniroyal,UNI14791,TIGER PAW TOUR 235/45R18 94V 26.34,14791,https://images.wheelpros.com/m500/mUNTIGJ.png,ST,0,233.00,0.00,04/26/2026 4:06:30 PM,10,0,0,0,0,0,0,0,0,0,0,0,0,0,0
Uniroyal,UNI17432,TIGER PAW TOUR 225/50R17 94H 25.91,17432,https://images.wheelpros.com/m500/mUNTIGJ.png,ST,0,196.00,0.00,04/26/2026 4:06:30 PM,10,0,0,0,0,0,0,0,0,0,0,0,0,0,0
Uniroyal,UNI17614,POWER PAW 225/50ZR17 98Y XL 25.91,17614,https://images.wheelpros.com/m500/mUNPOWA.png,ST,0,186.00,0.00,04/26/2026 4:06:30 PM,10,0,0,0,0,0,0,0,0,0,0,0,0,0,0
Uniroyal,UNI21672,TIGER PAW TOUR 205/70R15 96H 26.34,21672,https://images.wheelpros.com/m500/mUNTIGJ.png,ST,0,147.00,0.00,04/26/2026 4:06:30 PM,10,0,0,0,0,0,0,0,0,0,0,0,0,0,0
Uniroyal,UNI28075,TIGER PAW TOUR 215/55R17 94H 26.3,28075,https://images.wheelpros.com/m500/mUNTIGJ.png,ST,0,186.00,0.00,04/26/2026 4:06:30 PM,10,0,0,0,0,0,0,0,0,0,0,0,0,0,0
Uniroyal,UNI30583,POWER PAW 235/45ZR18 98Y XL 26.34,30583,https://images.wheelpros.com/m500/mUNPOWA.png,ST,0,217.00,0.00,04/26/2026 4:06:30 PM,10,0,0,0,0,0,0,0,0,0,0,0,0,0,0
Uniroyal,UNI31895,TIGER PAW TOUR 215/50R17 95V XL 25.51,31895,https://images.wheelpros.com/m500/mUNTIGJ.png,ST,0,193.00,0.00,04/26/2026 4:06:30 PM,10,0,0,0,0,0,0,0,0,0,0,0,0,0,0
Uniroyal,UNI33699,POWER PAW 275/35ZR18 99Y XL 25.55,33699,https://images.wheelpros.com/m500/mUNPOWA.png,ST,0,302.00,0.00,04/26/2026 4:06:30 PM,10,0,0,0,0,0,0,0,0,0,0,0,0,0,0
Uniroyal,UNI34215,TIGER PAW TOUR 215/50R17 91H 25.51,34215,https://images.wheelpros.com/m500/mUNTIGJ.png,ST,0,190.00,0.00,04/26/2026 4:06:30 PM,10,0,0,0,0,0,0,0,0,0,0,0,0,0,0
Uniroyal,UNI36067,POWER PAW 255/40ZR18 99Y XL 26.02,36067,https://images.wheelpros.com/m500/mUNPOWA.png,ST,0,230.00,0.00,04/26/2026 4:06:30 PM,10,0,0,0,0,0,0,0,0,0,0,0,0,0,0
Uniroyal,UNI43931,POWER PAW 215/50ZR17 95Y XL 25.51,43931,https://images.wheelpros.com/m500/mUNPOWA.png,ST,0,182.00,0.00,04/26/2026 4:06:30 PM,10,0,0,0,0,0,0,0,0,0,0,0,0,0,0
Uniroyal,UNI48403,TIGER PAW AWP2 P195/75R14 92S 25.5,48403,https://images.wheelpros.com/m500/mUNTIGD.png,ST,0,111.00,0.00,04/26/2026 4:06:30 PM,10,0,0,0,0,0,0,0,0,0,0,0,0,0,0
Uniroyal,UNI50265,POWER PAW 215/45ZR18 93Y XL 25.63,50265,https://images.wheelpros.com/m500/mUNPOWA.png,ST,0,197.00,0.00,04/26/2026 4:06:30 PM,10,0,0,0,0,0,0,0,0,0,0,0,0,0,0
Uniroyal,UNI52787,TIGER PAW TOUR 225/55R16 95V 25.75,52787,https://images.wheelpros.com/m500/mUNTIGJ.png,ST,0,173.00,0.00,04/26/2026 4:06:30 PM,10,0,0,0,0,0,0,0,0,0,0,0,0,0,0
Uniroyal,UNI53505,POWER PAW 245/45ZR17 99Y XL 25.67,53505,https://images.wheelpros.com/m500/mUNPOWA.png,ST,0,202.00,0.00,04/26/2026 4:06:30 PM,10,0,0,0,0,0,0,0,0,0,0,0,0,0,0
Uniroyal,UNI54885,POWER PAW 245/40ZR18 97Y XL 25.71,54885,https://images.wheelpros.com/m500/mUNPOWA.png,ST,0,231.00,0.00,04/26/2026 4:06:30 PM,10,0,0,0,0,0,0,0,0,0,0,0,0,0,0
Uniroyal,UNI63183,TIGER PAW TOUR 205/55R17 95H XL 25.91,63183,https://images.wheelpros.com/m500/mUNTIGJ.png,ST,0,205.00,0.00,04/26/2026 4:06:30 PM,10,0,0,0,0,0,0,0,0,0,0,0,0,0,0
Uniroyal,UNI63283,POWER PAW 225/45ZR18 95Y XL 25.94,63283,https://images.wheelpros.com/m500/mUNPOWA.png,ST,0,205.00,0.00,04/26/2026 4:06:30 PM,10,0,0,0,0,0,0,0,0,0,0,0,0,0,0
Uniroyal,UNI65326,TIGER PAW TOUR 235/50R17 96V 26.3,65326,https://images.wheelpros.com/m500/mUNTIGJ.png,ST,0,187.00,0.00,04/26/2026 4:06:30 PM,10,0,0,0,0,0,0,0,0,0,0,0,0,0,0
Uniroyal,UNI73090,TIGER PAW TOUR 245/45R17 99V XL 25.67,73090,https://images.wheelpros.com/m500/mUNTIGJ.png,ST,0,213.00,0.00,04/26/2026 4:06:30 PM,10,0,0,0,0,0,0,0,0,0,0,0,0,0,0
Uniroyal,UNI75093,TIGER PAW TOUR 235/40R19 96V XL 26.42,75093,https://images.wheelpros.com/m500/mUNTIGJ.png,ST,0,250.00,0.00,04/26/2026 4:06:30 PM,10,0,0,0,0,0,0,0,0,0,0,0,0,0,0
Uniroyal,UNI75699,POWER PAW 235/50ZR17 96Y 26.3,75699,https://images.wheelpros.com/m500/mUNPOWA.png,ST,0,199.00,0.00,04/26/2026 4:06:30 PM,10,0,0,0,0,0,0,0,0,0,0,0,0,0,0
Uniroyal,UNI80398,TIGER PAW TOUR 215/60R16 95H 26.14,80398,https://images.wheelpros.com/m500/mUNTIGJ.png,ST,0,165.00,0.00,04/26/2026 4:06:30 PM,10,0,0,0,0,0,0,0,0,0,0,0,0,0,0
Uniroyal,UNI82237,POWER PAW 275/40ZR17 98W 25.67,82237,https://images.wheelpros.com/m500/mUNPOWA.png,ST,0,233.00,0.00,04/26/2026 4:06:30 PM,10,0,0,0,0,0,0,0,0,0,0,0,0,0,0
Uniroyal,UNI92243,TIGER PAW TOUR 205/60R16 92V 25.67,92243,https://images.wheelpros.com/m500/mUNTIGJ.png,ST,0,160.00,0.00,04/26/2026 4:06:30 PM,10,0,0,0,0,0,0,0,0,0,0,0,0,0,0
Uniroyal,UNI94976,TIGER PAW TOUR 225/60R15 96H 25.63,94976,https://images.wheelpros.com/m500/mUNTIGJ.png,ST,0,161.00,0.00,04/26/2026 4:06:30 PM,10,0,0,0,0,0,0,0,0,0,0,0,0,0,0
Uniroyal,UNI95437,TIGER PAW TOUR 215/60R16 95V 26.14,95437,https://images.wheelpros.com/m500/mUNTIGJ.png,ST,0,163.00,0.00,04/26/2026 4:06:30 PM,10,0,0,0,0,0,0,0,0,0,0,0,0,0,0
Uniroyal,UNI96020,TIGER PAW TOUR 215/65R15 96H 26.02,96020,https://images.wheelpros.com/m500/mUNTIGJ.png,ST,0,153.00,0.00,04/26/2026 4:06:30 PM,10,0,0,0,0,0,0,0,0,0,0,0,0,0,0
Uniroyal,UNI97324,TIGER PAW TOUR 225/45R18 95V XL 25.94,97324,https://images.wheelpros.com/m500/mUNTIGJ.png,ST,0,209.00,0.00,04/26/2026 4:06:30 PM,10,0,0,0,0,0,0,0,0,0,0,0,0,0,0
EFX,W-26-11-12,MOTOMTC 26X11-12 68J 26,W-26-11-12,https://assets.wheelpros.com/transform/0d3b635c-4e50-4e82-a87b-1664dd1ffa70/EFX-MOTO-MTC-26x11x14-A1-png?size=500,ST,24,232.00,232.00,04/26/2026 4:06:30 PM,20,0,0,0,0,16,0,0,0,0,0,0,0,0,8
EFX,W-26-11-14,MOTOMTC 26X11-14 56J 26,W-26-11-14,https://assets.wheelpros.com/transform/0d3b635c-4e50-4e82-a87b-1664dd1ffa70/EFX-MOTO-MTC-26x11x14-A1-png?size=500,ST,47,213.00,213.00,04/26/2026 4:06:30 PM,20,4,0,16,0,16,0,0,0,0,0,0,0,0,11
EFX,W-26-9-12,MOTOMTC 26X9-12 63J 26,W-26-9-12,https://assets.wheelpros.com/transform/0d3b635c-4e50-4e82-a87b-1664dd1ffa70/EFX-MOTO-MTC-26x11x14-A1-png?size=500,ST,33,194.00,194.00,04/26/2026 4:06:30 PM,20,5,0,0,0,16,0,0,0,0,0,0,0,4,8
EFX,W-26-9-14,MOTOMTC 26X9-14 J 26,W-26-9-14,https://assets.wheelpros.com/transform/0d3b635c-4e50-4e82-a87b-1664dd1ffa70/EFX-MOTO-MTC-26x11x14-A1-png?size=500,ST,37,187.00,187.00,04/26/2026 4:06:30 PM,20,6,0,0,0,16,0,0,0,0,0,0,0,10,5
Falken,F28031522,AZENIS FK510 295/30R20 101Y XL 27,28031522,https://assets.wheelpros.com/transform/c08f8d82-8e21-4e6a-b03d-fd96d73fc22b/FALKEN-FK510_Standard-png?size=500,SO,0,506.00,0.00,04/26/2026 4:06:30 PM,10,0,0,0,0,0,0,0,0,0,0,0,0,0,0
Falken,F28031800,AZENIS FK510 245/40R19 98Y XL 26.8,28031800,https://assets.wheelpros.com/transform/c08f8d82-8e21-4e6a-b03d-fd96d73fc22b/FALKEN-FK510_Standard-png?size=500,SO,0,375.00,0.00,04/26/2026 4:06:30 PM,10,0,0,0,0,0,0,0,0,0,0,0,0,0,0
Falken,F28031904,AZENIS FK510 275/40R18 99Y SL 26.7,28031904,https://assets.wheelpros.com/transform/c08f8d82-8e21-4e6a-b03d-fd96d73fc22b/FALKEN-FK510_Standard-png?size=500,SO,0,406.00,0.00,04/26/2026 4:06:30 PM,10,0,0,0,0,0,0,0,0,0,0,0,0,0,0
Falken,F28032808,AZENIS FK510 285/35R19 103Y XL 26.9,28032808,https://assets.wheelpros.com/transform/c08f8d82-8e21-4e6a-b03d-fd96d73fc22b/FALKEN-FK510_Standard-png?size=500,SO,0,508.00,0.00,04/26/2026 4:06:30 PM,10,0,0,0,0,0,0,0,0,0,0,0,0,0,0
Falken,F28032956,AZENIS FK510 275/30R20 97Y XL 26.5,28032956,https://assets.wheelpros.com/transform/c08f8d82-8e21-4e6a-b03d-fd96d73fc22b/FALKEN-FK510_Standard-png?size=500,SO,22,453.00,0.00,04/26/2026 4:06:30 PM,10,0,16,0,0,0,0,4,0,0,0,0,0,0,2
Falken,F28033244,AZENIS FK510 245/35R20 95Y XL 26.7,28033244,https://assets.wheelpros.com/transform/c08f8d82-8e21-4e6a-b03d-fd96d73fc22b/FALKEN-FK510_Standard-png?size=500,SO,4,314.00,0.00,04/26/2026 4:06:30 PM,10,0,3,0,0,0,0,1,0,0,0,0,0,0,0
Falken,F28033786,AZENIS FK510 255/45R18 103Y XL 27.2,28033786,https://assets.wheelpros.com/transform/c08f8d82-8e21-4e6a-b03d-fd96d73fc22b/FALKEN-FK510_Standard-png?size=500,SO,4,365.00,0.00,04/26/2026 4:06:30 PM,10,0,0,0,0,0,0,4,0,0,0,0,0,0,0
Falken,F28034137,AZENIS FK510 275/35R19 100Y XL 26.6,28034137,https://assets.wheelpros.com/transform/c08f8d82-8e21-4e6a-b03d-fd96d73fc22b/FALKEN-FK510_Standard-png?size=500,SO,9,426.00,0.00,04/26/2026 4:06:30 PM,10,0,4,0,1,0,0,4,0,0,0,0,0,0,0
Falken,F28035103,AZENIS FK510 255/30R21 93Y XL 27,28035103,https://assets.wheelpros.com/transform/c08f8d82-8e21-4e6a-b03d-fd96d73fc22b/FALKEN-FK510_Standard-png?size=500,SO,5,455.00,0.00,04/26/2026 4:06:30 PM,10,0,1,0,0,0,0,4,0,0,0,0,0,0,0
Falken,F28035531,AZENIS FK510 265/35R20 99Y XL 27.4,28035531,https://assets.wheelpros.com/transform/c08f8d82-8e21-4e6a-b03d-fd96d73fc22b/FALKEN-FK510_Standard-png?size=500,SO,0,400.00,0.00,04/26/2026 4:06:30 PM,10,0,0,0,0,0,0,0,0,0,0,0,0,0,0
Falken,F28036744,AZENIS FK510 255/35R20 97Y XL 27,28036744,https://assets.wheelpros.com/transform/c08f8d82-8e21-4e6a-b03d-fd96d73fc22b/FALKEN-FK510_Standard-png?size=500,SO,0,339.00,0.00,04/26/2026 4:06:30 PM,10,0,0,0,0,0,0,0,0,0,0,0,0,0,0
Falken,F28036955,AZENIS FK510 245/45R18 100Y XL 26.7,28036955,https://assets.wheelpros.com/transform/c08f8d82-8e21-4e6a-b03d-fd96d73fc22b/FALKEN-FK510_Standard-png?size=500,SO,0,337.00,0.00,04/26/2026 4:06:30 PM,10,0,0,0,0,0,0,0,0,0,0,0,0,0,0
Falken,F28037512,AZENIS FK510 225/45R19 96Y XL 27,28037512,https://assets.wheelpros.com/transform/c08f8d82-8e21-4e6a-b03d-fd96d73fc22b/FALKEN-FK510_Standard-png?size=500,SO,0,347.00,0.00,04/26/2026 4:06:30 PM,10,0,0,0,0,0,0,0,0,0,0,0,0,0,0
Falken,F28038200,AZENIS FK510 285/30R20 99Y XL 26.7,28038200,https://assets.wheelpros.com/transform/c08f8d82-8e21-4e6a-b03d-fd96d73fc22b/FALKEN-FK510_Standard-png?size=500,SO,12,517.00,0.00,04/26/2026 4:06:30 PM,10,0,12,0,0,0,0,0,0,0,0,0,0,0,0
Falken,F28039325,AZENIS FK510 255/40R19 100Y XL 27.1,28039325,https://assets.wheelpros.com/transform/c08f8d82-8e21-4e6a-b03d-fd96d73fc22b/FALKEN-FK510_Standard-png?size=500,SO,0,406.00,0.00,04/26/2026 4:06:30 PM,10,0,0,0,0,0,0,0,0,0,0,0,0,0,0
Falken,F28041481,ZIEX CT60 205/70R16 97H SL 27.3,28041481,https://assets.wheelpros.com/transform/9439da7c-0b3d-4cb7-af91-94035543a283/FALKEN-ZIEX-CT60-AS_Standard-png?size=500,ST,0,210.00,0.00,04/26/2026 4:06:30 PM,10,0,0,0,0,0,0,0,0,0,0,0,0,0,0
Falken,F28042275,ZIEX CT60 215/65R16 102V XL 27,28042275,https://assets.wheelpros.com/transform/9439da7c-0b3d-4cb7-af91-94035543a283/FALKEN-ZIEX-CT60-AS_Standard-png?size=500,SO,0,211.00,0.00,04/26/2026 4:06:30 PM,10,0,0,0,0,0,0,0,0,0,0,0,0,0,0
Falken,F28042725,ZIEX CT60 235/55R17 99V SL 27,28042725,https://assets.wheelpros.com/transform/9439da7c-0b3d-4cb7-af91-94035543a283/FALKEN-ZIEX-CT60-AS_Standard-png?size=500,ST,0,262.00,0.00,04/26/2026 4:06:30 PM,10,0,0,0,0,0,0,0,0,0,0,0,0,0,0
Falken,F28042900,ZIEX CT60 215/55R18 95V SL 27.2,28042900,https://assets.wheelpros.com/transform/9439da7c-0b3d-4cb7-af91-94035543a283/FALKEN-ZIEX-CT60-AS_Standard-png?size=500,ST,0,267.00,0.00,04/26/2026 4:06:30 PM,10,0,0,0,0,0,0,0,0,0,0,0,0,0,0
Falken,F28042903,ZIEX CT60 235/50R18 97V SL 27.2,28042903,https://assets.wheelpros.com/transform/9439da7c-0b3d-4cb7-af91-94035543a283/FALKEN-ZIEX-CT60-AS_Standard-png?size=500,SO,2,310.00,0.00,04/26/2026 4:06:30 PM,10,0,0,0,0,2,0,0,0,0,0,0,0,0,0
Falken,F28042996,ZIEX CT60 255/40R19 100V XL 27.1,28042996,https://assets.wheelpros.com/transform/9439da7c-0b3d-4cb7-af91-94035543a283/FALKEN-ZIEX-CT60-AS_Standard-png?size=500,ST,0,367.00,0.00,04/26/2026 4:06:30 PM,10,0,0,0,0,0,0,0,0,0,0,0,0,0,0
Falken,F28046456,ZIEX CT60 235/45R19 99V XL 27.3,28046456,https://assets.wheelpros.com/transform/9439da7c-0b3d-4cb7-af91-94035543a283/FALKEN-ZIEX-CT60-AS_Standard-png?size=500,SO,0,355.00,0.00,04/26/2026 4:06:30 PM,10,0,0,0,0,0,0,0,0,0,0,0,0,0,0
Falken,F28047536,ZIEX CT60 215/60R17 100V XL 27.1,28047536,https://assets.wheelpros.com/transform/9439da7c-0b3d-4cb7-af91-94035543a283/FALKEN-ZIEX-CT60-AS_Standard-png?size=500,SO,0,240.00,0.00,04/26/2026 4:06:30 PM,10,0,0,0,0,0,0,0,0,0,0,0,0,0,0
Falken,F28103635,AZENIS FK460 SC 235/35ZR20 92Y 26.6,28103635,https://images.wheelpros.com/m500/mFAZENC.png,NW,0,301.00,0.00,04/26/2026 4:06:30 PM,10,0,0,0,0,0,0,0,0,0,0,0,0,0,0
Falken,F28105001,AZENIS FK460 255/35R20 97Y XL 27.1,28105001,,ST,0,276.00,0.00,04/26/2026 4:06:30 PM,10,0,0,0,0,0,0,0,0,0,0,0,0,0,0
Falken,F28105028,AZENIS FK460 285/30R20 99Y XL 26.9,28105028,,ST,0,403.00,0.00,04/26/2026 4:06:30 PM,10,0,0,0,0,0,0,0,0,0,0,0,0,0,0
Falken,F28105321,AZENIS FK460 265/35R20 99Y XL 27.4,28105321,,ST,0,343.00,0.00,04/26/2026 4:06:30 PM,10,0,0,0,0,0,0,0,0,0,0,0,0,0,0
Falken,F28105524,AZENIS FK460 235/35R20 92Y XL 26.6,28105524,,ST,0,267.00,0.00,04/26/2026 4:06:30 PM,10,0,0,0,0,0,0,0,0,0,0,0,0,0,0
Falken,F28105558,AZENIS FK460 295/30R20 101Y XL 27.1,28105558,,ST,0,412.00,0.00,04/26/2026 4:06:30 PM,10,0,0,0,0,0,0,0,0,0,0,0,0,0,0
Falken,F28105560,AZENIS FK460 305/30R20 103Y XL 27.3,28105560,,ST,0,444.00,0.00,04/26/2026 4:06:30 PM,10,0,0,0,0,0,0,0,0,0,0,0,0,0,0
Falken,F28105569,AZENIS FK460 275/30R20 97Y XL 26.6,28105569,https://images.wheelpros.com/m500/mTIRE.png,NW,0,371.00,0.00,04/26/2026 4:06:30 PM,10,0,0,0,0,0,0,0,0,0,0,0,0,0,0
Falken,F28105687,AZENIS FK460 275/40R18 99Y SL 26.7,28105687,https://images.wheelpros.com/m500/mTIRE.png,NW,0,359.00,0.00,04/26/2026 4:06:30 PM,10,0,0,0,0,0,0,0,0,0,0,0,0,0,0
Falken,F28105725,AZENIS FK460 235/55R17 103Y XL 27.2,28105725,,ST,0,226.00,0.00,04/26/2026 4:06:30 PM,10,0,0,0,0,0,0,0,0,0,0,0,0,0,0
Falken,F28105762,AZENIS FK460 225/55R17 97Y SL 26.8,28105762,,ST,0,212.00,0.00,04/26/2026 4:06:30 PM,10,0,0,0,0,0,0,0,0,0,0,0,0,0,0
Falken,F28105805,AZENIS FK460 225/50R18 95Y SL 26.9,28105805,,ST,0,249.00,0.00,04/26/2026 4:06:30 PM,10,0,0,0,0,0,0,0,0,0,0,0,0,0,0
Falken,F28105825,AZENIS FK460 235/50R18 101Y XL 27.3,28105825,,ST,0,285.00,0.00,04/26/2026 4:06:30 PM,10,0,0,0,0,0,0,0,0,0,0,0,0,0,0
Falken,F28105865,AZENIS FK460 245/45R18 100Y XL 26.7,28105865,,ST,0,272.00,0.00,04/26/2026 4:06:30 PM,10,0,0,0,0,0,0,0,0,0,0,0,0,0,0
Falken,F28105937,AZENIS FK460 225/45R19 96Y XL 27,28105937,,ST,0,302.00,0.00,04/26/2026 4:06:30 PM,10,0,0,0,0,0,0,0,0,0,0,0,0,0,0
Falken,F28105938,AZENIS FK460 265/35R19 98Y XL 26.5,28105938,,ST,0,338.00,0.00,04/26/2026 4:06:30 PM,10,0,0,0,0,0,0,0,0,0,0,0,0,0,0
Falken,F28105974,AZENIS FK460 245/40R19 98Y XL 26.7,28105974,,ST,0,315.00,0.00,04/26/2026 4:06:30 PM,10,0,0,0,0,0,0,0,0,0,0,0,0,0,0
Falken,F28105985,AZENIS FK460 245/35R20 95Y XL 26.9,28105985,,ST,0,261.00,0.00,04/26/2026 4:06:30 PM,10,0,0,0,0,0,0,0,0,0,0,0,0,0,0
Falken,F28105989,AZENIS FK460 285/35R19 99Y SL 27,28105989,,ST,0,368.00,0.00,04/26/2026 4:06:30 PM,10,0,0,0,0,0,0,0,0,0,0,0,0,0,0
Falken,F28105996,AZENIS FK460 255/40R19 100Y XL 27,28105996,,ST,0,336.00,0.00,04/26/2026 4:06:30 PM,10,0,0,0,0,0,0,0,0,0,0,0,0,0,0
Falken,F28105998,AZENIS FK460 275/35R19 100Y XL 26.7,28105998,,ST,0,343.00,0.00,04/26/2026 4:06:30 PM,10,0,0,0,0,0,0,0,0,0,0,0,0,0,0
Falken,F28291626,SINCERA SN250 205/65R16 95H SL 26.54,28291626,https://assets.wheelpros.com/transform/26ca6ddd-420c-4f50-83cb-871476528ff8/FALKEN-SINCERA-SN250_Standard-png?size=500,ST,0,147.00,0.00,04/26/2026 4:06:30 PM,10,0,0,0,0,0,0,0,0,0,0,0,0,0,0
Falken,F28291655,SINCERA SN250 235/60R16 100H SL 27.2,28291655,https://assets.wheelpros.com/transform/26ca6ddd-420c-4f50-83cb-871476528ff8/FALKEN-SINCERA-SN250_Standard-png?size=500,ST,0,162.00,0.00,04/26/2026 4:06:30 PM,10,0,0,0,0,0,0,0,0,0,0,0,0,0,0
Falken,F28292762,SINCERA SN250 225/55R17 97V SL 26.81,28292762,https://assets.wheelpros.com/transform/26ca6ddd-420c-4f50-83cb-871476528ff8/FALKEN-SINCERA-SN250_Standard-png?size=500,ST,0,179.00,0.00,04/26/2026 4:06:30 PM,10,0,0,0,0,0,0,0,0,0,0,0,0,0,0
Falken,F28294477,SINCERA SN250 215/70R15 98T SL 26.97,28294477,https://assets.wheelpros.com/transform/26ca6ddd-420c-4f50-83cb-871476528ff8/FALKEN-SINCERA-SN250_Standard-png?size=500,ST,0,133.00,0.00,04/26/2026 4:06:30 PM,10,0,0,0,0,0,0,0,0,0,0,0,0,0,0
Falken,F28294681,SINCERA SN250 215/65R16 98T SL 27.09,28294681,https://assets.wheelpros.com/transform/26ca6ddd-420c-4f50-83cb-871476528ff8/FALKEN-SINCERA-SN250_Standard-png?size=500,ST,0,142.00,0.00,04/26/2026 4:06:30 PM,10,0,0,0,0,0,0,0,0,0,0,0,0,0,0
Falken,F28294725,SINCERA SN250 235/55R17 99T SL 27.2,28294725,https://assets.wheelpros.com/transform/26ca6ddd-420c-4f50-83cb-871476528ff8/FALKEN-SINCERA-SN250_Standard-png?size=500,ST,0,189.00,0.00,04/26/2026 4:06:30 PM,10,0,0,0,0,0,0,0,0,0,0,0,0,0,0
Falken,F28294729,SINCERA SN250 215/60R17 96T SL 27.28,28294729,https://assets.wheelpros.com/transform/26ca6ddd-420c-4f50-83cb-871476528ff8/FALKEN-SINCERA-SN250_Standard-png?size=500,SO,4,170.00,0.00,04/26/2026 4:06:30 PM,10,0,0,0,0,0,0,0,0,0,0,0,0,0,4
Falken,F28294805,SINCERA SN250 225/50R18 95T SL 26.89,28294805,https://assets.wheelpros.com/transform/26ca6ddd-420c-4f50-83cb-871476528ff8/FALKEN-SINCERA-SN250_Standard-png?size=500,ST,0,209.00,0.00,04/26/2026 4:06:30 PM,10,0,0,0,0,0,0,0,0,0,0,0,0,0,0
Falken,F28294900,SINCERA SN250 215/55R18 95T SL 27.32,28294900,https://assets.wheelpros.com/transform/26ca6ddd-420c-4f50-83cb-871476528ff8/FALKEN-SINCERA-SN250_Standard-png?size=500,SO,0,210.00,0.00,04/26/2026 4:06:30 PM,10,0,0,0,0,0,0,0,0,0,0,0,0,0,0
Falken,F28296749,SINCERA SN250 225/60R16 98H SL 26.73,28296749,https://assets.wheelpros.com/transform/26ca6ddd-420c-4f50-83cb-871476528ff8/FALKEN-SINCERA-SN250_Standard-png?size=500,ST,0,156.00,0.00,04/26/2026 4:06:30 PM,10,0,0,0,0,0,0,0,0,0,0,0,0,0,0
Falken,F28299880,SINCERA SN250 235/50R18 97V SL 27.3,28299880,https://assets.wheelpros.com/transform/26ca6ddd-420c-4f50-83cb-871476528ff8/FALKEN-SINCERA-SN250_Standard-png?size=500,SO,0,214.00,0.00,04/26/2026 4:06:30 PM,10,0,0,0,0,0,0,0,0,0,0,0,0,0,0
Falken,F28391196,AKLIMATE 205/65R16 95H SL 26.8,28391196,https://images.wheelpros.com/m500/mTIRE.png,NW,0,174.00,0.00,04/26/2026 4:06:30 PM,10,0,0,0,0,0,0,0,0,0,0,0,0,0,0
Falken,F28391256,AKLIMATE 225/60R16 98H SL 26.9,28391256,https://images.wheelpros.com/m500/mTIRE.png,NW,0,181.00,0.00,04/26/2026 4:06:30 PM,10,0,0,0,0,0,0,0,0,0,0,0,0,0,0
Falken,F28391319,AKLIMATE 235/50R17 96H SL 26.6,28391319,https://images.wheelpros.com/m500/mTIRE.png,NW,0,220.00,0.00,04/26/2026 4:06:30 PM,10,0,0,0,0,0,0,0,0,0,0,0,0,0,0
Falken,F28391731,AKLIMATE 215/65R16 98H SL 27.4,28391731,https://images.wheelpros.com/m500/mTIRE.png,NW,0,190.00,0.00,04/26/2026 4:06:30 PM,10,0,0,0,0,0,0,0,0,0,0,0,0,0,0
Falken,F28391952,AKLIMATE 235/60R16 100H SL 27.1,28391952,https://images.wheelpros.com/m500/mTIRE.png,NW,0,188.00,0.00,04/26/2026 4:06:30 PM,10,0,0,0,0,0,0,0,0,0,0,0,0,0,0
Falken,F28392212,AKLIMATE 245/45R18 100V XL 26.9,28392212,https://images.wheelpros.com/m500/mTIRE.png,NW,0,245.00,0.00,04/26/2026 4:06:30 PM,10,0,0,0,0,0,0,0,0,0,0,0,0,0,0
Falken,F28392239,AKLIMATE 235/40R19 96V XL 26.7,28392239,https://images.wheelpros.com/m500/mTIRE.png,NW,0,284.00,0.00,04/26/2026 4:06:30 PM,10,0,0,0,0,0,0,0,0,0,0,0,0,0,0
Falken,F28392460,AKLIMATE 215/60R16 95V SL 26.5,28392460,https://images.wheelpros.com/m500/mTIRE.png,NW,0,183.00,0.00,04/26/2026 4:06:30 PM,10,0,0,0,0,0,0,0,0,0,0,0,0,0,0
Falken,F28392491,AKLIMATE 255/40R19 100V XL 27.3,28392491,https://images.wheelpros.com/m500/mTIRE.png,NW,0,325.00,0.00,04/26/2026 4:06:30 PM,10,0,0,0,0,0,0,0,0,0,0,0,0,0,0
Falken,F28392586,AKLIMATE 225/50R18 95V SL 27.2,28392586,https://images.wheelpros.com/m500/mTIRE.png,NW,0,243.00,0.00,04/26/2026 4:06:30 PM,10,0,0,0,0,0,0,0,0,0,0,0,0,0,0
Falken,F28392718,AKLIMATE 225/55R17 97V SL 27.1,28392718,https://images.wheelpros.com/m500/mTIRE.png,NW,0,207.00,0.00,04/26/2026 4:06:30 PM,10,0,0,0,0,0,0,0,0,0,0,0,0,0,0
Falken,F28392837,AKLIMATE 245/40R19 94W SL 27,28392837,https://images.wheelpros.com/m500/mTIRE.png,NW,0,278.00,0.00,04/26/2026 4:06:30 PM,10,0,0,0,0,0,0,0,0,0,0,0,0,0,0
Falken,F28392892,AKLIMATE 215/55R17 94V SL 26.6,28392892,https://images.wheelpros.com/m500/mTIRE.png,NW,0,199.00,0.00,04/26/2026 4:06:30 PM,10,0,0,0,0,0,0,0,0,0,0,0,0,0,0
Falken,F28392905,AKLIMATE 235/55R17 99V SL 27.2,28392905,https://images.wheelpros.com/m500/mTIRE.png,NW,0,230.00,0.00,04/26/2026 4:06:30 PM,10,0,0,0,0,0,0,0,0,0,0,0,0,0,0
Falken,F28393790,AKLIMATE 225/45R19 96W XL 27.2,28393790,https://images.wheelpros.com/m500/mTIRE.png,NW,0,267.00,0.00,04/26/2026 4:06:30 PM,10,0,0,0,0,0,0,0,0,0,0,0,0,0,0
Falken,F28535059,AZENIS RT615K 295/40R18 103W SL 27.2,28535059,https://images.wheelpros.com/m500/mFA999.png,ST,0,482.00,0.00,04/26/2026 4:06:30 PM,10,0,0,0,0,0,0,0,0,0,0,0,0,0,0
Falken,F28605810,FK453 245/45-18 100Y 26.57,,https://images.wheelpros.com/m500/mFK453.png,N2,1,200.00,0.00,04/26/2026 4:06:30 PM,10,1,0,0,0,0,0,0,0,0,0,0,0,0,0
Falken,F28605902,FK453 275/35-19 100Y 26.54,,https://images.wheelpros.com/m500/mFK453.png,N2,0,282.00,0.00,04/26/2026 4:06:30 PM,10,0,0,0,0,0,0,0,0,0,0,0,0,0,0
Falken,F28711481,WDPEAK AT TRL 205/70R16 97H SL 27.3,28711481,https://images.wheelpros.com/m500/mFTWPK.png,SO,0,198.00,0.00,04/26/2026 4:06:30 PM,10,0,0,0,0,0,0,0,0,0,0,0,0,0,0
Falken,F28711900,WDPEAK AT TRL 215/55R18 95H SL 27.3,28711900,https://images.wheelpros.com/m500/mFTWPK.png,SO,0,267.00,0.00,04/26/2026 4:06:30 PM,10,0,0,0,0,0,0,0,0,0,0,0,0,0,0
Falken,F28712681,WDPEAK AT TRL 215/65R16 102H XL 27.1,28712681,https://images.wheelpros.com/m500/mFTWPK.png,SO,0,200.00,0.00,04/26/2026 4:06:30 PM,10,0,0,0,0,0,0,0,0,0,0,0,0,0,0
Falken,F28712725,WDPEAK AT TRL 235/55R17 103V XL 27.2,28712725,https://images.wheelpros.com/m500/mFTWPK.png,SO,8,231.00,0.00,04/26/2026 4:06:30 PM,10,0,0,0,0,0,0,0,0,0,0,0,0,8,0
Falken,F28712729,WDPEAK AT TRL 215/60R17 96H SL 27.2,28712729,https://images.wheelpros.com/m500/mFTWPK.png,SO,14,214.00,0.00,04/26/2026 4:06:30 PM,10,10,0,0,0,0,0,0,0,0,0,0,0,4,0
Falken,F28712762,WDPEAK AT TRL 225/55R17 101V XL 26.8,28712762,https://images.wheelpros.com/m500/mFTWPK.png,SO,12,226.00,0.00,04/26/2026 4:06:30 PM,10,0,0,0,0,0,0,0,0,0,0,0,0,12,0
Falken,F28712805,WDPEAK AT TRL 225/50R18 95V SL 26.9,28712805,https://images.wheelpros.com/m500/mFTWPK.png,ST,8,272.00,0.00,04/26/2026 4:06:30 PM,10,0,0,0,0,0,0,0,0,0,0,0,0,8,0
Falken,F28712825,WDPEAK AT TRL 235/50R18 97V SL 27.3,28712825,https://images.wheelpros.com/m500/mFTWPK.png,SO,8,288.00,0.00,04/26/2026 4:06:30 PM,10,0,0,0,0,0,0,0,0,0,0,0,0,8,0
Falken,F28953825,ZIEX ZE950 235/50R18 101W XL 27.28,28953825,https://images.wheelpros.com/m500/mFT950.png,SO,0,216.00,0.00,04/26/2026 4:06:30 PM,10,0,0,0,0,0,0,0,0,0,0,0,0,0,0
Falken,F28953865,ZIEX ZE950 245/45R18 100W XL 26.65,28953865,https://images.wheelpros.com/m500/mFT950.png,SO,0,273.00,0.00,04/26/2026 4:06:30 PM,10,0,0,0,0,0,0,0,0,0,0,0,0,0,0
Falken,F28962480,ZIEX ZE960 225/60R16 98V SL 26.7,28962480,https://images.wheelpros.com/m500/mFTWPK.png,SO,0,157.00,0.00,04/26/2026 4:06:30 PM,10,0,0,0,0,0,0,0,0,0,0,0,0,0,0
Falken,F28962626,ZIEX ZE960 205/65R16 95V SL 26.5,28962626,https://images.wheelpros.com/m500/mFTWPK.png,SO,0,154.00,0.00,04/26/2026 4:06:30 PM,10,0,0,0,0,0,0,0,0,0,0,0,0,0,0
Falken,F28962762,ZIEX ZE960 225/55R17 101V XL 26.8,28962762,https://images.wheelpros.com/m500/mFTWPK.png,SO,0,171.00,0.00,04/26/2026 4:06:30 PM,10,0,0,0,0,0,0,0,0,0,0,0,0,0,0
Falken,F28962865,ZIEX ZE960 245/45R18 100V XL 26.7,28962865,https://images.wheelpros.com/m500/mFTWPK.png,SO,0,217.00,0.00,04/26/2026 4:06:30 PM,10,0,0,0,0,0,0,0,0,0,0,0,0,0,0
Falken,F28963001,ZIEX ZE960 255/35R20 97W XL 27,28963001,https://images.wheelpros.com/m500/mFTWPK.png,SO,0,217.00,0.00,04/26/2026 4:06:30 PM,10,0,0,0,0,0,0,0,0,0,0,0,0,0,0
Falken,F28963725,ZIEX ZE960 235/55R17 99W SL 27.2,28963725,https://images.wheelpros.com/m500/mFTWPK.png,SO,2,178.00,0.00,04/26/2026 4:06:30 PM,10,0,2,0,0,0,0,0,0,0,0,0,0,0,0
Falken,F28963776,ZIEX ZE960 245/50R17 99W SL 26.7,28963776,https://images.wheelpros.com/m500/mFTWPK.png,SO,0,211.00,0.00,04/26/2026 4:06:30 PM,10,0,0,0,0,0,0,0,0,0,0,0,0,0,0
Falken,F28963805,ZIEX ZE960 225/50R18 95W SL 26.9,28963805,https://images.wheelpros.com/m500/mFTWPK.png,SO,0,196.00,0.00,04/26/2026 4:06:30 PM,10,0,0,0,0,0,0,0,0,0,0,0,0,0,0
Falken,F28963825,ZIEX ZE960 235/50R18 101W XL 27.3,28963825,https://images.wheelpros.com/m500/mFTWPK.png,SO,0,221.00,0.00,04/26/2026 4:06:30 PM,10,0,0,0,0,0,0,0,0,0,0,0,0,0,0
Falken,F28963866,ZIEX ZE960 255/45R18 103W XL 27.1,28963866,https://images.wheelpros.com/m500/mFTWPK.png,SO,0,219.00,0.00,04/26/2026 4:06:30 PM,10,0,0,0,0,0,0,0,0,0,0,0,0,0,0
Falken,F28963937,ZIEX ZE960 225/45R19 96W XL 27,28963937,https://images.wheelpros.com/m500/mFTWPK.png,ST,0,236.00,0.00,04/26/2026 4:06:30 PM,10,0,0,0,0,0,0,0,0,0,0,0,0,0,0
Falken,F28963974,ZIEX ZE960 245/40R19 94W SL 26.7,28963974,https://images.wheelpros.com/m500/mFTWPK.png,SO,0,246.00,0.00,04/26/2026 4:06:30 PM,10,0,0,0,0,0,0,0,0,0,0,0,0,0,0
Falken,F28963985,ZIEX ZE960 245/35R20 95W XL 26.8,28963985,https://images.wheelpros.com/m500/mFTWPK.png,SO,1,199.00,0.00,04/26/2026 4:06:30 PM,10,0,0,0,1,0,0,0,0,0,0,0,0,0,0
OHTSU,F30421623,FP7000 225/60-16 98H 26.6,,https://images.wheelpros.com/m500/mFP700.png,SO,0,148.00,0.00,04/26/2026 4:06:30 PM,10,0,0,0,0,0,0,0,0,0,0,0,0,0,0
OHTSU,F30421624,FP7000 235/60-16 100H 27.1,,https://images.wheelpros.com/m500/mFP700.png,SO,0,178.00,0.00,04/26/2026 4:06:30 PM,10,0,0,0,0,0,0,0,0,0,0,0,0,0,0
OHTSU,F30421681,FP7000 215/65-16 98H 27,,https://images.wheelpros.com/m500/mFP700.png,SO,0,154.00,0.00,04/26/2026 4:06:30 PM,10,0,0,0,0,0,0,0,0,0,0,0,0,0,0
OHTSU,F30421725,FP7000 235/55-17 99H 27.2,,https://images.wheelpros.com/m500/mFP700.png,SO,0,186.00,0.00,04/26/2026 4:06:30 PM,10,0,0,0,0,0,0,0,0,0,0,0,0,0,0
OHTSU,F30422721,FP7000 225/55-17 97V 26.7,,https://images.wheelpros.com/m500/mFP700.png,SO,0,185.00,0.00,04/26/2026 4:06:30 PM,10,0,0,0,0,0,0,0,0,0,0,0,0,0,0
OHTSU,F30423825,FP7000 235/50-18 97W 27.2,,https://images.wheelpros.com/m500/mFP700.png,SO,0,218.00,0.00,04/26/2026 4:06:30 PM,10,0,0,0,0,0,0,0,0,0,0,0,0,0,0
OHTSU,F30423865,FP7000 245/45-18 96W 26.6,,https://images.wheelpros.com/m500/mFP700.png,SO,0,194.00,0.00,04/26/2026 4:06:30 PM,10,0,0,0,0,0,0,0,0,0,0,0,0,0,0
OHTSU,F30423866,FP7000 255/45-18 99W 27.1,,https://images.wheelpros.com/m500/mFP700.png,SO,0,223.00,0.00,04/26/2026 4:06:30 PM,10,0,0,0,0,0,0,0,0,0,0,0,0,0,0
OHTSU,F30483001,FP8000 275/30-20 97W 26.66,,https://images.wheelpros.com/m500/mFP800.png,SO,0,254.00,0.00,04/26/2026 4:06:30 PM,10,0,0,0,0,0,0,0,0,0,0,0,0,0,0
OHTSU,F30483004,FP8000 255/35-20 97W 27.11,,https://images.wheelpros.com/m500/mFP800.png,SO,0,254.00,0.00,04/26/2026 4:06:30 PM,10,0,0,0,0,0,0,0,0,0,0,0,0,0,0
OHTSU,F30483013,FP8000 285/30-20 99W 26.88,,https://images.wheelpros.com/m500/mFP800.png,SO,0,337.00,0.00,04/26/2026 4:06:30 PM,10,0,0,0,0,0,0,0,0,0,0,0,0,0,0
OHTSU,F30483014,FP8000 245/35-20 95W 26.88,,https://images.wheelpros.com/m500/mFP800.png,SO,0,238.00,0.00,04/26/2026 4:06:30 PM,10,0,0,0,0,0,0,0,0,0,0,0,0,0,0
OHTSU,F30483865,FP8000 245/45-18 100W 26.72,,https://images.wheelpros.com/m500/mFP800.png,SO,0,214.00,0.00,04/26/2026 4:06:30 PM,10,0,0,0,0,0,0,0,0,0,0,0,0,0,0
OHTSU,F30483907,FP8000 255/40-19 100W 27.21,,https://images.wheelpros.com/m500/mFP800.png,SO,0,261.00,0.00,04/26/2026 4:06:30 PM,10,0,0,0,0,0,0,0,0,0,0,0,0,0,0
OHTSU,F30483911,FP8000 245/40-19 98W 26.89,,https://images.wheelpros.com/m500/mFP800.png,SO,0,235.00,0.00,04/26/2026 4:06:30 PM,10,0,0,0,0,0,0,0,0,0,0,0,0,0,0
OHTSU,F30483912,FP8000 285/35-19 99W 27.05,,https://images.wheelpros.com/m500/mFP800.png,SO,0,335.00,0.00,04/26/2026 4:06:30 PM,10,0,0,0,0,0,0,0,0,0,0,0,0,0,0
Falken,F59000230,FK090 155/80R17 100M SL 27.32,59000230,https://images.wheelpros.com/m500/mFA999.png,ST,0,133.00,0.00,04/26/2026 4:06:30 PM,10,0,0,0,0,0,0,0,0,0,0,0,0,0,0
Falken,F59000280,SINCERA SN250A 215/60R17 96H SL 27.2,59000280,https://images.wheelpros.com/m500/mFA999.png,SO,0,192.00,0.00,04/26/2026 4:06:30 PM,10,0,0,0,0,0,0,0,0,0,0,0,0,0,0
Falken,F59000340,FK090 145/80R17 107M SL 26.57,59000340,https://images.wheelpros.com/m500/mFA999.png,SO,7,117.00,0.00,04/26/2026 4:06:30 PM,10,0,0,0,0,0,0,0,0,0,0,0,0,7,0
Falken,F59000400,FK090 155/90R16 110M SL 27.3,59000400,https://images.wheelpros.com/m500/mFA999.png,ST,0,132.00,0.00,04/26/2026 4:06:30 PM,10,0,0,0,0,0,0,0,0,0,0,0,0,0,0
Falken,F59000420,FK090 145/90R16 106M SL 26.7,59000420,https://images.wheelpros.com/m500/mFA999.png,ST,0,130.00,0.00,04/26/2026 4:06:30 PM,10,0,0,0,0,0,0,0,0,0,0,0,0,0,0
Falken,F59000740,ZIEX ZE001A 215/55R18 95H SL 27.44,59000740,https://images.wheelpros.com/m500/mFA999.png,ST,0,259.00,0.00,04/26/2026 4:06:30 PM,10,0,0,0,0,0,0,0,0,0,0,0,0,0,0
Falken,F59000800,FK090 155/80R17 100M SL 27.1,59000800,https://images.wheelpros.com/m500/mFA999.png,SO,0,133.00,0.00,04/26/2026 4:06:30 PM,10,0,0,0,0,0,0,0,0,0,0,0,0,0,0
Falken,F59000980,ZIEX CT60 235/45R19 99V XL 27.4,59000980,https://assets.wheelpros.com/transform/9439da7c-0b3d-4cb7-af91-94035543a283/FALKEN-ZIEX-CT60-AS_Standard-png?size=500,NW,0,335.00,0.00,04/26/2026 4:06:30 PM,10,0,0,0,0,0,0,0,0,0,0,0,0,0,0
Milestar,M24083108,MS932 SPORT 245/40R19 98W XL 26.7,24083108,https://assets.wheelpros.com/transform/a00236d0-9e1c-47be-85e7-72d53fb2a029/MILESTAR-MS932-SPORT_STANDARD-png?size=500,ST,0,85.00,0.00,04/26/2026 4:06:30 PM,10,0,0,0,0,0,0,0,0,0,0,0,0,0,0
Milestar,M24083109,INTERCEPT AS810 245/40ZR19 98Y XL 26.7,24083109,,ST,0,89.00,0.00,04/26/2026 4:06:30 PM,10,0,0,0,0,0,0,0,0,0,0,0,0,0,0
Milestar,M24245013,MS775 TOURING SLE P215/70R15 97S SL 26.9,24245013,,ST,0,64.00,0.00,04/26/2026 4:06:30 PM,10,0,0,0,0,0,0,0,0,0,0,0,0,0,0
Milestar,M24245020,STREETSTEEL P215/70R15 97T SL 26.9,24245020,,ST,0,78.00,0.00,04/26/2026 4:06:30 PM,10,0,0,0,0,0,0,0,0,0,0,0,0,0,0
Milestar,M24247001,STREETSTEEL P225/70R14 98T SL 26.5,24247001,,ST,0,75.00,0.00,04/26/2026 4:06:30 PM,10,0,0,0,0,0,0,0,0,0,0,0,0,0,0
Milestar,M24377501,STREETSTEEL P245/60R15 100T SL 26.6,24377501,,ST,0,94.00,0.00,04/26/2026 4:06:30 PM,10,0,0,0,0,0,0,0,0,0,0,0,0,0,0
Milestar,M24410010,MS932 SPORT 235/50R18 101W XL 27.3,24410010,https://assets.wheelpros.com/transform/a00236d0-9e1c-47be-85e7-72d53fb2a029/MILESTAR-MS932-SPORT_STANDARD-png?size=500,ST,0,81.00,0.00,04/26/2026 4:06:30 PM,10,0,0,0,0,0,0,0,0,0,0,0,0,0,0
Milestar,M24410011,WXGUARD AW365 235/50R18 101V XL 27.3,24410011,,ST,0,94.00,0.00,04/26/2026 4:06:30 PM,10,0,0,0,0,0,0,0,0,0,0,0,0,0,0
Milestar,M24475025,WXGUARD AW365 225/55R17 101V XL 26.8,24475025,,ST,0,81.00,0.00,04/26/2026 4:06:30 PM,10,0,0,0,0,0,0,0,0,0,0,0,0,0,0
Milestar,M24485001,STREETSTEEL P295/50R15 105S SL 26.7,24485001,,ST,0,118.00,0.00,04/26/2026 4:06:30 PM,10,0,0,0,0,0,0,0,0,0,0,0,0,0,0
Milestar,M24627502,STREETSTEEL P225/70R15 100T SL 27.4,24627502,,ST,0,81.00,0.00,04/26/2026 4:06:30 PM,10,0,0,0,0,0,0,0,0,0,0,0,0,0,0
Milestar,M24740013,MS775 TOURING SLE P205/75R15 97S SL 27.1,24740013,,ST,0,60.00,0.00,04/26/2026 4:06:30 PM,10,0,0,0,0,0,0,0,0,0,0,0,0,0,0
Milestar,M24995019,MS932 SPORT 245/45R18 100W XL 26.7,24995019,https://assets.wheelpros.com/transform/a00236d0-9e1c-47be-85e7-72d53fb2a029/MILESTAR-MS932-SPORT_STANDARD-png?size=500,ST,0,80.00,0.00,04/26/2026 4:06:30 PM,10,0,0,0,0,0,0,0,0,0,0,0,0,0,0
Milestar,M24995020,INTERCEPT AS810 245/45ZR18 100Y XL 26.7,24995020,https://images.wheelpros.com/m500/mFA999.png,ST,0,84.00,0.00,04/26/2026 4:06:30 PM,10,0,0,0,0,0,0,0,0,0,0,0,0,0,0
EFX,MC-27-10-14,MOTOCLAW 27X10R14 80J 27,MC-27-10-14,https://assets.wheelpros.com/transform/0a72f5d9-b494-4b43-8c1c-142b7eeb0676/EFX-MOTOCLAW-MC-32-10-16-A1-png?size=500,ST,35,214.00,214.00,04/26/2026 4:06:30 PM,20,6,0,16,0,0,0,0,0,0,0,0,0,0,13
EFX,MH-27-11-14,MOTOHAMMER 27X11R14 73J 27,MH-27-11-14,https://assets.wheelpros.com/transform/6def0fb7-44ff-4013-b377-97968ce9eaaf/EFX-MOTOHAMMER-MH-32-10-15-A1-png?size=500,ST,62,285.00,285.00,04/26/2026 4:06:30 PM,20,16,0,16,0,14,0,0,0,0,0,0,0,0,16
EFX,MH-27-9-14,MOTOHAMMER 27X9R14 73J 27,MH-27-9-14,https://assets.wheelpros.com/transform/6def0fb7-44ff-4013-b377-97968ce9eaaf/EFX-MOTOHAMMER-MH-32-10-15-A1-png?size=500,ST,58,262.00,262.00,04/26/2026 4:06:30 PM,20,16,0,16,0,6,0,0,0,0,0,0,0,4,16
EFX,MM-27-10-14,MOTOMAX 27X10-14 27,MM-27-10-14,https://assets.wheelpros.com/transform/c6dc62cc-e265-4a59-902a-5d3835573718/EFX-MOTOMAX-MM-27-12-14-A1-png?size=500,ST,20,219.00,0.00,04/26/2026 4:06:30 PM,20,4,0,0,0,16,0,0,0,0,0,0,0,0,0
EFX,MM-27-12-14,MOTOMAX 27X12-14 27,MM-27-12-14,https://assets.wheelpros.com/transform/c6dc62cc-e265-4a59-902a-5d3835573718/EFX-MOTOMAX-MM-27-12-14-A1-png?size=500,N2,25,242.00,0.00,04/26/2026 4:06:30 PM,20,5,0,16,0,4,0,0,0,0,0,0,0,0,0
EFX,MR-27-10-14,MOTORAVAGE 27X10R14 M 27,MR-27-10-14,https://assets.wheelpros.com/transform/5c97bb05-527f-402d-bca3-1996121f594c/EFX-MOTORAVAGE-MR-32-10-18-A1-png?size=500,ST,44,297.00,297.00,04/26/2026 4:06:30 PM,20,16,0,10,0,16,0,0,0,0,0,0,0,2,0
Mickey Thompson Tire,MTT250596,ET STREET SS P325/30R19 LL 27.1,250596,https://images.wheelpros.com/m500/mTIRE.png,ST,0,742.00,741.85,04/26/2026 4:06:30 PM,10,0,0,0,0,0,0,0,0,0,0,0,0,0,0
Mickey Thompson Tire,MTT250597,ET STREET SS P285/40R18 LL 26.9,250597,https://images.wheelpros.com/m500/mTIRE.png,ST,0,655.00,655.50,04/26/2026 4:06:30 PM,10,0,0,0,0,0,0,0,0,0,0,0,0,0,0
Mickey Thompson Tire,MTT250657,PRO BRACKET RAD 27.0/10.5R17 27,250657,https://images.wheelpros.com/m500/mTIRE.png,NW,0,491.00,490.89,04/26/2026 4:06:30 PM,10,0,0,0,0,0,0,0,0,0,0,0,0,0,0
Mickey Thompson Tire,MTT250974,ET STREET R BIAS 27X10.50-17LT  27.1,250974,https://images.wheelpros.com/m500/mMTETTF.png,NW,0,412.00,411.51,04/26/2026 4:06:30 PM,10,0,0,0,0,0,0,0,0,0,0,0,0,0,0
Mickey Thompson Tire,MTT255604,ET STREET R P285/45R17  27.2,255604,https://images.wheelpros.com/m500/mMTETTE.png,NW,0,516.00,516.14,04/26/2026 4:06:30 PM,10,0,0,0,0,0,0,0,0,0,0,0,0,0,0
Mickey Thompson Tire,MTT255653,SPORTSMAN SR 27X6.00R15LT B 27.1,255653,https://images.wheelpros.com/m500/mTIRE.png,ST,0,426.00,425.60,04/26/2026 4:06:30 PM,10,0,0,0,0,0,0,0,0,0,0,0,0,0,0
Mickey Thompson Tire,MTT315006003,ET STREET SS 285/35R19 99 27,90000028442,https://images.wheelpros.com/m500/mMTETTG.png,ST,0,768.00,0.00,04/26/2026 4:06:30 PM,10,0,0,0,0,0,0,0,0,0,0,0,0,0,0
Mickey Thompson Tire,MTT315012003,ET STREET SS P325/30R19 LL 27.1,250596,https://images.wheelpros.com/m500/mTIRE.png,ST,0,859.00,0.00,04/26/2026 4:06:30 PM,10,0,0,0,0,0,0,0,0,0,0,0,0,0,0
Mickey Thompson Tire,MTT315013003,ET STREET SS P285/40R18 LL 26.9,250597,https://images.wheelpros.com/m500/mTIRE.png,ST,0,759.00,0.00,04/26/2026 4:06:30 PM,10,0,0,0,0,0,0,0,0,0,0,0,0,0,0
Mickey Thompson Tire,MTT315029006,PRO BRACKET RAD 27.0/10.5R17 27,250657,https://images.wheelpros.com/m500/mTIRE.png,NW,0,545.00,0.00,04/26/2026 4:06:30 PM,10,0,0,0,0,0,0,0,0,0,0,0,0,0,0
Mickey Thompson Tire,MTT315052010,ET STREET FRONT LT27X6.00R17 26.9,90000040480,https://images.wheelpros.com/m500/mMTETTD.png,ST,0,460.00,0.00,04/26/2026 4:06:30 PM,10,0,0,0,0,0,0,0,0,0,0,0,0,0,0
Mickey Thompson Tire,MTT315053010,ET STREET FRONT LT27X6.00R15 26.8,90000040429,https://images.wheelpros.com/m500/mMTETTD.png,ST,0,448.00,0.00,04/26/2026 4:06:30 PM,10,0,0,0,0,0,0,0,0,0,0,0,0,0,0
Mickey Thompson Tire,MTT315088004,ET STREET R 325/35R18 104 27,90000028455,https://images.wheelpros.com/m500/mMTETTE.png,ST,0,756.00,0.00,04/26/2026 4:06:30 PM,10,0,0,0,0,0,0,0,0,0,0,0,0,0,0
Mickey Thompson Tire,MTT315098004,ET STREET R P285/45R17  27.2,255604,https://images.wheelpros.com/m500/mMTETTE.png,NW,0,573.00,0.00,04/26/2026 4:06:30 PM,10,0,0,0,0,0,0,0,0,0,0,0,0,0,0
Mickey Thompson Tire,MTT315100003,ET STREET SS 305/35R19 27.2,90000024575,https://images.wheelpros.com/m500/mMTETTG.png,ST,0,809.00,0.00,04/26/2026 4:06:30 PM,10,0,0,0,0,0,0,0,0,0,0,0,0,0,0
Mickey Thompson Tire,MTT315106003,ET STREET SS 255/60R15 27.3,90000024552,https://images.wheelpros.com/m500/mMTETTG.png,ST,0,442.00,0.00,04/26/2026 4:06:30 PM,10,0,0,0,0,0,0,0,0,0,0,0,0,0,0
Mickey Thompson Tire,MTT315110003,ET STREET SS 305/35R18 26.6,90000024570,https://images.wheelpros.com/m500/mMTETTG.png,ST,0,705.00,0.00,04/26/2026 4:06:30 PM,10,0,0,0,0,0,0,0,0,0,0,0,0,0,0
Mickey Thompson Tire,MTT321002001,SPORTSMAN ST 245/60R15 100T 26.6,90000000182,https://images.wheelpros.com/m500/mMTSPOC.png,ST,0,294.00,0.00,04/26/2026 4:06:30 PM,10,0,0,0,0,0,0,0,0,0,0,0,0,0,0
Mickey Thompson Tire,MTT321004001,SPORTSMAN ST 295/50R15 105S 26.8,90000000185,https://images.wheelpros.com/m500/mMTSPOC.png,ST,0,387.00,0.00,04/26/2026 4:06:30 PM,10,0,0,0,0,0,0,0,0,0,0,0,0,0,0
Mickey Thompson Tire,MTT321006001,SPORTSMAN ST 255/60R15 102T 27,90000000183,https://images.wheelpros.com/m500/mMTSPOC.png,ST,0,303.00,0.00,04/26/2026 4:06:30 PM,10,0,0,0,0,0,0,0,0,0,0,0,0,0,0
Mickey Thompson Tire,MTT321007001,SPORTSMAN ST 225/70-15,90000000180,https://images.wheelpros.com/m500/mMTSPOC.png,NW,0,276.00,0.00,04/26/2026 4:06:30 PM,10,0,0,0,0,0,0,0,0,0,0,0,0,0,0
Mickey Thompson Tire,MTT321014002,STREET COMP 275/40R18 99Y 26.6,90000001620,https://images.wheelpros.com/m500/mMTSTRA.png,ST,0,404.00,0.00,04/26/2026 4:06:30 PM,10,0,0,0,0,0,0,0,0,0,0,0,0,0,0
Mickey Thompson Tire,MTT321015002,STREET COMP 285/35R19 99Y 26.9,90000001623,https://images.wheelpros.com/m500/mMTSTRA.png,ST,0,491.00,0.00,04/26/2026 4:06:30 PM,10,0,0,0,0,0,0,0,0,0,0,0,0,0,0
Mickey Thompson Tire,MTT321016002,STREET COMP 255/35R20 97W 27,90000001615,https://images.wheelpros.com/m500/mMTSTRA.png,ST,0,349.00,0.00,04/26/2026 4:06:30 PM,10,0,0,0,0,0,0,0,0,0,0,0,0,0,0
Mickey Thompson Tire,MTT321017002,STREET COMP 255/40R19 100Y 27,90000001622,https://images.wheelpros.com/m500/mMTSTRA.png,ST,0,425.00,0.00,04/26/2026 4:06:30 PM,10,0,0,0,0,0,0,0,0,0,0,0,0,0,0
Mickey Thompson Tire,MTT321018002,STREET COMP 255/45-18,90000001609,https://images.wheelpros.com/m500/mMTSTRA.png,NW,0,379.00,0.00,04/26/2026 4:06:30 PM,10,0,0,0,0,0,0,0,0,0,0,0,0,0,0
Mickey Thompson Tire,MTT321048004,SPORTSMAN SR LT27X6.00R17 27,90000034902,https://images.wheelpros.com/m500/mMTSPOB.png,ST,0,500.00,0.00,04/26/2026 4:06:30 PM,10,0,0,0,0,0,0,0,0,0,0,0,0,0,0
Mickey Thompson Tire,MTT321061004,SPORTSMAN SR 27X6.00R15LT B 27.1,255653,https://images.wheelpros.com/m500/mTIRE.png,ST,0,484.00,0.00,04/26/2026 4:06:30 PM,10,0,0,0,0,0,0,0,0,0,0,0,0,0,0
Mickey Thompson Tire,MTT365042011,ET DRAG 28.0/9.0-15 27.3,90000000847,https://images.wheelpros.com/m500/mMTETTA.png,ST,0,404.00,0.00,04/26/2026 4:06:30 PM,10,0,0,0,0,0,0,0,0,0,0,0,0,0,0
Mickey Thompson Tire,MTT365067020,ET FRONT 26.0/4.0-17 26.5,90000026535,https://images.wheelpros.com/m500/mMTETTB.png,ST,0,336.00,0.00,04/26/2026 4:06:30 PM,10,0,0,0,0,0,0,0,0,0,0,0,0,0,0
Mickey Thompson Tire,MTT365068020,ET FRONT 27.5/4.0-15 27.3,90000026534,https://images.wheelpros.com/m500/mMTETTB.png,ST,0,328.00,0.00,04/26/2026 4:06:30 PM,10,0,0,0,0,0,0,0,0,0,0,0,0,0,0
Mickey Thompson Tire,MTT365096011,ET DRAG 26.0/10.0-15 26.5,90000000846,https://images.wheelpros.com/m500/mMTETTA.png,ST,0,429.00,0.00,04/26/2026 4:06:30 PM,10,0,0,0,0,0,0,0,0,0,0,0,0,0,0
Mickey Thompson Tire,MTT365098011,ET DRAG 28.0/9.0-15 27.3,90000022010,https://images.wheelpros.com/m500/mMTETTA.png,ST,0,409.00,0.00,04/26/2026 4:06:30 PM,10,0,0,0,0,0,0,0,0,0,0,0,0,0,0
Mickey Thompson Tire,MTT365121004,ET STREET R BIAS 27X10.50-17LT  27.1,250974,https://images.wheelpros.com/m500/mMTETTF.png,NW,0,457.00,0.00,04/26/2026 4:06:30 PM,10,0,0,0,0,0,0,0,0,0,0,0,0,0,0
Mickey Thompson Tire,MTT90000000178,SPORTSMAN ST 215/70R15 97T 26.7,90000000178,https://images.wheelpros.com/m500/mMTSPOC.png,ST,0,236.00,235.60,04/26/2026 4:06:30 PM,10,0,0,0,0,0,0,0,0,0,0,0,0,0,0
Mickey Thompson Tire,MTT90000000180,SPORTSMAN ST 225/70-15,90000000180,https://images.wheelpros.com/m500/mMTSPOC.png,NW,0,254.00,253.88,04/26/2026 4:06:30 PM,10,0,0,0,0,0,0,0,0,0,0,0,0,0,0
Mickey Thompson Tire,MTT90000000182,SPORTSMAN ST 245/60R15 100T 26.6,90000000182,https://images.wheelpros.com/m500/mMTSPOC.png,ST,30,264.00,263.78,04/26/2026 4:06:30 PM,10,12,0,0,0,16,0,0,0,0,0,0,0,2,0
Mickey Thompson Tire,MTT90000000183,SPORTSMAN ST 255/60R15 102T 27,90000000183,https://images.wheelpros.com/m500/mMTSPOC.png,ST,26,269.00,268.80,04/26/2026 4:06:30 PM,10,10,0,0,0,16,0,0,0,0,0,0,0,0,0
Mickey Thompson Tire,MTT90000000185,SPORTSMAN ST 295/50R15 105S 26.8,90000000185,https://images.wheelpros.com/m500/mMTSPOC.png,ST,28,343.00,343.44,04/26/2026 4:06:30 PM,10,12,6,0,0,10,0,0,0,0,0,0,0,0,0
Mickey Thompson Tire,MTT90000000846,ET DRAG 26.0/10.0-15 26.5,90000000846,https://images.wheelpros.com/m500/mMTETTA.png,ST,0,370.00,369.66,04/26/2026 4:06:30 PM,10,0,0,0,0,0,0,0,0,0,0,0,0,0,0
Mickey Thompson Tire,MTT90000000847,ET DRAG 28.0/9.0-15 27.3,90000000847,https://images.wheelpros.com/m500/mMTETTA.png,ST,0,362.00,361.57,04/26/2026 4:06:30 PM,10,0,0,0,0,0,0,0,0,0,0,0,0,0,0
Mickey Thompson Tire,MTT90000001609,STREET COMP 255/45-18,90000001609,https://images.wheelpros.com/m500/mMTSTRA.png,NW,0,338.00,337.86,04/26/2026 4:06:30 PM,10,0,0,0,0,0,0,0,0,0,0,0,0,0,0
Mickey Thompson Tire,MTT90000001615,STREET COMP 255/35R20 97W 27,90000001615,https://images.wheelpros.com/m500/mMTSTRA.png,ST,2,323.00,322.65,04/26/2026 4:06:30 PM,10,0,0,0,0,0,0,0,0,0,0,0,0,2,0
Mickey Thompson Tire,MTT90000001620,STREET COMP 275/40R18 99Y 26.6,90000001620,https://images.wheelpros.com/m500/mMTSTRA.png,ST,0,366.00,366.17,04/26/2026 4:06:30 PM,10,0,0,0,0,0,0,0,0,0,0,0,0,0,0
Mickey Thompson Tire,MTT90000001622,STREET COMP 255/40R19 100Y 27,90000001622,https://images.wheelpros.com/m500/mMTSTRA.png,ST,1,395.00,395.33,04/26/2026 4:06:30 PM,10,1,0,0,0,0,0,0,0,0,0,0,0,0,0
Mickey Thompson Tire,MTT90000001623,STREET COMP 285/35R19 99Y 26.9,90000001623,https://images.wheelpros.com/m500/mMTSTRA.png,ST,0,470.00,469.96,04/26/2026 4:06:30 PM,10,0,0,0,0,0,0,0,0,0,0,0,0,0,0
Mickey Thompson Tire,MTT90000022010,ET DRAG 28.0/9.0-15 27.3,90000022010,https://images.wheelpros.com/m500/mMTETTA.png,ST,0,360.00,360.04,04/26/2026 4:06:30 PM,10,0,0,0,0,0,0,0,0,0,0,0,0,0,0
Mickey Thompson Tire,MTT90000024552,ET STREET SS 255/60R15 27.3,90000024552,https://images.wheelpros.com/m500/mMTETTG.png,ST,0,379.00,379.43,04/26/2026 4:06:30 PM,10,0,0,0,0,0,0,0,0,0,0,0,0,0,0
Mickey Thompson Tire,MTT90000024570,ET STREET SS 305/35R18 26.6,90000024570,https://images.wheelpros.com/m500/mMTETTG.png,ST,0,618.00,617.69,04/26/2026 4:06:30 PM,10,0,0,0,0,0,0,0,0,0,0,0,0,0,0
Mickey Thompson Tire,MTT90000024575,ET STREET SS 305/35R19 27.2,90000024575,https://images.wheelpros.com/m500/mMTETTG.png,ST,2,699.00,699.16,04/26/2026 4:06:30 PM,10,0,0,0,0,0,0,0,0,0,0,0,0,2,0
Mickey Thompson Tire,MTT90000026534,ET FRONT 27.5/4.0-15 27.3,90000026534,https://images.wheelpros.com/m500/mMTETTB.png,ST,0,292.00,291.68,04/26/2026 4:06:30 PM,10,0,0,0,0,0,0,0,0,0,0,0,0,0,0
Mickey Thompson Tire,MTT90000026535,ET FRONT 26.0/4.0-17 26.5,90000026535,https://images.wheelpros.com/m500/mMTETTB.png,ST,0,298.00,297.82,04/26/2026 4:06:30 PM,10,0,0,0,0,0,0,0,0,0,0,0,0,0,0
Mickey Thompson Tire,MTT90000028442,ET STREET SS 285/35R19 99 27,90000028442,https://images.wheelpros.com/m500/mMTETTG.png,ST,0,664.00,664.42,04/26/2026 4:06:30 PM,10,0,0,0,0,0,0,0,0,0,0,0,0,0,0
Mickey Thompson Tire,MTT90000028455,ET STREET R 325/35R18 104 27,90000028455,https://images.wheelpros.com/m500/mMTETTE.png,ST,4,681.00,681.30,04/26/2026 4:06:30 PM,10,0,2,0,0,0,0,2,0,0,0,0,0,0,0
Mickey Thompson Tire,MTT90000034902,SPORTSMAN SR LT27X6.00R17 27,90000034902,https://images.wheelpros.com/m500/mMTSPOB.png,ST,0,448.00,448.06,04/26/2026 4:06:30 PM,10,0,0,0,0,0,0,0,0,0,0,0,0,0,0
Mickey Thompson Tire,MTT90000040429,ET STREET FRONT LT27X6.00R15 26.8,90000040429,https://images.wheelpros.com/m500/mMTETTD.png,ST,0,403.00,402.58,04/26/2026 4:06:30 PM,10,0,0,0,0,0,0,0,0,0,0,0,0,0,0
Mickey Thompson Tire,MTT90000040480,ET STREET FRONT LT27X6.00R17 26.9,90000040480,https://images.wheelpros.com/m500/mMTETTD.png,ST,0,414.00,414.30,04/26/2026 4:06:30 PM,10,0,0,0,0,0,0,0,0,0,0,0,0,0,0
EFX,MV-27-95-14,MOTOVATOR 27X9.5R14 70G 27,MV-27-95-14,https://assets.wheelpros.com/transform/6218e826-bc40-40a6-94e6-50d5c43c5989/EFX-MOTOVATOR-MV-32-9-5-15-A1-png?size=500,ST,37,279.00,279.00,04/26/2026 4:06:30 PM,20,5,0,16,0,16,0,0,0,0,0,0,0,0,0
Nitto,N108-540,NT555RII P285/40R18 96W LL 26.9,108540,https://assets.wheelpros.com/transform/9b82714c-4bdc-49de-b8e0-f14d167aa947/NITTO-NT555RII_STANDARD-png?size=500,ST,31,593.00,0.00,04/26/2026 4:06:30 PM,10,16,0,3,0,0,0,0,0,0,0,0,0,12,0
Nitto,N108-550,NT555RII 285/30R20 99W XL 26.7,108550,https://assets.wheelpros.com/transform/9b82714c-4bdc-49de-b8e0-f14d167aa947/NITTO-NT555RII_STANDARD-png?size=500,ST,17,659.00,0.00,04/26/2026 4:06:30 PM,10,13,2,0,0,0,0,2,0,0,0,0,0,0,0
Nitto,N108-560,NT555RII 305/30R20 103W XL 27.2,108560,https://assets.wheelpros.com/transform/9b82714c-4bdc-49de-b8e0-f14d167aa947/NITTO-NT555RII_STANDARD-png?size=500,ST,48,704.00,0.00,04/26/2026 4:06:30 PM,10,16,2,15,0,0,0,0,0,0,0,0,0,5,10
Nitto,N108-640,NT555RII 305/35R19 106W XL 27.4,108640,https://assets.wheelpros.com/transform/9b82714c-4bdc-49de-b8e0-f14d167aa947/NITTO-NT555RII_STANDARD-png?size=500,ST,32,659.00,0.00,04/26/2026 4:06:30 PM,10,12,2,6,0,0,0,0,0,0,0,0,0,4,8
Nitto,N108-680,NT555RII P275/40R18 94W LL 26.6,108680,https://assets.wheelpros.com/transform/9b82714c-4bdc-49de-b8e0-f14d167aa947/NITTO-NT555RII_STANDARD-png?size=500,ST,26,524.00,0.00,04/26/2026 4:06:30 PM,10,0,2,16,0,0,0,0,0,0,0,0,0,8,0
Nitto,N108-730,NT555RII 345/30R19 105W SL 27,108730,https://assets.wheelpros.com/transform/9b82714c-4bdc-49de-b8e0-f14d167aa947/NITTO-NT555RII_STANDARD-png?size=500,ST,20,792.00,0.00,04/26/2026 4:06:30 PM,10,12,2,0,0,0,0,0,0,0,0,0,0,2,4
Nitto,N108-780,NT555RII 285/35R19 103W XL 26.8,108780,https://assets.wheelpros.com/transform/9b82714c-4bdc-49de-b8e0-f14d167aa947/NITTO-NT555RII_STANDARD-png?size=500,ST,0,591.00,0.00,04/26/2026 4:06:30 PM,10,0,0,0,0,0,0,0,0,0,0,0,0,0,0
Nitto,N185-220,NEO GEN 275/35ZR19 100W XL 26.5,185220,https://images.wheelpros.com/m500/mNTNEO.png,ST,8,400.00,0.00,04/26/2026 4:06:30 PM,10,4,4,0,0,0,0,0,0,0,0,0,0,0,0
Nitto,N202-920,INVO 245/35R20 95W XL 26.7,202920,https://assets.wheelpros.com/transform/8bb15b84-23d7-430a-ad89-20567eed78e2/Nitto-Invo_Standard-png?size=500,ST,4,426.00,0.00,04/26/2026 4:06:30 PM,10,0,0,0,0,0,0,0,0,0,0,0,0,4,0
Nitto,N202-930,INVO 255/35ZR20 97W XL 27,202930,https://assets.wheelpros.com/transform/8bb15b84-23d7-430a-ad89-20567eed78e2/Nitto-Invo_Standard-png?size=500,ST,5,442.00,0.00,04/26/2026 4:06:30 PM,10,0,0,0,0,0,0,0,0,0,0,0,0,5,0
Nitto,N203-130,INVO 285/30ZR20 99W XL 26.7,203130,https://assets.wheelpros.com/transform/8bb15b84-23d7-430a-ad89-20567eed78e2/Nitto-Invo_Standard-png?size=500,ST,0,533.00,0.00,04/26/2026 4:06:30 PM,10,0,0,0,0,0,0,0,0,0,0,0,0,0,0
Nitto,N203-170,INVO 275/40ZR18 99W SL 26.6,203170,https://assets.wheelpros.com/transform/8bb15b84-23d7-430a-ad89-20567eed78e2/Nitto-Invo_Standard-png?size=500,ST,4,459.00,0.00,04/26/2026 4:06:30 PM,10,0,0,0,0,0,0,0,0,0,0,0,0,4,0
Nitto,N203-210,INVO 245/40ZR19 98W XL 26.7,203210,https://assets.wheelpros.com/transform/8bb15b84-23d7-430a-ad89-20567eed78e2/Nitto-Invo_Standard-png?size=500,ST,0,436.00,0.00,04/26/2026 4:06:30 PM,10,0,0,0,0,0,0,0,0,0,0,0,0,0,0
Nitto,N203-270,INVO 285/35ZR19 99W SL 26.7,203270,https://assets.wheelpros.com/transform/8bb15b84-23d7-430a-ad89-20567eed78e2/Nitto-Invo_Standard-png?size=500,ST,0,541.00,0.00,04/26/2026 4:06:30 PM,10,0,0,0,0,0,0,0,0,0,0,0,0,0,0
Nitto,N203-290,INVO 255/45R18 99W SL 27,203290,https://assets.wheelpros.com/transform/8bb15b84-23d7-430a-ad89-20567eed78e2/Nitto-Invo_Standard-png?size=500,ST,0,387.00,0.00,04/26/2026 4:06:30 PM,10,0,0,0,0,0,0,0,0,0,0,0,0,0,0
Nitto,N203-300,INVO 345/30ZR19 105Y SL 27.1,203300,https://assets.wheelpros.com/transform/8bb15b84-23d7-430a-ad89-20567eed78e2/Nitto-Invo_Standard-png?size=500,ST,1,745.00,0.00,04/26/2026 4:06:30 PM,10,0,0,0,0,0,0,0,0,0,0,0,0,0,1
Nitto,N203-310,INVO P255/50ZR17 100W SL 27,203310,https://assets.wheelpros.com/transform/8bb15b84-23d7-430a-ad89-20567eed78e2/Nitto-Invo_Standard-png?size=500,ST,0,322.00,0.00,04/26/2026 4:06:30 PM,10,0,0,0,0,0,0,0,0,0,0,0,0,0,0
Nitto,N203-340,INVO 245/45R18 96W SL 26.6,203340,https://assets.wheelpros.com/transform/8bb15b84-23d7-430a-ad89-20567eed78e2/Nitto-Invo_Standard-png?size=500,ST,1,371.00,0.00,04/26/2026 4:06:30 PM,10,0,0,1,0,0,0,0,0,0,0,0,0,0,0
Nitto,N203-370,INVO 345/25ZR20 100Y SL 26.6,203370,https://assets.wheelpros.com/transform/8bb15b84-23d7-430a-ad89-20567eed78e2/Nitto-Invo_Standard-png?size=500,ST,0,1189.00,0.00,04/26/2026 4:06:30 PM,10,0,0,0,0,0,0,0,0,0,0,0,0,0,0
Nitto,N203-560,INVO 225/45ZR19 96W XL 26.9,203560,https://assets.wheelpros.com/transform/8bb15b84-23d7-430a-ad89-20567eed78e2/Nitto-Invo_Standard-png?size=500,ST,6,446.00,0.00,04/26/2026 4:06:30 PM,10,4,0,0,0,0,2,0,0,0,0,0,0,0,0
Nitto,N203-570,INVO 275/30ZR20 97W XL 26,203570,https://assets.wheelpros.com/transform/8bb15b84-23d7-430a-ad89-20567eed78e2/Nitto-Invo_Standard-png?size=500,ST,1,507.00,0.00,04/26/2026 4:06:30 PM,10,0,0,0,0,0,0,0,1,0,0,0,0,0,0
Nitto,N203-580,INVO 275/35ZR19 100W XL 26.5,203580,https://assets.wheelpros.com/transform/8bb15b84-23d7-430a-ad89-20567eed78e2/Nitto-Invo_Standard-png?size=500,ST,1,496.00,0.00,04/26/2026 4:06:30 PM,10,0,0,0,0,0,0,0,0,0,0,0,0,1,0
Nitto,N203-590,INVO 255/40ZR19 100Y XL 27,203590,https://assets.wheelpros.com/transform/8bb15b84-23d7-430a-ad89-20567eed78e2/Nitto-Invo_Standard-png?size=500,ST,0,473.00,0.00,04/26/2026 4:06:30 PM,10,0,0,0,0,0,0,0,0,0,0,0,0,0,0
Nitto,N203-660,INVO 325/30ZR19 105Y XL 26.7,203660,https://assets.wheelpros.com/transform/8bb15b84-23d7-430a-ad89-20567eed78e2/Nitto-Invo_Standard-png?size=500,ST,0,719.00,0.00,04/26/2026 4:06:30 PM,10,0,0,0,0,0,0,0,0,0,0,0,0,0,0
Nitto,N204-200,NTSN2 215/70-15 98T 26.85,204200,https://images.wheelpros.com/m500/mNTSN2.png,SO,0,103.00,0.00,04/26/2026 4:06:30 PM,10,0,0,0,0,0,0,0,0,0,0,0,0,0,0
Nitto,N204-230,NTSN2 225/60-16 98T 26.63,204230,https://images.wheelpros.com/m500/mNTSN2.png,SO,0,136.00,0.00,04/26/2026 4:06:30 PM,10,0,0,0,0,0,0,0,0,0,0,0,0,0,0
Nitto,N204-270,NTSN2 215/65-16 98T 27,204270,https://images.wheelpros.com/m500/mNTSN2.png,SO,0,123.00,0.00,04/26/2026 4:06:30 PM,10,0,0,0,0,0,0,0,0,0,0,0,0,0,0
Nitto,N204-310,NTSN2 215/60-17 96T 27.16,204310,https://images.wheelpros.com/m500/mNTSN2.png,SO,0,146.00,0.00,04/26/2026 4:06:30 PM,10,0,0,0,0,0,0,0,0,0,0,0,0,0,0
Nitto,N204-400,NTSN2 245/45-18 96T 26.68,204400,https://images.wheelpros.com/m500/mNTSN2.png,SO,0,211.00,0.00,04/26/2026 4:06:30 PM,10,0,0,0,0,0,0,0,0,0,0,0,0,0,0
Nitto,N207-050,NT05 275/40ZR18 99W SL 26.5,207050,https://assets.wheelpros.com/transform/c954c748-4606-49f4-bebf-e1d38fe0ebb7/Nitto-NT05_Standard-png?size=500,ST,6,423.00,0.00,04/26/2026 4:06:30 PM,10,0,2,4,0,0,0,0,0,0,0,0,0,0,0
Nitto,N207-100,NT05 275/35ZR19 100W XL 26.6,207100,https://assets.wheelpros.com/transform/c954c748-4606-49f4-bebf-e1d38fe0ebb7/Nitto-NT05_Standard-png?size=500,ST,0,533.00,0.00,04/26/2026 4:06:30 PM,10,0,0,0,0,0,0,0,0,0,0,0,0,0,0
Nitto,N207-180,NT05 335/30ZR19 103W SL 26.8,207180,https://assets.wheelpros.com/transform/c954c748-4606-49f4-bebf-e1d38fe0ebb7/Nitto-NT05_Standard-png?size=500,ST,4,758.00,0.00,04/26/2026 4:06:30 PM,10,0,0,0,0,0,0,0,0,0,0,0,0,4,0
Nitto,N207-200,NT05 245/40ZR19 98W XL 26.7,207200,https://assets.wheelpros.com/transform/c954c748-4606-49f4-bebf-e1d38fe0ebb7/Nitto-NT05_Standard-png?size=500,ST,0,449.00,0.00,04/26/2026 4:06:30 PM,10,0,0,0,0,0,0,0,0,0,0,0,0,0,0
Nitto,N207-210,NT05 255/35ZR20 97W XL 26.9,207210,https://assets.wheelpros.com/transform/c954c748-4606-49f4-bebf-e1d38fe0ebb7/Nitto-NT05_Standard-png?size=500,ST,0,353.00,0.00,04/26/2026 4:06:30 PM,10,0,0,0,0,0,0,0,0,0,0,0,0,0,0
Nitto,N207-320,NT05 305/30ZR20 103W XL 27.2,207320,https://assets.wheelpros.com/transform/c954c748-4606-49f4-bebf-e1d38fe0ebb7/Nitto-NT05_Standard-png?size=500,ST,0,683.00,0.00,04/26/2026 4:06:30 PM,10,0,0,0,0,0,0,0,0,0,0,0,0,0,0
Nitto,N207-370,NT05 255/40ZR19 100W XL 27,207370,https://assets.wheelpros.com/transform/c954c748-4606-49f4-bebf-e1d38fe0ebb7/Nitto-NT05_Standard-png?size=500,ST,0,486.00,0.00,04/26/2026 4:06:30 PM,10,0,0,0,0,0,0,0,0,0,0,0,0,0,0
Nitto,N207-380,NT05 305/35ZR19 102W SL 27.4,207380,https://assets.wheelpros.com/transform/c954c748-4606-49f4-bebf-e1d38fe0ebb7/Nitto-NT05_Standard-png?size=500,ST,2,594.00,0.00,04/26/2026 4:06:30 PM,10,0,2,0,0,0,0,0,0,0,0,0,0,0,0
Nitto,N207-410,NT05 295/40ZR18 103W SL 27.2,207410,https://assets.wheelpros.com/transform/c954c748-4606-49f4-bebf-e1d38fe0ebb7/Nitto-NT05_Standard-png?size=500,ST,0,390.00,0.00,04/26/2026 4:06:30 PM,10,0,0,0,0,0,0,0,0,0,0,0,0,0,0
Nitto,N208-140,SN3 235/55R17 103H 27.2,208140,https://images.wheelpros.com/m500/mNTSN3.png,SO,4,242.00,0.00,04/26/2026 4:06:30 PM,10,0,0,0,0,0,0,0,0,0,0,0,0,4,0
Nitto,N208-240,SN3 215/65R16 98H 27,208240,https://images.wheelpros.com/m500/mNTSN3.png,SO,4,177.00,0.00,04/26/2026 4:06:30 PM,10,0,0,0,0,0,0,0,0,0,0,0,0,4,0
Nitto,N208-390,SN3 225/55R17 101H 26.8,208390,https://images.wheelpros.com/m500/mNTSN3.png,SO,12,231.00,0.00,04/26/2026 4:06:30 PM,10,0,0,0,0,0,0,0,0,0,0,0,0,4,8
Nitto,N208-400,SN3 205/65R16 95H 26.5,208400,https://images.wheelpros.com/m500/mNTSN3.png,SO,16,174.00,0.00,04/26/2026 4:06:30 PM,10,0,0,0,0,0,0,0,0,0,0,0,0,0,16
Nitto,N208-490,SN3 245/45R18 100V 26.7,208490,https://images.wheelpros.com/m500/mNTSN3.png,SO,1,330.00,0.00,04/26/2026 4:06:30 PM,10,0,0,0,0,0,0,0,0,0,0,0,0,1,0
Nitto,N208-520,SN3 225/60R16 98H 26.6,208520,https://images.wheelpros.com/m500/mNTSN3.png,SO,6,195.00,0.00,04/26/2026 4:06:30 PM,10,0,0,0,0,0,0,0,0,0,0,0,0,6,0
Nitto,N208-530,SN3 215/60R17 96H 27.2,208530,https://images.wheelpros.com/m500/mNTSN3.png,SO,12,204.00,0.00,04/26/2026 4:06:30 PM,10,0,0,0,0,0,0,0,0,0,0,0,0,0,12
Nitto,N209-960,MOTIVO 295/30ZR20 101W XL 27,209960,https://images.wheelpros.com/m500/mNTMV.png,N2,2,417.00,0.00,04/26/2026 4:06:30 PM,10,0,0,0,0,0,2,0,0,0,0,0,0,0,0
Nitto,N210-080,MOTIVO 235/50ZR18 101W XL 27.3,210080,https://images.wheelpros.com/m500/mNTMV.png,N2,0,287.00,0.00,04/26/2026 4:06:30 PM,10,0,0,0,0,0,0,0,0,0,0,0,0,0,0
Nitto,N210-090,MOTIVO 245/45ZR18 100Y XL 26.7,210090,https://images.wheelpros.com/m500/mNTMV.png,N2,1,300.00,0.00,04/26/2026 4:06:30 PM,10,0,0,0,0,0,0,0,0,0,0,0,0,1,0
Nitto,N210-140,MOTIVO 245/50ZR17 99W SL 27,210140,https://images.wheelpros.com/m500/mNTMV.png,N2,1,270.00,0.00,04/26/2026 4:06:30 PM,10,0,0,0,0,0,0,0,0,0,0,0,0,0,1
Nitto,N210-240,MOTIVO 255/45ZR18 103W XL 26.9,210240,https://images.wheelpros.com/m500/mNTMV.png,N2,0,318.00,0.00,04/26/2026 4:06:30 PM,10,0,0,0,0,0,0,0,0,0,0,0,0,0,0
Nitto,N210-250,MOTIVO 225/50ZR18 99Y XL 26.8,210250,https://images.wheelpros.com/m500/mNTMV.png,N2,0,274.00,0.00,04/26/2026 4:06:30 PM,10,0,0,0,0,0,0,0,0,0,0,0,0,0,0
Nitto,N210-320,MOTIVO 275/35ZR19 100Y XL 26.5,210320,https://images.wheelpros.com/m500/mNTMV.png,N2,0,407.00,0.00,04/26/2026 4:06:30 PM,10,0,0,0,0,0,0,0,0,0,0,0,0,0,0
Nitto,N210-350,MOTIVO 225/45ZR19 96Y XL 26.9,210350,https://images.wheelpros.com/m500/mNTMV.png,N2,1,323.00,0.00,04/26/2026 4:06:30 PM,10,0,0,0,0,0,0,0,0,0,0,0,0,1,0
Nitto,N210-410,MOTIVO 275/30ZR20 97W XL 26,210410,https://images.wheelpros.com/m500/mNTMV.png,N2,4,409.00,0.00,04/26/2026 4:06:30 PM,10,0,0,0,0,0,0,4,0,0,0,0,0,0,0
Nitto,N210-430,MOTIVO 255/35ZR20 97W XL 27,210430,https://images.wheelpros.com/m500/mNTMV.png,N2,0,343.00,0.00,04/26/2026 4:06:30 PM,10,0,0,0,0,0,0,0,0,0,0,0,0,0,0
Nitto,N211-010,NT555 G2 255/35ZR20 97W XL 27,211010,https://assets.wheelpros.com/transform/1b3cc3ae-132f-4a50-b2f7-7a1d5efc78c0/Nitto-NT555-G2_Standard-png?size=500,ST,27,403.00,0.00,04/26/2026 4:06:30 PM,10,16,2,0,0,2,0,1,0,0,0,0,0,6,0
Nitto,N211-040,NT555 G2 255/45ZR18 103W XL 27.05,211040,https://assets.wheelpros.com/transform/1b3cc3ae-132f-4a50-b2f7-7a1d5efc78c0/Nitto-NT555-G2_Standard-png?size=500,ST,10,348.00,0.00,04/26/2026 4:06:30 PM,10,0,4,0,0,0,0,0,0,0,0,0,0,6,0
Nitto,N211-050,NT555 G2 275/40ZR18 103W XL 26.6,211050,https://assets.wheelpros.com/transform/1b3cc3ae-132f-4a50-b2f7-7a1d5efc78c0/Nitto-NT555-G2_Standard-png?size=500,ST,4,392.00,0.00,04/26/2026 4:06:30 PM,10,0,0,0,0,0,0,0,0,0,0,0,0,0,4
Nitto,N211-060,NT555 G2 245/35ZR20 95W XL 26.7,211060,https://assets.wheelpros.com/transform/1b3cc3ae-132f-4a50-b2f7-7a1d5efc78c0/Nitto-NT555-G2_Standard-png?size=500,ST,32,392.00,0.00,04/26/2026 4:06:30 PM,10,16,2,8,2,0,0,0,1,0,0,0,0,3,0
Nitto,N211-080,NT555 G2 255/40ZR19 100W XL 27,211080,https://assets.wheelpros.com/transform/1b3cc3ae-132f-4a50-b2f7-7a1d5efc78c0/Nitto-NT555-G2_Standard-png?size=500,ST,8,418.00,0.00,04/26/2026 4:06:30 PM,10,0,0,8,0,0,0,0,0,0,0,0,0,0,0
Nitto,N211-110,NT555 G2 265/35ZR20 99W XL 27.3,211110,https://assets.wheelpros.com/transform/1b3cc3ae-132f-4a50-b2f7-7a1d5efc78c0/Nitto-NT555-G2_Standard-png?size=500,ST,9,420.00,0.00,04/26/2026 4:06:30 PM,10,0,0,0,0,0,0,0,0,0,0,0,0,6,3
Nitto,N211-120,NT555 G2 235/50ZR18 101W XL 27.2,211120,https://assets.wheelpros.com/transform/1b3cc3ae-132f-4a50-b2f7-7a1d5efc78c0/Nitto-NT555-G2_Standard-png?size=500,ST,6,314.00,0.00,04/26/2026 4:06:30 PM,10,0,0,4,0,2,0,0,0,0,0,0,0,0,0
Nitto,N211-130,NT555 G2 245/45ZR18 100W XL 26.6,211130,https://assets.wheelpros.com/transform/1b3cc3ae-132f-4a50-b2f7-7a1d5efc78c0/Nitto-NT555-G2_Standard-png?size=500,ST,8,341.00,0.00,04/26/2026 4:06:30 PM,10,0,1,3,0,0,0,0,0,0,0,0,0,0,4
Nitto,N211-190,NT555 G2 285/35ZR19 103W XL 26.8,211190,https://assets.wheelpros.com/transform/1b3cc3ae-132f-4a50-b2f7-7a1d5efc78c0/Nitto-NT555-G2_Standard-png?size=500,ST,17,489.00,0.00,04/26/2026 4:06:30 PM,10,2,0,0,0,0,0,0,0,0,0,0,0,8,7
Nitto,N211-210,NT555 G2 285/30ZR20 99W XL 26.7,211210,https://assets.wheelpros.com/transform/1b3cc3ae-132f-4a50-b2f7-7a1d5efc78c0/Nitto-NT555-G2_Standard-png?size=500,ST,6,516.00,0.00,04/26/2026 4:06:30 PM,10,0,0,0,0,0,0,0,0,0,0,0,0,4,2
Nitto,N211-220,NT555 G2 305/30ZR20 103W XL 27.2,211220,https://assets.wheelpros.com/transform/1b3cc3ae-132f-4a50-b2f7-7a1d5efc78c0/Nitto-NT555-G2_Standard-png?size=500,ST,32,566.00,0.00,04/26/2026 4:06:30 PM,10,0,0,0,0,0,0,0,0,0,0,0,0,16,16
Nitto,N211-230,NT555 G2 255/50ZR17 101W SL 27,211230,https://assets.wheelpros.com/transform/1b3cc3ae-132f-4a50-b2f7-7a1d5efc78c0/Nitto-NT555-G2_Standard-png?size=500,ST,16,294.00,0.00,04/26/2026 4:06:30 PM,10,0,0,16,0,0,0,0,0,0,0,0,0,0,0
Nitto,N211-250,NT555 G2 265/40ZR19 102W XL 27.3,211250,https://assets.wheelpros.com/transform/1b3cc3ae-132f-4a50-b2f7-7a1d5efc78c0/Nitto-NT555-G2_Standard-png?size=500,ST,7,439.00,0.00,04/26/2026 4:06:30 PM,10,0,4,0,0,0,1,0,0,0,0,0,0,0,2
Nitto,N211-260,NT555 G2 295/40ZR18 103W SL 27.2,211260,https://assets.wheelpros.com/transform/1b3cc3ae-132f-4a50-b2f7-7a1d5efc78c0/Nitto-NT555-G2_Standard-png?size=500,ST,1,535.00,0.00,04/26/2026 4:06:30 PM,10,0,0,0,0,0,0,0,0,0,0,0,0,1,0
Nitto,N211-300,NT555 G2 305/35ZR19 106W XL 27.4,211300,https://assets.wheelpros.com/transform/1b3cc3ae-132f-4a50-b2f7-7a1d5efc78c0/Nitto-NT555-G2_Standard-png?size=500,ST,7,513.00,0.00,04/26/2026 4:06:30 PM,10,0,0,6,0,0,0,0,0,0,0,0,0,0,1
Nitto,N211-310,NT555 G2 275/30ZR20 97W XL 26.5,211310,https://assets.wheelpros.com/transform/1b3cc3ae-132f-4a50-b2f7-7a1d5efc78c0/Nitto-NT555-G2_Standard-png?size=500,ST,5,442.00,0.00,04/26/2026 4:06:30 PM,10,0,1,0,0,0,0,0,0,0,0,0,0,4,0
Nitto,N211-330,NT555 G2 285/40ZR18 105W XL 26.9,211330,https://assets.wheelpros.com/transform/1b3cc3ae-132f-4a50-b2f7-7a1d5efc78c0/Nitto-NT555-G2_Standard-png?size=500,ST,0,510.00,0.00,04/26/2026 4:06:30 PM,10,0,0,0,0,0,0,0,0,0,0,0,0,0,0
Nitto,N211-740,NT555 G2 315/30ZR20 104W XL 27.4,211740,https://assets.wheelpros.com/transform/1b3cc3ae-132f-4a50-b2f7-7a1d5efc78c0/Nitto-NT555-G2_Standard-png?size=500,ST,2,594.00,0.00,04/26/2026 4:06:30 PM,10,2,0,0,0,0,0,0,0,0,0,0,0,0,0
Nitto,N211-760,NT555 G2 275/35ZR19 100W XL 26.5,211760,https://assets.wheelpros.com/transform/1b3cc3ae-132f-4a50-b2f7-7a1d5efc78c0/Nitto-NT555-G2_Standard-png?size=500,ST,5,464.00,0.00,04/26/2026 4:06:30 PM,10,0,2,0,0,0,3,0,0,0,0,0,0,0,0
Nitto,N212-060,NOMAD GRAP 225/55R17 101H XL 26.7,212060,https://assets.wheelpros.com/transform/728fb739-8007-4c06-bd8b-96a0b6519ade/NITTO-NOMAD-GRAPPLER_STANDARD-png?size=500,ST,0,278.00,0.00,04/26/2026 4:06:30 PM,10,0,0,0,0,0,0,0,0,0,0,0,0,0,0
Nitto,N212-130,NOMAD GRAP 235/55R17 103H XL 27.1,212130,https://assets.wheelpros.com/transform/728fb739-8007-4c06-bd8b-96a0b6519ade/NITTO-NOMAD-GRAPPLER_STANDARD-png?size=500,ST,4,292.00,0.00,04/26/2026 4:06:30 PM,10,4,0,0,0,0,0,0,0,0,0,0,0,0,0
Nitto,N212-390,NT555 G2 295/35R19 104W XL 27.1,212390,https://assets.wheelpros.com/transform/1b3cc3ae-132f-4a50-b2f7-7a1d5efc78c0/Nitto-NT555-G2_Standard-png?size=500,ST,0,501.00,0.00,04/26/2026 4:06:30 PM,10,0,0,0,0,0,0,0,0,0,0,0,0,0,0
Nitto,N212-400,NT555 G2 315/30R19 104W XL 26.5,212400,https://assets.wheelpros.com/transform/1b3cc3ae-132f-4a50-b2f7-7a1d5efc78c0/Nitto-NT555-G2_Standard-png?size=500,ST,8,559.00,0.00,04/26/2026 4:06:30 PM,10,0,0,0,0,0,0,0,0,0,0,0,0,8,0
Nitto,N261-220,MOTIVO 365 275/30R20XL 97W 26.54,261220,https://assets.wheelpros.com/transform/f90000ba-70b3-40f7-99fe-4ab4bbcd47df/NITTO-MOTIVO-356-A1-png?size=500,ST,4,454.00,0.00,04/26/2026 4:06:30 PM,10,2,0,0,2,0,0,0,0,0,0,0,0,0,0
Nitto,N261-250,MOTIVO 365 245/35R20 95W XL 26.77,261250,https://assets.wheelpros.com/transform/f90000ba-70b3-40f7-99fe-4ab4bbcd47df/NITTO-MOTIVO-356-A1-png?size=500,NW,5,392.00,0.00,04/26/2026 4:06:30 PM,10,0,1,0,0,0,0,0,4,0,0,0,0,0,0
Nitto,N261-300,MOTIVO 365 225/45R19 96W XL 26.97,261300,https://assets.wheelpros.com/transform/f90000ba-70b3-40f7-99fe-4ab4bbcd47df/NITTO-MOTIVO-356-A1-png?size=500,NW,24,309.00,0.00,04/26/2026 4:06:30 PM,10,12,4,0,4,0,0,0,0,0,0,0,0,4,0
Nitto,N261-350,MOTIVO 365 245/40R19 98W XL 26.73,261350,https://assets.wheelpros.com/transform/f90000ba-70b3-40f7-99fe-4ab4bbcd47df/NITTO-MOTIVO-356-A1-png?size=500,ST,14,340.00,0.00,04/26/2026 4:06:30 PM,10,0,8,0,0,0,0,2,0,0,0,0,0,4,0
Nitto,N261-370,MOTIVO 365 215/60R17 100V XL 27.17,261370,https://assets.wheelpros.com/transform/f90000ba-70b3-40f7-99fe-4ab4bbcd47df/NITTO-MOTIVO-356-A1-png?size=500,NW,8,227.00,0.00,04/26/2026 4:06:30 PM,10,0,4,0,0,0,0,0,0,0,0,0,0,4,0
Nitto,N261-400,MOTIVO 365 235/50R18 101W XL 27.28,261400,https://assets.wheelpros.com/transform/f90000ba-70b3-40f7-99fe-4ab4bbcd47df/NITTO-MOTIVO-356-A1-png?size=500,ST,17,290.00,0.00,04/26/2026 4:06:30 PM,10,7,4,0,0,0,0,0,0,0,0,0,0,6,0
Nitto,N261-420,MOTIVO 365 255/35R20 97W XL 27.01,261420,https://assets.wheelpros.com/transform/f90000ba-70b3-40f7-99fe-4ab4bbcd47df/NITTO-MOTIVO-356-A1-png?size=500,ST,10,390.00,0.00,04/26/2026 4:06:30 PM,10,6,0,0,0,0,0,0,0,0,0,0,0,4,0
Nitto,N261-570,MOTIVO 365 245/45R18 100W XL 26.65,261570,https://assets.wheelpros.com/transform/f90000ba-70b3-40f7-99fe-4ab4bbcd47df/NITTO-MOTIVO-356-A1-png?size=500,NW,25,320.00,0.00,04/26/2026 4:06:30 PM,10,10,4,0,4,0,0,0,2,0,0,0,0,5,0
Nitto,N261-590,MOTIVO 365 245/50R17 103W XL 26.69,261590,https://assets.wheelpros.com/transform/f90000ba-70b3-40f7-99fe-4ab4bbcd47df/NITTO-MOTIVO-356-A1-png?size=500,NW,0,289.00,0.00,04/26/2026 4:06:30 PM,10,0,0,0,0,0,0,0,0,0,0,0,0,0,0
Nitto,N261-610,MOTIVO 365 275/35R19XL 100W 26.57,261610,https://assets.wheelpros.com/transform/f90000ba-70b3-40f7-99fe-4ab4bbcd47df/NITTO-MOTIVO-356-A1-png?size=500,ST,0,423.00,0.00,04/26/2026 4:06:30 PM,10,0,0,0,0,0,0,0,0,0,0,0,0,0,0
Nitto,N261-620,MOTIVO 365 225/50R18 99W XL 26.89,261620,https://assets.wheelpros.com/transform/f90000ba-70b3-40f7-99fe-4ab4bbcd47df/NITTO-MOTIVO-356-A1-png?size=500,NW,0,284.00,0.00,04/26/2026 4:06:30 PM,10,0,0,0,0,0,0,0,0,0,0,0,0,0,0
Nitto,N261-640,MOTIVO 365 255/45R18 103W XL 27.05,261640,https://assets.wheelpros.com/transform/f90000ba-70b3-40f7-99fe-4ab4bbcd47df/NITTO-MOTIVO-356-A1-png?size=500,ST,6,325.00,0.00,04/26/2026 4:06:30 PM,10,0,0,0,2,0,0,0,0,0,0,0,0,4,0
Nitto,N261-780,MOTIVO 365 295/30R20XL 101W 27.01,261780,https://assets.wheelpros.com/transform/f90000ba-70b3-40f7-99fe-4ab4bbcd47df/NITTO-MOTIVO-356-A1-png?size=500,ST,0,495.00,0.00,04/26/2026 4:06:30 PM,10,0,0,0,0,0,0,0,0,0,0,0,0,0,0
Nitto,N261-820,MOTIVO 365 225/55R17 101W XL 26.77,261820,https://assets.wheelpros.com/transform/f90000ba-70b3-40f7-99fe-4ab4bbcd47df/NITTO-MOTIVO-356-A1-png?size=500,NW,14,258.00,0.00,04/26/2026 4:06:30 PM,10,10,0,0,0,0,0,4,0,0,0,0,0,0,0
Nitto,N261-860,MOTIVO 365 235/55R17 103V XL 27.17,261860,https://assets.wheelpros.com/transform/f90000ba-70b3-40f7-99fe-4ab4bbcd47df/NITTO-MOTIVO-356-A1-png?size=500,NW,20,262.00,0.00,04/26/2026 4:06:30 PM,10,12,4,0,0,0,0,0,0,0,0,0,0,4,0
Nitto,N371-130,NT01 275/40ZR18 99W SL 26.6,371130,https://images.wheelpros.com/m500/mNT01.png,ST,3,563.00,0.00,04/26/2026 4:06:30 PM,10,0,0,3,0,0,0,0,0,0,0,0,0,0,0
Nitto,N371-210,NT01 315/30ZR20 101Y SL 27.4,371210,https://images.wheelpros.com/m500/mNT01.png,ST,0,861.00,0.00,04/26/2026 4:06:30 PM,10,0,0,0,0,0,0,0,0,0,0,0,0,0,0
Nitto,N371-280,NT01 325/30ZR19 101W SL 26.7,371280,https://images.wheelpros.com/m500/mNT01.png,ST,4,876.00,0.00,04/26/2026 4:06:30 PM,10,0,0,0,0,0,0,0,0,0,0,0,0,4,0
Nitto,N371-530,NT01 285/35ZR19 103W XL 26.8,371530,https://images.wheelpros.com/m500/mNT01.png,ST,0,686.00,0.00,04/26/2026 4:06:30 PM,10,0,0,0,0,0,0,0,0,0,0,0,0,0,0
Fuel Tires,RFHT25545R18,FORMULA 1 255/45-18 103V/W 27,RFHT25545R18,,N2,0,148.00,0.00,04/26/2026 4:06:30 PM,10,0,0,0,0,0,0,0,0,0,0,0,0,0,0
Fuel Tires,RFST20575R15,GRIPPER ST 205/75-15 107/102M 27.13,RFST20575R15,,N2,0,150.00,0.00,04/26/2026 4:06:30 PM,10,0,0,0,0,0,0,0,0,0,0,0,0,0,0
Fuel Tires,RFST21575R14,GRIPPER ST 215/75-14 108/103M 27.13,RFST21575R14,,N2,4,141.00,0.00,04/26/2026 4:06:30 PM,10,0,0,0,0,0,0,0,0,0,0,0,0,0,4
EFX,SS-27-10-14,SANDSLINGER 27X10-14 F 27,SS-27-10-14,https://assets.wheelpros.com/transform/b011ad00-e79d-466c-9b0b-c64c76d1d0d7/EFX-SAND-SLINGER-30x11-14-A1-png?size=500,N2,2,217.00,0.00,04/26/2026 4:06:30 PM,20,0,0,0,0,0,0,0,0,0,0,0,0,2,0
Uniroyal,UNI01371,TIGER PAW TOUR 225/50R18 95V 26.89,01371,https://images.wheelpros.com/m500/mUNTIGJ.png,ST,0,200.00,0.00,04/26/2026 4:06:30 PM,10,0,0,0,0,0,0,0,0,0,0,0,0,0,0
Uniroyal,UNI02151,TIGER PAW TOUR 235/55R17 99H 27.17,02151,https://images.wheelpros.com/m500/mUNTIGJ.png,ST,0,206.00,0.00,04/26/2026 4:06:30 PM,10,0,0,0,0,0,0,0,0,0,0,0,0,0,0
Uniroyal,UNI02934,POWER PAW 235/50ZR18 101Y XL 27.28,02934,https://images.wheelpros.com/m500/mUNPOWA.png,ST,0,216.00,0.00,04/26/2026 4:06:30 PM,10,0,0,0,0,0,0,0,0,0,0,0,0,0,0
Uniroyal,UNI03124,POWER PAW 255/45ZR18 103Y XL 27.05,03124,https://images.wheelpros.com/m500/mUNPOWA.png,ST,0,234.00,0.00,04/26/2026 4:06:30 PM,10,0,0,0,0,0,0,0,0,0,0,0,0,0,0
Uniroyal,UNI03625,POWER PAW 235/55ZR17 103Y XL 27.17,03625,https://images.wheelpros.com/m500/mUNPOWA.png,ST,0,191.00,0.00,04/26/2026 4:06:30 PM,10,0,0,0,0,0,0,0,0,0,0,0,0,0,0
Uniroyal,UNI08507,TIGER PAW TOUR 235/45R19 95V 27.36,08507,https://images.wheelpros.com/m500/mUNTIGJ.png,ST,0,255.00,0.00,04/26/2026 4:06:30 PM,10,0,0,0,0,0,0,0,0,0,0,0,0,0,0
Uniroyal,UNI10183,TIGER PAW AWP2 P205/75R15 97S 27.1,10183,https://images.wheelpros.com/m500/mUNTIGD.png,ST,0,116.00,0.00,04/26/2026 4:06:30 PM,10,0,0,0,0,0,0,0,0,0,0,0,0,0,0
Uniroyal,UNI11370,TIGER PAW TOUR 255/40R19 100V XL 27.05,11370,https://images.wheelpros.com/m500/mUNTIGJ.png,ST,0,316.00,0.00,04/26/2026 4:06:30 PM,10,0,0,0,0,0,0,0,0,0,0,0,0,0,0
Uniroyal,UNI11467,POWER PAW 255/35ZR20 97Y XL 27.01,11467,https://images.wheelpros.com/m500/mUNPOWA.png,ST,0,270.00,0.00,04/26/2026 4:06:30 PM,10,0,0,0,0,0,0,0,0,0,0,0,0,0,0
Uniroyal,UNI11979,POWER PAW 245/45ZR18 100Y XL 26.65,11979,https://images.wheelpros.com/m500/mUNPOWA.png,ST,0,221.00,0.00,04/26/2026 4:06:30 PM,10,0,0,0,0,0,0,0,0,0,0,0,0,0,0
Uniroyal,UNI12378,POWER PAW 265/35ZR20 99Y XL 27.32,12378,https://images.wheelpros.com/m500/mUNPOWA.png,ST,0,335.00,0.00,04/26/2026 4:06:30 PM,10,0,0,0,0,0,0,0,0,0,0,0,0,0,0
Uniroyal,UNI12721,TIGER PAW TOUR 205/70R16 97H 27.32,12721,https://images.wheelpros.com/m500/mUNTIGJ.png,ST,0,168.00,0.00,04/26/2026 4:06:30 PM,10,0,0,0,0,0,0,0,0,0,0,0,0,0,0
Uniroyal,UNI15950,TIGER PAW TOUR 235/60R16 100H 27.09,15950,https://images.wheelpros.com/m500/mUNTIGJ.png,ST,0,179.00,0.00,04/26/2026 4:06:30 PM,10,0,0,0,0,0,0,0,0,0,0,0,0,0,0
Uniroyal,UNI20859,POWER PAW 225/50ZR18 99W XL 26.89,20859,https://images.wheelpros.com/m500/mUNPOWA.png,ST,0,193.00,0.00,04/26/2026 4:06:30 PM,10,0,0,0,0,0,0,0,0,0,0,0,0,0,0
Uniroyal,UNI22857,POWER PAW 245/35ZR20 95Y XL 26.77,22857,https://images.wheelpros.com/m500/mUNPOWA.png,ST,0,280.00,0.00,04/26/2026 4:06:30 PM,10,0,0,0,0,0,0,0,0,0,0,0,0,0,0
Uniroyal,UNI23044,TIGER PAW TOUR 215/55R18 95H 27.28,23044,https://images.wheelpros.com/m500/mUNTIGJ.png,ST,0,184.00,0.00,04/26/2026 4:06:30 PM,10,0,0,0,0,0,0,0,0,0,0,0,0,0,0
Uniroyal,UNI23086,TIGER PAW TOUR 225/60R16 98V 26.61,23086,https://images.wheelpros.com/m500/mUNTIGJ.png,ST,0,165.00,0.00,04/26/2026 4:06:30 PM,10,0,0,0,0,0,0,0,0,0,0,0,0,0,0
Uniroyal,UNI23436,POWER PAW 225/45ZR19 96W XL 26.97,23436,https://images.wheelpros.com/m500/mUNPOWA.png,ST,0,232.00,0.00,04/26/2026 4:06:30 PM,10,0,0,0,0,0,0,0,0,0,0,0,0,0,0
Uniroyal,UNI26141,TIGER PAW TOUR 215/60R17 96H 27.17,26141,https://images.wheelpros.com/m500/mUNTIGJ.png,ST,0,165.00,0.00,04/26/2026 4:06:30 PM,10,0,0,0,0,0,0,0,0,0,0,0,0,0,0
Uniroyal,UNI34570,POWER PAW 255/40ZR19 100Y XL 27.05,34570,https://images.wheelpros.com/m500/mUNPOWA.png,ST,0,305.00,0.00,04/26/2026 4:06:30 PM,10,0,0,0,0,0,0,0,0,0,0,0,0,0,0
Uniroyal,UNI36583,TIGER PAW TOUR 215/50R18 92V 26.5,36583,https://images.wheelpros.com/m500/mUNTIGJ.png,ST,0,198.00,0.00,04/26/2026 4:06:30 PM,10,0,0,0,0,0,0,0,0,0,0,0,0,0,0
Uniroyal,UNI53102,TIGER PAW TOUR 225/55R17 97H 26.77,53102,https://images.wheelpros.com/m500/mUNTIGJ.png,ST,0,185.00,0.00,04/26/2026 4:06:30 PM,10,0,0,0,0,0,0,0,0,0,0,0,0,0,0
Uniroyal,UNI53310,POWER PAW 275/35ZR19 100Y XL 26.57,53310,https://images.wheelpros.com/m500/mUNPOWA.png,ST,0,261.00,0.00,04/26/2026 4:06:30 PM,10,0,0,0,0,0,0,0,0,0,0,0,0,0,0
Uniroyal,UNI53849,TIGER PAW TOUR 215/65R16 98H 27.01,53849,https://images.wheelpros.com/m500/mUNTIGJ.png,ST,0,169.00,0.00,04/26/2026 4:06:30 PM,10,0,0,0,0,0,0,0,0,0,0,0,0,0,0
Uniroyal,UNI56191,POWER PAW 245/40ZR19 98Y XL 26.73,56191,https://images.wheelpros.com/m500/mUNPOWA.png,ST,0,238.00,0.00,04/26/2026 4:06:30 PM,10,0,0,0,0,0,0,0,0,0,0,0,0,0,0
Uniroyal,UNI57891,TIGER PAW TOUR 245/50R17 99V 26.69,57891,https://images.wheelpros.com/m500/mUNTIGJ.png,ST,0,249.00,0.00,04/26/2026 4:06:30 PM,10,0,0,0,0,0,0,0,0,0,0,0,0,0,0
Uniroyal,UNI60225,TIGER PAW TOUR 215/70R15 98H 26.89,60225,https://images.wheelpros.com/m500/mUNTIGJ.png,ST,0,153.00,0.00,04/26/2026 4:06:30 PM,10,0,0,0,0,0,0,0,0,0,0,0,0,0,0
Uniroyal,UNI64189,TIGER PAW TOUR 245/40R19 94V 26.73,64189,https://images.wheelpros.com/m500/mUNTIGJ.png,ST,0,275.00,0.00,04/26/2026 4:06:30 PM,10,0,0,0,0,0,0,0,0,0,0,0,0,0,0
Uniroyal,UNI66985,TIGER PAW TOUR 225/60R16 98H 26.61,66985,https://images.wheelpros.com/m500/mUNTIGJ.png,ST,0,165.00,0.00,04/26/2026 4:06:30 PM,10,0,0,0,0,0,0,0,0,0,0,0,0,0,0
Uniroyal,UNI67118,LAREDO CC TOUR P225/70R15 100T 27.4,67118,https://images.wheelpros.com/m500/mUNLARH.png,ST,0,225.00,0.00,04/26/2026 4:06:30 PM,10,0,0,0,0,0,0,0,0,0,0,0,0,0,0
Uniroyal,UNI69881,POWER PAW 225/55ZR17 101Y XL 26.77,69881,https://images.wheelpros.com/m500/mUNPOWA.png,ST,0,187.00,0.00,04/26/2026 4:06:30 PM,10,0,0,0,0,0,0,0,0,0,0,0,0,0,0
Uniroyal,UNI76774,TIGER PAW TOUR 205/65R16 95H 26.46,76774,https://images.wheelpros.com/m500/mUNTIGJ.png,ST,0,152.00,0.00,04/26/2026 4:06:30 PM,10,0,0,0,0,0,0,0,0,0,0,0,0,0,0
Uniroyal,UNI79737,POWER PAW 275/30ZR20 97Y XL 26.54,79737,https://images.wheelpros.com/m500/mUNPOWA.png,ST,0,349.00,0.00,04/26/2026 4:06:30 PM,10,0,0,0,0,0,0,0,0,0,0,0,0,0,0
Uniroyal,UNI90802,TIGER PAW TOUR 225/55R17 97V 26.77,90802,https://images.wheelpros.com/m500/mUNTIGJ.png,ST,0,193.00,0.00,04/26/2026 4:06:30 PM,10,0,0,0,0,0,0,0,0,0,0,0,0,0,0
Uniroyal,UNI92032,TIGER PAW TOUR 235/50R18 97V 27.28,92032,https://images.wheelpros.com/m500/mUNTIGJ.png,ST,0,242.00,0.00,04/26/2026 4:06:30 PM,10,0,0,0,0,0,0,0,0,0,0,0,0,0,0
Uniroyal,UNI93798,TIGER PAW TOUR 245/45R18 96V 26.65,93798,https://images.wheelpros.com/m500/mUNTIGJ.png,ST,0,242.00,0.00,04/26/2026 4:06:30 PM,10,0,0,0,0,0,0,0,0,0,0,0,0,0,0
Uniroyal,UNI97913,TIGER PAW TOUR 225/50R18 95H 26.89,97913,https://images.wheelpros.com/m500/mUNTIGJ.png,ST,0,194.00,0.00,04/26/2026 4:06:30 PM,10,0,0,0,0,0,0,0,0,0,0,0,0,0,0
Uniroyal,UNI98689,POWER PAW 285/35ZR19 103Y XL 26.89,98689,https://images.wheelpros.com/m500/mUNPOWA.png,ST,0,308.00,0.00,04/26/2026 4:06:30 PM,10,0,0,0,0,0,0,0,0,0,0,0,0,0,0
EFX,W-27-10-14,MOTOMTC 27X10-14 80J 27,W-27-10-14,https://assets.wheelpros.com/transform/0d3b635c-4e50-4e82-a87b-1664dd1ffa70/EFX-MOTO-MTC-26x11x14-A1-png?size=500,ST,16,220.00,220.00,04/26/2026 4:06:30 PM,20,6,0,6,0,2,0,0,0,0,0,0,0,2,0
Falken,F28031318,AZENIS FK510 245/40R20 99Y XL 27.7,28031318,https://assets.wheelpros.com/transform/c08f8d82-8e21-4e6a-b03d-fd96d73fc22b/FALKEN-FK510_Standard-png?size=500,SO,11,365.00,0.00,04/26/2026 4:06:30 PM,10,0,10,0,0,1,0,0,0,0,0,0,0,0,0
Falken,F28032077,AZENIS FK510 295/25R22 97Y XL 27.8,28032077,https://assets.wheelpros.com/transform/c08f8d82-8e21-4e6a-b03d-fd96d73fc22b/FALKEN-FK510_Standard-png?size=500,SO,0,547.00,0.00,04/26/2026 4:06:30 PM,10,0,0,0,0,0,0,0,0,0,0,0,0,0,0
Falken,F28032384,AZENIS FK510 265/35R21 101Y XL 28.3,28032384,https://assets.wheelpros.com/transform/c08f8d82-8e21-4e6a-b03d-fd96d73fc22b/FALKEN-FK510_Standard-png?size=500,SO,0,481.00,0.00,04/26/2026 4:06:30 PM,10,0,0,0,0,0,0,0,0,0,0,0,0,0,0
Falken,F28032622,AZENIS FK510 285/35R20 104Y XL 27.9,28032622,https://assets.wheelpros.com/transform/c08f8d82-8e21-4e6a-b03d-fd96d73fc22b/FALKEN-FK510_Standard-png?size=500,SO,0,470.00,0.00,04/26/2026 4:06:30 PM,10,0,0,0,0,0,0,0,0,0,0,0,0,0,0
Falken,F28034353,AZENIS FK510 245/45R19 102Y XL 27.7,28034353,https://assets.wheelpros.com/transform/c08f8d82-8e21-4e6a-b03d-fd96d73fc22b/FALKEN-FK510_Standard-png?size=500,SO,9,368.00,0.00,04/26/2026 4:06:30 PM,10,1,8,0,0,0,0,0,0,0,0,0,0,0,0
Falken,F28035323,AZENIS FK510 295/35R20 105Y XL 28.2,28035323,https://assets.wheelpros.com/transform/c08f8d82-8e21-4e6a-b03d-fd96d73fc22b/FALKEN-FK510_Standard-png?size=500,SO,2,537.00,0.00,04/26/2026 4:06:30 PM,10,0,0,0,0,0,0,0,0,0,0,0,0,0,2
Falken,F28035325,AZENIS FK510 295/30R21 102Y XL 28,28035325,https://assets.wheelpros.com/transform/c08f8d82-8e21-4e6a-b03d-fd96d73fc22b/FALKEN-FK510_Standard-png?size=500,SO,0,537.00,0.00,04/26/2026 4:06:30 PM,10,0,0,0,0,0,0,0,0,0,0,0,0,0,0
Falken,F28036351,AZENIS FK510 275/35R20 102Y XL 27.6,28036351,https://assets.wheelpros.com/transform/c08f8d82-8e21-4e6a-b03d-fd96d73fc22b/FALKEN-FK510_Standard-png?size=500,SO,20,442.00,0.00,04/26/2026 4:06:30 PM,10,0,16,0,0,4,0,0,0,0,0,0,0,0,0
Falken,F28036572,AZENIS FK510 255/40R20 101Y XL 28.1,28036572,https://assets.wheelpros.com/transform/c08f8d82-8e21-4e6a-b03d-fd96d73fc22b/FALKEN-FK510_Standard-png?size=500,SO,0,429.00,0.00,04/26/2026 4:06:30 PM,10,0,0,0,0,0,0,0,0,0,0,0,0,0,0
Falken,F28038246,AZENIS FK510 265/40R20 104Y XL 28.4,28038246,https://assets.wheelpros.com/transform/c08f8d82-8e21-4e6a-b03d-fd96d73fc22b/FALKEN-FK510_Standard-png?size=500,SO,0,418.00,0.00,04/26/2026 4:06:30 PM,10,0,0,0,0,0,0,0,0,0,0,0,0,0,0
Falken,F28038888,AZENIS FK510 275/40R19 105Y XL 27.7,28038888,https://assets.wheelpros.com/transform/c08f8d82-8e21-4e6a-b03d-fd96d73fc22b/FALKEN-FK510_Standard-png?size=500,SO,0,459.00,0.00,04/26/2026 4:06:30 PM,10,0,0,0,0,0,0,0,0,0,0,0,0,0,0
Falken,F28039049,AZENIS FK510 245/35R21 96Y XL 27.7,28039049,https://assets.wheelpros.com/transform/c08f8d82-8e21-4e6a-b03d-fd96d73fc22b/FALKEN-FK510_Standard-png?size=500,SO,8,433.00,0.00,04/26/2026 4:06:30 PM,10,0,0,0,0,0,0,4,0,0,0,0,0,4,0
Falken,F28042820,ZIEX CT60 245/50R18 100V SL 27.7,28042820,https://assets.wheelpros.com/transform/9439da7c-0b3d-4cb7-af91-94035543a283/FALKEN-ZIEX-CT60-AS_Standard-png?size=500,ST,0,340.00,0.00,04/26/2026 4:06:30 PM,10,0,0,0,0,0,0,0,0,0,0,0,0,0,0
Falken,F28042904,ZIEX CT60 245/45R19 102V XL 27.6,28042904,https://assets.wheelpros.com/transform/9439da7c-0b3d-4cb7-af91-94035543a283/FALKEN-ZIEX-CT60-AS_Standard-png?size=500,ST,0,390.00,0.00,04/26/2026 4:06:30 PM,10,0,0,0,0,0,0,0,0,0,0,0,0,0,0
Falken,F28043229,ZIEX CT60 215/70R16 100H SL 27.8,28043229,https://assets.wheelpros.com/transform/9439da7c-0b3d-4cb7-af91-94035543a283/FALKEN-ZIEX-CT60-AS_Standard-png?size=500,SO,0,221.00,0.00,04/26/2026 4:06:30 PM,10,0,0,0,0,0,0,0,0,0,0,0,0,0,0
Falken,F28045081,ZIEX CT60 235/50R19 99V SL 28.3,28045081,https://assets.wheelpros.com/transform/9439da7c-0b3d-4cb7-af91-94035543a283/FALKEN-ZIEX-CT60-AS_Standard-png?size=500,SO,0,345.00,0.00,04/26/2026 4:06:30 PM,10,0,0,0,0,0,0,0,0,0,0,0,0,0,0
Falken,F28046809,ZIEX CT60 235/55R18 100V SL 28.1,28046809,https://assets.wheelpros.com/transform/9439da7c-0b3d-4cb7-af91-94035543a283/FALKEN-ZIEX-CT60-AS_Standard-png?size=500,SO,0,310.00,0.00,04/26/2026 4:06:30 PM,10,0,0,0,0,0,0,0,0,0,0,0,0,0,0
Falken,F28047319,ZIEX CT60 225/70R16 103H SL 28.4,28047319,https://assets.wheelpros.com/transform/9439da7c-0b3d-4cb7-af91-94035543a283/FALKEN-ZIEX-CT60-AS_Standard-png?size=500,SO,0,231.00,0.00,04/26/2026 4:06:30 PM,10,0,0,0,0,0,0,0,0,0,0,0,0,0,0
Falken,F28047926,ZIEX CT60 225/55R18 98V SL 27.7,28047926,https://assets.wheelpros.com/transform/9439da7c-0b3d-4cb7-af91-94035543a283/FALKEN-ZIEX-CT60-AS_Standard-png?size=500,SO,0,276.00,0.00,04/26/2026 4:06:30 PM,10,0,0,0,0,0,0,0,0,0,0,0,0,0,0
Falken,F28048361,ZIEX CT60 235/60R17 102H SL 28.1,28048361,https://assets.wheelpros.com/transform/9439da7c-0b3d-4cb7-af91-94035543a283/FALKEN-ZIEX-CT60-AS_Standard-png?size=500,SO,0,255.00,0.00,04/26/2026 4:06:30 PM,10,0,0,0,0,0,0,0,0,0,0,0,0,0,0
Falken,F28049959,ZIEX CT60 225/60R17 99V SL 27.6,28049959,https://assets.wheelpros.com/transform/9439da7c-0b3d-4cb7-af91-94035543a283/FALKEN-ZIEX-CT60-AS_Standard-png?size=500,SO,0,246.00,0.00,04/26/2026 4:06:30 PM,10,0,0,0,0,0,0,0,0,0,0,0,0,0,0
Falken,F28103126,AZENIS FK460 SC 245/35ZR21 96Y 27.9,28103126,https://images.wheelpros.com/m500/mFAZENC.png,NW,0,424.00,0.00,04/26/2026 4:06:30 PM,10,0,0,0,0,0,0,0,0,0,0,0,0,0,0
Falken,F28103191,AZENIS FK460 SC 255/40ZR20 101Y 28,28103191,https://images.wheelpros.com/m500/mFAZENC.png,NW,0,342.00,0.00,04/26/2026 4:06:30 PM,10,0,0,0,0,0,0,0,0,0,0,0,0,0,0
Falken,F28103275,AZENIS FK460 SC 265/35ZR21 101Y 28.4,28103275,https://images.wheelpros.com/m500/mFAZENC.png,NW,0,423.00,0.00,04/26/2026 4:06:30 PM,10,0,0,0,0,0,0,0,0,0,0,0,0,0,0
Falken,F28103387,AZENIS FK460 SC 255/45ZR19 104W 28.1,28103387,https://images.wheelpros.com/m500/mFAZENC.png,NW,0,346.00,0.00,04/26/2026 4:06:30 PM,10,0,0,0,0,0,0,0,0,0,0,0,0,0,0
Falken,F28103515,AZENIS FK460 SC 245/45ZR19 102Y 27.7,28103515,https://images.wheelpros.com/m500/mFAZENC.png,NW,0,333.00,0.00,04/26/2026 4:06:30 PM,10,0,0,0,0,0,0,0,0,0,0,0,0,0,0
Falken,F28103792,AZENIS FK460 SC 255/35ZR21 98Y 28.1,28103792,https://images.wheelpros.com/m500/mFAZENC.png,NW,0,400.00,0.00,04/26/2026 4:06:30 PM,10,0,0,0,0,0,0,0,0,0,0,0,0,0,0
Falken,F28105002,AZENIS FK460 245/40R20 99Y XL 27.7,28105002,,ST,0,321.00,0.00,04/26/2026 4:06:30 PM,10,0,0,0,0,0,0,0,0,0,0,0,0,0,0
Falken,F28105005,AZENIS FK460 275/35R20 102Y XL 27.7,28105005,,ST,0,378.00,0.00,04/26/2026 4:06:30 PM,10,0,0,0,0,0,0,0,0,0,0,0,0,0,0
Falken,F28105270,AZENIS FK460 255/40R20 101Y XL 28,28105270,,ST,0,321.00,0.00,04/26/2026 4:06:30 PM,10,0,0,0,0,0,0,0,0,0,0,0,0,0,0
Falken,F28105271,AZENIS FK460 245/35R21 96Y XL 27.9,28105271,,ST,0,388.00,0.00,04/26/2026 4:06:30 PM,10,0,0,0,0,0,0,0,0,0,0,0,0,0,0
Falken,F28105457,AZENIS FK460 265/35R21 101Y XL 28.4,28105457,https://images.wheelpros.com/m500/mTIRE.png,NW,0,389.00,0.00,04/26/2026 4:06:30 PM,10,0,0,0,0,0,0,0,0,0,0,0,0,0,0
Falken,F28105606,AZENIS FK460 255/35R21 98Y XL 28.1,28105606,https://images.wheelpros.com/m500/mTIRE.png,NW,0,355.00,0.00,04/26/2026 4:06:30 PM,10,0,0,0,0,0,0,0,0,0,0,0,0,0,0
Falken,F28105903,AZENIS FK460 275/40R19 105Y XL 27.7,28105903,,ST,0,367.00,0.00,04/26/2026 4:06:30 PM,10,0,0,0,0,0,0,0,0,0,0,0,0,0,0
Falken,F28105904,AZENIS FK460 245/45R19 102Y XL 27.7,28105904,,ST,0,312.00,0.00,04/26/2026 4:06:30 PM,10,0,0,0,0,0,0,0,0,0,0,0,0,0,0
Falken,F28291673,SINCERA SN250 225/65R16 100H SL 27.56,28291673,https://assets.wheelpros.com/transform/26ca6ddd-420c-4f50-83cb-871476528ff8/FALKEN-SINCERA-SN250_Standard-png?size=500,ST,0,157.00,0.00,04/26/2026 4:06:30 PM,10,0,0,0,0,0,0,0,0,0,0,0,0,0,0
Falken,F28294100,SINCERA SN250 215/70R16 100T SL 27.95,28294100,https://assets.wheelpros.com/transform/26ca6ddd-420c-4f50-83cb-871476528ff8/FALKEN-SINCERA-SN250_Standard-png?size=500,ST,0,158.00,0.00,04/26/2026 4:06:30 PM,10,0,0,0,0,0,0,0,0,0,0,0,0,0,0
Falken,F28294478,SINCERA SN250 225/70R15 100T SL 27.52,28294478,https://assets.wheelpros.com/transform/26ca6ddd-420c-4f50-83cb-871476528ff8/FALKEN-SINCERA-SN250_Standard-png?size=500,ST,0,144.00,0.00,04/26/2026 4:06:30 PM,10,0,0,0,0,0,0,0,0,0,0,0,0,0,0
Falken,F28294629,SINCERA SN250 235/65R16 103T SL 28.11,28294629,https://assets.wheelpros.com/transform/26ca6ddd-420c-4f50-83cb-871476528ff8/FALKEN-SINCERA-SN250_Standard-png?size=500,SO,0,159.00,0.00,04/26/2026 4:06:30 PM,10,0,0,0,0,0,0,0,0,0,0,0,0,0,0
Falken,F28294717,SINCERA SN250 235/60R17 102T SL 28.23,28294717,https://assets.wheelpros.com/transform/26ca6ddd-420c-4f50-83cb-871476528ff8/FALKEN-SINCERA-SN250_Standard-png?size=500,ST,0,186.00,0.00,04/26/2026 4:06:30 PM,10,0,0,0,0,0,0,0,0,0,0,0,0,0,0
Falken,F28294728,SINCERA SN250 225/60R17 99T SL 27.76,28294728,https://assets.wheelpros.com/transform/26ca6ddd-420c-4f50-83cb-871476528ff8/FALKEN-SINCERA-SN250_Standard-png?size=500,ST,0,179.00,0.00,04/26/2026 4:06:30 PM,10,0,0,0,0,0,0,0,0,0,0,0,0,0,0
Falken,F28294782,SINCERA SN250 215/65R17 99T SL 28.11,28294782,https://assets.wheelpros.com/transform/26ca6ddd-420c-4f50-83cb-871476528ff8/FALKEN-SINCERA-SN250_Standard-png?size=500,ST,4,170.00,0.00,04/26/2026 4:06:30 PM,10,0,0,0,0,0,0,0,0,0,0,0,0,0,4
Falken,F28294889,SINCERA SN250 225/55R18 98T SL 27.8,28294889,https://assets.wheelpros.com/transform/26ca6ddd-420c-4f50-83cb-871476528ff8/FALKEN-SINCERA-SN250_Standard-png?size=500,SO,0,205.00,0.00,04/26/2026 4:06:30 PM,10,0,0,0,0,0,0,0,0,0,0,0,0,0,0
Falken,F28295850,SINCERA SN250 235/55R18 100V SL 28.2,28295850,https://assets.wheelpros.com/transform/26ca6ddd-420c-4f50-83cb-871476528ff8/FALKEN-SINCERA-SN250_Standard-png?size=500,SO,0,229.00,0.00,04/26/2026 4:06:30 PM,10,0,0,0,0,0,0,0,0,0,0,0,0,0,0
Falken,F28391200,AKLIMATE 215/60R17 96H SL 27.5,28391200,https://images.wheelpros.com/m500/mTIRE.png,NW,0,213.00,0.00,04/26/2026 4:06:30 PM,10,0,0,0,0,0,0,0,0,0,0,0,0,0,0
Falken,F28391348,AKLIMATE 225/65R16 100H SL 27.9,28391348,https://images.wheelpros.com/m500/mTIRE.png,NW,0,182.00,0.00,04/26/2026 4:06:30 PM,10,0,0,0,0,0,0,0,0,0,0,0,0,0,0
Falken,F28391381,AKLIMATE 235/60R17 102H SL 28.1,28391381,https://images.wheelpros.com/m500/mTIRE.png,NW,0,216.00,0.00,04/26/2026 4:06:30 PM,10,0,0,0,0,0,0,0,0,0,0,0,0,0,0
Falken,F28391423,AKLIMATE 235/65R16 103H SL 28,28391423,https://images.wheelpros.com/m500/mTIRE.png,NW,0,184.00,0.00,04/26/2026 4:06:30 PM,10,0,0,0,0,0,0,0,0,0,0,0,0,0,0
Falken,F28391440,AKLIMATE 215/70R16 100H SL 27.9,28391440,https://images.wheelpros.com/m500/mTIRE.png,NW,0,204.00,0.00,04/26/2026 4:06:30 PM,10,0,0,0,0,0,0,0,0,0,0,0,0,0,0
Falken,F28391587,AKLIMATE 235/45R19 99H XL 27.6,28391587,https://images.wheelpros.com/m500/mTIRE.png,NW,0,333.00,0.00,04/26/2026 4:06:30 PM,10,0,0,0,0,0,0,0,0,0,0,0,0,0,0
Falken,F28391613,AKLIMATE 225/70R16 103H SL 28.4,28391613,https://images.wheelpros.com/m500/mTIRE.png,NW,0,207.00,0.00,04/26/2026 4:06:30 PM,10,0,0,0,0,0,0,0,0,0,0,0,0,0,0
Falken,F28391637,AKLIMATE 225/60R17 99H SL 28,28391637,https://images.wheelpros.com/m500/mTIRE.png,NW,0,227.00,0.00,04/26/2026 4:06:30 PM,10,0,0,0,0,0,0,0,0,0,0,0,0,0,0
Falken,F28391943,AKLIMATE 215/65R17 99H SL 28.4,28391943,https://images.wheelpros.com/m500/mTIRE.png,NW,0,200.00,0.00,04/26/2026 4:06:30 PM,10,0,0,0,0,0,0,0,0,0,0,0,0,0,0
Falken,F28391996,AKLIMATE 215/55R18 95H SL 27.6,28391996,https://images.wheelpros.com/m500/mTIRE.png,NW,0,243.00,0.00,04/26/2026 4:06:30 PM,10,0,0,0,0,0,0,0,0,0,0,0,0,0,0
Falken,F28392355,AKLIMATE 245/45R19 102V XL 27.9,28392355,https://images.wheelpros.com/m500/mTIRE.png,NW,0,315.00,0.00,04/26/2026 4:06:30 PM,10,0,0,0,0,0,0,0,0,0,0,0,0,0,0
Falken,F28392406,AKLIMATE 245/50R18 100V SL 27.7,28392406,https://images.wheelpros.com/m500/mTIRE.png,NW,0,301.00,0.00,04/26/2026 4:06:30 PM,10,0,0,0,0,0,0,0,0,0,0,0,0,0,0
Falken,F28392506,AKLIMATE 225/55R18 98V SL 28.1,28392506,https://images.wheelpros.com/m500/mTIRE.png,NW,0,257.00,0.00,04/26/2026 4:06:30 PM,10,0,0,0,0,0,0,0,0,0,0,0,0,0,0
Falken,F28392630,AKLIMATE 235/50R18 97V SL 27.6,28392630,https://images.wheelpros.com/m500/mTIRE.png,NW,0,258.00,0.00,04/26/2026 4:06:30 PM,10,0,0,0,0,0,0,0,0,0,0,0,0,0,0
Falken,F28392675,AKLIMATE 235/55R18 100V SL 28.1,28392675,https://images.wheelpros.com/m500/mTIRE.png,NW,0,278.00,0.00,04/26/2026 4:06:30 PM,10,0,0,0,0,0,0,0,0,0,0,0,0,0,0
Falken,F28629733,SINCERA SN201 235/65R16 103T SL 28.1,,https://images.wheelpros.com/m500/mFSN.png,N2,0,144.00,0.00,04/26/2026 4:06:30 PM,10,0,0,0,0,0,0,0,0,0,0,0,0,0,0
Falken,F28711100,WDPEAK AT TRL 215/70R16 100H SL 27.8,28711100,https://images.wheelpros.com/m500/mFTWPK.png,SO,0,206.00,0.00,04/26/2026 4:06:30 PM,10,0,0,0,0,0,0,0,0,0,0,0,0,0,0
Falken,F28711105,WDPEAK AT TRL 215/75R15 100T 27.7,28711105,https://images.wheelpros.com/m500/mTIRE.png,NW,0,184.00,0.00,04/26/2026 4:06:30 PM,10,0,0,0,0,0,0,0,0,0,0,0,0,0,0
Falken,F28711717,WDPEAK AT TRL 235/60R17 102H SL 28.1,28711717,https://images.wheelpros.com/m500/mFTWPK.png,SO,16,244.00,0.00,04/26/2026 4:06:30 PM,10,0,0,0,0,0,0,0,0,0,0,0,0,16,0
Falken,F28712110,WDPEAK AT TRL 235/50R19 103V XL 28.3,28712110,https://images.wheelpros.com/m500/mFTWPK.png,ST,0,324.00,0.00,04/26/2026 4:06:30 PM,10,0,0,0,0,0,0,0,0,0,0,0,0,0,0
Falken,F28712728,WDPEAK AT TRL 225/60R17 99H SL 27.7,28712728,https://images.wheelpros.com/m500/mFTWPK.png,SO,0,236.00,0.00,04/26/2026 4:06:30 PM,10,0,0,0,0,0,0,0,0,0,0,0,0,0,0
Falken,F28712817,WDPEAK AT TRL 235/55R18 100V SL 28.1,28712817,https://images.wheelpros.com/m500/mFTWPK.png,SO,4,279.00,0.00,04/26/2026 4:06:30 PM,10,0,0,0,0,0,0,4,0,0,0,0,0,0,0
Falken,F28712889,WDPEAK AT TRL 225/55R18 98V SL 27.6,28712889,https://images.wheelpros.com/m500/mFTWPK.png,SO,0,283.00,0.00,04/26/2026 4:06:30 PM,10,0,0,0,0,0,0,0,0,0,0,0,0,0,0
Falken,F28712904,WDPEAK AT TRL 245/45R19 102V XL 27.7,28712904,https://images.wheelpros.com/m500/mFTWPK.png,SO,0,313.00,0.00,04/26/2026 4:06:30 PM,10,0,0,0,0,0,0,0,0,0,0,0,0,0,0
Falken,F28714782,WDPEAK AT TRL 215/65R17 99H SL 28,28714782,https://images.wheelpros.com/m500/mFTWPK.png,SO,0,225.00,0.00,04/26/2026 4:06:30 PM,10,0,0,0,0,0,0,0,0,0,0,0,0,0,0
Falken,F28844151,WDPEAK AT4W 225/75R15 106T XL 28.3,28844151,https://images.wheelpros.com/m500/mFTWPK4.png,ST,0,220.00,0.00,04/26/2026 4:06:30 PM,10,0,0,0,0,0,0,0,0,0,0,0,0,0,0
Falken,F28847033,WDPEAK AT4W 235/65R16C 121/119R E 28.1,28847033,https://images.wheelpros.com/m500/mFTWPK4.png,ST,2,287.00,0.00,04/26/2026 4:06:30 PM,10,0,0,0,0,0,0,0,0,0,0,0,0,0,2
Falken,F28847272,WDPEAK AT4W LT215/75R15 106/103R D 27.7,28847272,https://images.wheelpros.com/m500/mFTWPK4.png,ST,8,242.00,0.00,04/26/2026 4:06:30 PM,10,0,0,0,0,0,0,0,0,0,0,0,0,8,0
Falken,F28962780,ZIEX ZE960 255/45R19 104V XL 28.1,28962780,https://images.wheelpros.com/m500/mTIRE.png,NW,0,297.00,0.00,04/26/2026 4:06:30 PM,10,0,0,0,0,0,0,0,0,0,0,0,0,0,0
Falken,F28962782,ZIEX ZE960 215/65R17 99V SL 28.1,28962782,https://images.wheelpros.com/m500/mFTWPK.png,SO,0,177.00,0.00,04/26/2026 4:06:30 PM,10,0,0,0,0,0,0,0,0,0,0,0,0,0,0
Falken,F28962817,ZIEX ZE960 235/55R18 104V XL 28.1,28962817,https://images.wheelpros.com/m500/mFTWPK.png,SO,4,225.00,0.00,04/26/2026 4:06:30 PM,10,0,0,0,0,0,0,0,0,0,0,0,0,0,4
Falken,F28963002,ZIEX ZE960 245/40R20 99W XL 27.7,28963002,https://images.wheelpros.com/m500/mFTWPK.png,SO,1,248.00,0.00,04/26/2026 4:06:30 PM,10,0,0,0,1,0,0,0,0,0,0,0,0,0,0
OHTSU,F30270517,AT4000 235/70-15 102S 27.9,,https://images.wheelpros.com/m500/mAT400.png,SO,0,119.00,0.00,04/26/2026 4:06:30 PM,10,0,0,0,0,0,0,0,0,0,0,0,0,0,0
OHTSU,F30270527,AT4000 215/75-15 100S 27.6,,https://images.wheelpros.com/m500/mAT400.png,SO,0,117.00,0.00,04/26/2026 4:06:30 PM,10,0,0,0,0,0,0,0,0,0,0,0,0,0,0
OHTSU,F30270528,AT4000 225/75-15 102S 28.3,,https://images.wheelpros.com/m500/mAT400.png,SO,0,119.00,0.00,04/26/2026 4:06:30 PM,10,0,0,0,0,0,0,0,0,0,0,0,0,0,0
OHTSU,F30270603,AT4000 215/70-16 99S 27.8,,https://images.wheelpros.com/m500/mAT400.png,SO,0,123.00,0.00,04/26/2026 4:06:30 PM,10,0,0,0,0,0,0,0,0,0,0,0,0,0,0
OHTSU,F30422817,FP7000 235/55-18 100V 28.2,,https://images.wheelpros.com/m500/mFP700.png,SO,0,216.00,0.00,04/26/2026 4:06:30 PM,10,0,0,0,0,0,0,0,0,0,0,0,0,0,0
OHTSU,F30483003,FP8000 245/40-20 99W 27.78,,https://images.wheelpros.com/m500/mFP800.png,SO,0,252.00,0.00,04/26/2026 4:06:30 PM,10,0,0,0,0,0,0,0,0,0,0,0,0,0,0
OHTSU,F30483005,FP8000 275/35-20 102W 27.69,,https://images.wheelpros.com/m500/mFP800.png,SO,0,289.00,0.00,04/26/2026 4:06:30 PM,10,0,0,0,0,0,0,0,0,0,0,0,0,0,0
OHTSU,F30483201,FP8000 285/25-22 95W 27.69,,https://images.wheelpros.com/m500/mFP800.png,SO,0,353.00,0.00,04/26/2026 4:06:30 PM,10,0,0,0,0,0,0,0,0,0,0,0,0,0,0
OHTSU,F30483202,FP8000 245/30-22 92W 27.79,,https://images.wheelpros.com/m500/mFP800.png,SO,0,258.00,0.00,04/26/2026 4:06:30 PM,10,0,0,0,0,0,0,0,0,0,0,0,0,0,0
OHTSU,F30483203,FP8000 255/30-22 95W 28.13,,https://images.wheelpros.com/m500/mFP800.png,SO,0,272.00,0.00,04/26/2026 4:06:30 PM,10,0,0,0,0,0,0,0,0,0,0,0,0,0,0
OHTSU,F30483205,FP8000 265/30-22 97W 28.26,,https://images.wheelpros.com/m500/mFP800.png,SO,0,266.00,0.00,04/26/2026 4:06:30 PM,10,0,0,0,0,0,0,0,0,0,0,0,0,0,0
OHTSU,F30483206,FP8000 235/30-22 90W 27.64,,https://images.wheelpros.com/m500/mFP800.png,SO,0,245.00,0.00,04/26/2026 4:06:30 PM,10,0,0,0,0,0,0,0,0,0,0,0,0,0,0
OHTSU,F30483903,FP8000 275/40-19 101W 27.84,,https://images.wheelpros.com/m500/mFP800.png,SO,0,313.00,0.00,04/26/2026 4:06:30 PM,10,0,0,0,0,0,0,0,0,0,0,0,0,0,0
OHTSU,F30483904,FP8000 245/45-19 98W 27.84,,https://images.wheelpros.com/m500/mFP800.png,SO,0,244.00,0.00,04/26/2026 4:06:30 PM,10,0,0,0,0,0,0,0,0,0,0,0,0,0,0
OHTSU,F30500603,ST5000 215/70-16 99S 28.05,,https://images.wheelpros.com/m500/mST500.png,SO,0,198.00,0.00,04/26/2026 4:06:30 PM,10,0,0,0,0,0,0,0,0,0,0,0,0,0,0
Falken,F59000032,WDPEAK HT01A 215/65R17 99S SL 28,59000032,https://images.wheelpros.com/m500/mFTWPK.png,ST,0,240.00,0.00,04/26/2026 4:06:30 PM,10,0,0,0,0,0,0,0,0,0,0,0,0,0,0
Falken,F59000330,ZIEX ZE001 225/55R18 98H SL 27.87,59000330,https://images.wheelpros.com/m500/mFA999.png,SO,0,268.00,0.00,04/26/2026 4:06:30 PM,10,0,0,0,0,0,0,0,0,0,0,0,0,0,0
Falken,F59000410,SINCERA SN250A 215/70R16 99H SL 28,59000410,https://images.wheelpros.com/m500/mFA999.png,ST,0,199.00,0.00,04/26/2026 4:06:30 PM,10,0,0,0,0,0,0,0,0,0,0,0,0,0,0
Falken,F59000550,ZIEX ZE001 225/55R18 98H SL 27.9,59000550,https://images.wheelpros.com/m500/mFA999.png,SO,0,268.00,0.00,04/26/2026 4:06:30 PM,10,0,0,0,0,0,0,0,0,0,0,0,0,0,0
Falken,F59000600,ZIEX ZE001 225/55R18 98H SL 27.7,59000600,https://images.wheelpros.com/m500/mFA999.png,SO,0,281.00,0.00,04/26/2026 4:06:30 PM,10,0,0,0,0,0,0,0,0,0,0,0,0,0,0
Falken,F59000790,ZIEX ZE001A 225/55R18 98V 27.7,59000790,https://images.wheelpros.com/m500/mFZIEXE.png,NW,0,273.00,0.00,04/26/2026 4:06:30 PM,10,0,0,0,0,0,0,0,0,0,0,0,0,0,0
Falken,F59000830,LINAM VAN01A 205/75R16 113/111R 28.11,59000830,https://images.wheelpros.com/m500/mFLINA.png,NW,6,240.00,0.00,04/26/2026 4:06:30 PM,10,0,0,0,0,0,0,0,0,0,0,0,0,0,6
Falken,F59000840,LINAM VAN01A 235/65R16 115/113R 28.03,59000840,https://images.wheelpros.com/m500/mFLINA.png,NW,4,275.00,0.00,04/26/2026 4:06:30 PM,10,0,0,0,0,0,0,0,0,0,0,0,0,0,4
Falken,F59000890,WDPEAK AT3W 215/65R17 99T 28,59000890,https://images.wheelpros.com/m500/mFWPK3.png,NW,0,282.00,0.00,04/26/2026 4:06:30 PM,10,0,0,0,0,0,0,0,0,0,0,0,0,0,0
Milestar,M23112001,STLPRO MS597S 195/75R16C 107/105R D 27.5,23112001,,ST,0,70.00,0.00,04/26/2026 4:06:30 PM,10,0,0,0,0,0,0,0,0,0,0,0,0,0,0
Milestar,M23676001,STEELPRO MS597S 235/65R16C 121/119R E 28,23676001,,ST,0,85.00,0.00,04/26/2026 4:06:30 PM,10,0,0,0,0,0,0,0,0,0,0,0,0,0,0
Milestar,M24085006,INTERCEPT AS810 245/40ZR20 99Y XL 27.7,24085006,,ST,0,82.00,0.00,04/26/2026 4:06:30 PM,10,0,0,0,0,0,0,0,0,0,0,0,0,0,0
Milestar,M24252003,STREETSTEEL P235/70R15 102T SL 28,24252003,,ST,0,84.00,0.00,04/26/2026 4:06:30 PM,10,0,0,0,0,0,0,0,0,0,0,0,0,0,0
Milestar,M24370105,STREETSTEEL P275/60R15 107T SL 28,24370105,,ST,0,101.00,0.00,04/26/2026 4:06:30 PM,10,0,0,0,0,0,0,0,0,0,0,0,0,0,0
Milestar,M24745008,MS775 TOUR SLE P215/75R15 100S SL 27.7,24745008,,ST,0,63.00,0.00,04/26/2026 4:06:30 PM,10,0,0,0,0,0,0,0,0,0,0,0,0,0,0
Milestar,M24750005,MS775 TOUR SLE P225/75R15 102S SL 28.3,24750005,,ST,0,67.00,0.00,04/26/2026 4:06:30 PM,10,0,0,0,0,0,0,0,0,0,0,0,0,0,0
EFX,MB-28-10-14,MOTOBOSS 28X10-14 80F 28,MB-28-10-14,https://assets.wheelpros.com/transform/8ddf6be0-b460-4ff0-86d8-571897d871f3/EFX-MotoBoss-Standard-png?size=500,N2,0,334.00,0.00,04/26/2026 4:06:30 PM,20,0,0,0,0,0,0,0,0,0,0,0,0,0,0
EFX,MC-28-10-14,MOTOCLAW 28X10R14 80J 28,MC-28-10-14,https://assets.wheelpros.com/transform/0a72f5d9-b494-4b43-8c1c-142b7eeb0676/EFX-MOTOCLAW-MC-32-10-16-A1-png?size=500,ST,57,254.00,254.00,04/26/2026 4:06:30 PM,20,16,0,16,0,9,0,0,0,0,0,0,0,0,16
EFX,MC-28-11-15,MOTOCLAW 28X11R15 77F 28,MC-28-11-15,https://assets.wheelpros.com/transform/0a72f5d9-b494-4b43-8c1c-142b7eeb0676/EFX-MOTOCLAW-MC-32-10-16-A1-png?size=500,ST,12,270.00,270.00,04/26/2026 4:06:30 PM,20,0,0,12,0,0,0,0,0,0,0,0,0,0,0
EFX,MC-28-9-15,MOTOCLAW 28X9R15 73F 28,MC-28-9-15,https://assets.wheelpros.com/transform/0a72f5d9-b494-4b43-8c1c-142b7eeb0676/EFX-MOTOCLAW-MC-32-10-16-A1-png?size=500,ST,4,230.00,230.00,04/26/2026 4:06:30 PM,20,0,0,0,0,0,0,0,0,0,0,0,0,0,4
EFX,MH-28-10-14,MOTOHAMMER 28X10R14 73J 28,MH-28-10-14,https://assets.wheelpros.com/transform/6def0fb7-44ff-4013-b377-97968ce9eaaf/EFX-MOTOHAMMER-MH-32-10-15-A1-png?size=500,N2,1,342.00,0.00,04/26/2026 4:06:30 PM,20,0,0,0,0,0,0,0,0,0,0,0,0,0,1
EFX,MH-32-10-16,MOTOHAMMER 32X10R16 73L 32,MH-32-10-16,https://assets.wheelpros.com/transform/6def0fb7-44ff-4013-b377-97968ce9eaaf/EFX-MOTOHAMMER-MH-32-10-15-A1-png?size=500,N2,0,382.00,0.00,04/26/2026 4:06:30 PM,20,0,0,0,0,0,0,0,0,0,0,0,0,0,0
EFX,MK-28-85-14,MOTOHAVOK 28X8.5-14 J 28,MK-28-85-14,https://assets.wheelpros.com/transform/5937204d-8e44-4e24-b615-0dc7fe5c42e3/EFX-MOTOHAVOK-MK-30-85-16-A1-png?size=500,ST,28,235.00,235.00,04/26/2026 4:06:30 PM,20,0,0,0,0,0,0,0,0,0,0,0,0,12,16
EFX,MR-28-10-14,MOTORAVAGE 28X10R14 M 28,MR-28-10-14,https://assets.wheelpros.com/transform/5c97bb05-527f-402d-bca3-1996121f594c/EFX-MOTORAVAGE-MR-32-10-18-A1-png?size=500,N2,0,257.00,0.00,04/26/2026 4:06:30 PM,20,0,0,0,0,0,0,0,0,0,0,0,0,0,0
EFX,MR-28-10-14XL,MOTORAVAGE XL 28X10R14 28,MR-28-10-14XL,https://assets.wheelpros.com/transform/e8f991df-77b1-4033-9f80-52351d2cac3c/EFX-MOTORAVAGE-XL-MR-32-10-15XL-A1-png?size=500,ST,60,297.00,297.00,04/26/2026 4:06:30 PM,20,16,0,16,0,8,0,0,0,0,0,0,0,4,16
EFX,MS-28-95-14,MOTOSLAYER 28X9.5-14 J 28,MS-28-95-14,https://assets.wheelpros.com/transform/d8f0c0a5-a940-4501-9a26-b023809b2a03/EFX-MOTOSLAYER-MS-30-95-18-A1-png?size=500,ST,16,263.00,263.00,04/26/2026 4:06:30 PM,20,0,0,0,0,0,0,0,0,0,0,0,0,0,16
Mickey Thompson Tire,MTT250592,ET STREET S/S P315/30R20 27.8,250592,,NW,0,691.00,690.51,04/26/2026 4:06:30 PM,10,0,0,0,0,0,0,0,0,0,0,0,0,0,0
Mickey Thompson Tire,MTT250794,ET STREET SS P305/40R18 SL 28,250794,https://images.wheelpros.com/m500/mTIRE.png,ST,0,661.00,661.22,04/26/2026 4:06:30 PM,10,0,0,0,0,0,0,0,0,0,0,0,0,0,0
Mickey Thompson Tire,MTT250803,PRO BRACKET RAD 28.0/10.5R17 28,250803,https://images.wheelpros.com/m500/mTIRE.png,NW,0,516.00,516.42,04/26/2026 4:06:30 PM,10,0,0,0,0,0,0,0,0,0,0,0,0,0,0
Mickey Thompson Tire,MTT250812,ET DRAG 28.0/10.5-15 NHS 28.2,250812,https://images.wheelpros.com/m500/mTIRE.png,ST,0,371.00,371.34,04/26/2026 4:06:30 PM,10,0,0,0,0,0,0,0,0,0,0,0,0,0,0
Mickey Thompson Tire,MTT250838,ET DRAG 28.0/10.5-15 NHS 28.2,250838,https://images.wheelpros.com/m500/mTIRE.png,ST,0,371.00,371.34,04/26/2026 4:06:30 PM,10,0,0,0,0,0,0,0,0,0,0,0,0,0,0
Mickey Thompson Tire,MTT250845,ET DRAG 28.0/10.5-15 NHS 28.1,250845,,N2,0,365.00,0.00,04/26/2026 4:06:30 PM,10,0,0,0,0,0,0,0,0,0,0,0,0,0,0
Mickey Thompson Tire,MTT250960,ET STREET R 28X12.50-15LT B 28,250960,https://images.wheelpros.com/m500/mTIRE.png,ST,0,473.00,472.75,04/26/2026 4:06:30 PM,10,0,0,0,0,0,0,0,0,0,0,0,0,0,0
Mickey Thompson Tire,MTT255254,ET DRAG 28.0/10.5-15W NHS 28.1,255254,,ST,0,414.00,414.16,04/26/2026 4:06:30 PM,10,0,0,0,0,0,0,0,0,0,0,0,0,0,0
Mickey Thompson Tire,MTT255258,ET DRAG 28.0/10.5-15S NHS 28.2,255258,https://images.wheelpros.com/m500/mTIRE.png,ST,0,396.00,395.89,04/26/2026 4:06:30 PM,10,0,0,0,0,0,0,0,0,0,0,0,0,0,0
Mickey Thompson Tire,MTT255634,SPORTSMAN SR 28X10.00R15LT 90H SL 28,255634,https://images.wheelpros.com/m500/mTIRE.png,ST,0,543.00,542.78,04/26/2026 4:06:30 PM,10,0,0,0,0,0,0,0,0,0,0,0,0,0,0
Mickey Thompson Tire,MTT255654,SPORTSMAN SR 28X6.00R15LT B 28.1,255654,https://images.wheelpros.com/m500/mTIRE.png,ST,0,448.00,448.06,04/26/2026 4:06:30 PM,10,0,0,0,0,0,0,0,0,0,0,0,0,0,0
Mickey Thompson Tire,MTT315002005,ET STREET RADIAL PRO 275/60R15 28.2,90000001536,https://images.wheelpros.com/m500/mMTETTF.png,ST,0,543.00,0.00,04/26/2026 4:06:30 PM,10,0,0,0,0,0,0,0,0,0,0,0,0,0,0
Mickey Thompson Tire,MTT315004003,ET STREET S/S P315/30R20 27.8,250592,,NW,0,782.00,0.00,04/26/2026 4:06:30 PM,10,0,0,0,0,0,0,0,0,0,0,0,0,0,0
Mickey Thompson Tire,MTT315015003,ET STREET SS 275/45R18 103 27.8,90000028443,https://images.wheelpros.com/m500/mMTETTG.png,ST,0,717.00,0.00,04/26/2026 4:06:30 PM,10,0,0,0,0,0,0,0,0,0,0,0,0,0,0
Mickey Thompson Tire,MTT315016003,ET STREET SS 305/45R17 109 27.9,90000028441,https://images.wheelpros.com/m500/mMTETTG.png,ST,0,597.00,0.00,04/26/2026 4:06:30 PM,10,0,0,0,0,0,0,0,0,0,0,0,0,0,0
Mickey Thompson Tire,MTT315028006,PRO BRACKET RAD 28.0/10.5R17 28,250803,https://images.wheelpros.com/m500/mTIRE.png,NW,0,574.00,0.00,04/26/2026 4:06:30 PM,10,0,0,0,0,0,0,0,0,0,0,0,0,0,0
Mickey Thompson Tire,MTT315030006,PRO BRACKET RAD 28.0/9.0R15 28,90000024497,https://images.wheelpros.com/m500/mMTPROA.png,ST,0,461.00,0.00,04/26/2026 4:06:30 PM,10,0,0,0,0,0,0,0,0,0,0,0,0,0,0
Mickey Thompson Tire,MTT315046010,ET STREET FRONT LT28X6.00R18 27.9,90000040481,https://images.wheelpros.com/m500/mMTETTD.png,ST,0,519.00,0.00,04/26/2026 4:06:30 PM,10,0,0,0,0,0,0,0,0,0,0,0,0,0,0
Mickey Thompson Tire,MTT315058006,PRO BRACKET RAD 28.0/10.5R15 28,90000024498,https://images.wheelpros.com/m500/mMTPROA.png,ST,0,514.00,0.00,04/26/2026 4:06:30 PM,10,0,0,0,0,0,0,0,0,0,0,0,0,0,0
Mickey Thompson Tire,MTT315071003,ET STREET SS P305/40R18 SL 28,250794,https://images.wheelpros.com/m500/mTIRE.png,ST,0,774.00,0.00,04/26/2026 4:06:30 PM,10,0,0,0,0,0,0,0,0,0,0,0,0,0,0
Mickey Thompson Tire,MTT315085004,ET STREET R 275/60R15 107 28.2,90000028458,https://images.wheelpros.com/m500/mMTETTE.png,ST,0,508.00,0.00,04/26/2026 4:06:30 PM,10,0,0,0,0,0,0,0,0,0,0,0,0,0,0
Mickey Thompson Tire,MTT315090004,ET STREET R 305/45R17 28.1,90000024660,https://images.wheelpros.com/m500/mMTETTE.png,ST,0,665.00,0.00,04/26/2026 4:06:30 PM,10,0,0,0,0,0,0,0,0,0,0,0,0,0,0
Mickey Thompson Tire,MTT315092004,ET STREET R 325/50R15 28.3,90000024644,https://images.wheelpros.com/m500/mMTETTE.png,ST,0,550.00,0.00,04/26/2026 4:06:30 PM,10,0,0,0,0,0,0,0,0,0,0,0,0,0,0
Mickey Thompson Tire,MTT315093004,ET STREET R 255/60R15 27.5,90000024642,https://images.wheelpros.com/m500/mMTETTE.png,ST,0,483.00,0.00,04/26/2026 4:06:30 PM,10,0,0,0,0,0,0,0,0,0,0,0,0,0,0
Mickey Thompson Tire,MTT315104003,ET STREET SS 295/55R15 28,90000024555,https://images.wheelpros.com/m500/mMTETTG.png,ST,0,481.00,0.00,04/26/2026 4:06:30 PM,10,0,0,0,0,0,0,0,0,0,0,0,0,0,0
Mickey Thompson Tire,MTT315105003,ET STREET SS 275/60R15 28.2,90000024554,https://images.wheelpros.com/m500/mMTETTG.png,ST,0,458.00,0.00,04/26/2026 4:06:30 PM,10,0,0,0,0,0,0,0,0,0,0,0,0,0,0
Mickey Thompson Tire,MTT315109003,ET STREET SS 345/35R18 27.8,90000024573,https://images.wheelpros.com/m500/mMTETTG.png,ST,0,749.00,0.00,04/26/2026 4:06:30 PM,10,0,0,0,0,0,0,0,0,0,0,0,0,0,0
Mickey Thompson Tire,MTT321008001,SPORTSMAN ST 275/60R15 107T 28.1,90000000184,https://images.wheelpros.com/m500/mMTSPOC.png,ST,0,315.00,0.00,04/26/2026 4:06:30 PM,10,0,0,0,0,0,0,0,0,0,0,0,0,0,0
Mickey Thompson Tire,MTT321019002,STREET COMP 275/35R20 102W 27.6,90000001616,https://images.wheelpros.com/m500/mMTSTRA.png,ST,0,450.00,0.00,04/26/2026 4:06:30 PM,10,0,0,0,0,0,0,0,0,0,0,0,0,0,0
Mickey Thompson Tire,MTT321020002,STREET COMP 305/35R20 107Y 28.4,90000020062,https://images.wheelpros.com/m500/mMTSTRA.png,ST,0,524.00,0.00,04/26/2026 4:06:30 PM,10,0,0,0,0,0,0,0,0,0,0,0,0,0,0
Mickey Thompson Tire,MTT321026005,SPORTSMAN FRONT LT28X7.50-15 28,90000000595,https://images.wheelpros.com/m500/mMTSPOA.png,NW,0,332.00,0.00,04/26/2026 4:06:30 PM,10,0,0,0,0,0,0,0,0,0,0,0,0,0,0
Mickey Thompson Tire,MTT321041004,SPORTSMAN SR 28X10.00R15LT 90H SL 28,255634,https://images.wheelpros.com/m500/mTIRE.png,ST,0,599.00,0.00,04/26/2026 4:06:30 PM,10,0,0,0,0,0,0,0,0,0,0,0,0,0,0
Mickey Thompson Tire,MTT321045004,SPORTSMAN SR LT28X6.00R18 28,90000032430,https://images.wheelpros.com/m500/mMTSPOB.png,ST,0,598.00,0.00,04/26/2026 4:06:30 PM,10,0,0,0,0,0,0,0,0,0,0,0,0,0,0
Mickey Thompson Tire,MTT321049004,SPORTSMAN SR LT28X6.00R17 28,90000020408,https://images.wheelpros.com/m500/mMTSPOB.png,ST,0,578.00,0.00,04/26/2026 4:06:30 PM,10,0,0,0,0,0,0,0,0,0,0,0,0,0,0
Mickey Thompson Tire,MTT321057004,SPORTSMAN SR LT28X12.00R15 93H 28,90000000224,https://images.wheelpros.com/m500/mMTSPOB.png,ST,0,650.00,0.00,04/26/2026 4:06:30 PM,10,0,0,0,0,0,0,0,0,0,0,0,0,0,0
Mickey Thompson Tire,MTT321064004,SPORTSMAN SR 28X6.00R15LT B 28.1,255654,https://images.wheelpros.com/m500/mTIRE.png,ST,0,507.00,0.00,04/26/2026 4:06:30 PM,10,0,0,0,0,0,0,0,0,0,0,0,0,0,0
Mickey Thompson Tire,MTT365034011,ET DRAG 28.0/10.5-15 NHS 28.2,250838,https://images.wheelpros.com/m500/mTIRE.png,ST,0,421.00,0.00,04/26/2026 4:06:30 PM,10,0,0,0,0,0,0,0,0,0,0,0,0,0,0
Mickey Thompson Tire,MTT365041011,ET DRAG 28.0/10.5-15 NHS 28.1,250845,,N2,0,428.00,0.00,04/26/2026 4:06:30 PM,10,0,0,0,0,0,0,0,0,0,0,0,0,0,0
Mickey Thompson Tire,MTT365066020,ET FRONT 27.5/4.0-17 27.8,90000026536,https://images.wheelpros.com/m500/mMTETTB.png,ST,0,355.00,0.00,04/26/2026 4:06:30 PM,10,0,0,0,0,0,0,0,0,0,0,0,0,0,0
Mickey Thompson Tire,MTT365077020,ET FRONT 28.0/4.5-15 28,90000000816,https://images.wheelpros.com/m500/mMTETTB.png,ST,0,341.00,0.00,04/26/2026 4:06:30 PM,10,0,0,0,0,0,0,0,0,0,0,0,0,0,0
Mickey Thompson Tire,MTT365090011,ET DRAG 28.0/10.5-15 NHS 28.2,250812,https://images.wheelpros.com/m500/mTIRE.png,ST,0,421.00,0.00,04/26/2026 4:06:30 PM,10,0,0,0,0,0,0,0,0,0,0,0,0,0,0
Mickey Thompson Tire,MTT365093011,ET DRAG 28.0/10.5-15W NHS 28.1,255254,,ST,0,482.00,0.00,04/26/2026 4:06:30 PM,10,0,0,0,0,0,0,0,0,0,0,0,0,0,0
Mickey Thompson Tire,MTT365094011,ET DRAG 28.0/10.5-15 28.1,90000000851,https://images.wheelpros.com/m500/mMTETTA.png,ST,0,448.00,0.00,04/26/2026 4:06:30 PM,10,0,0,0,0,0,0,0,0,0,0,0,0,0,0
Mickey Thompson Tire,MTT365097011,ET DRAG 28.0/10.5-15S NHS 28.2,255258,https://images.wheelpros.com/m500/mTIRE.png,ST,0,448.00,0.00,04/26/2026 4:06:30 PM,10,0,0,0,0,0,0,0,0,0,0,0,0,0,0
Mickey Thompson Tire,MTT365099011,ET DRAG 28.0/10.5-15 28.1,90000001551,https://images.wheelpros.com/m500/mMTETTA.png,ST,0,490.00,0.00,04/26/2026 4:06:30 PM,10,0,0,0,0,0,0,0,0,0,0,0,0,0,0
Mickey Thompson Tire,MTT365115004,ET STREET R 28X12.50-15LT B 28,250960,https://images.wheelpros.com/m500/mTIRE.png,ST,0,507.00,0.00,04/26/2026 4:06:30 PM,10,0,0,0,0,0,0,0,0,0,0,0,0,0,0
Mickey Thompson Tire,MTT365120004,ET STREET R LT28X11.50-15 28.2,90000024643,https://images.wheelpros.com/m500/mMTETTE.png,ST,0,519.00,0.00,04/26/2026 4:06:30 PM,10,0,0,0,0,0,0,0,0,0,0,0,0,0,0
Mickey Thompson Tire,MTT90000000184,SPORTSMAN ST 275/60R15 107T 28.1,90000000184,https://images.wheelpros.com/m500/mMTSPOC.png,ST,11,282.00,282.06,04/26/2026 4:06:30 PM,10,1,6,0,0,2,0,0,0,0,0,0,0,2,0
Mickey Thompson Tire,MTT90000000224,SPORTSMAN SR LT28X12.00R15 93H 28,90000000224,https://images.wheelpros.com/m500/mMTSPOB.png,ST,0,579.00,578.91,04/26/2026 4:06:30 PM,10,0,0,0,0,0,0,0,0,0,0,0,0,0,0
Mickey Thompson Tire,MTT90000000595,SPORTSMAN FRONT LT28X7.50-15 28,90000000595,https://images.wheelpros.com/m500/mMTSPOA.png,NW,0,293.00,293.49,04/26/2026 4:06:30 PM,10,0,0,0,0,0,0,0,0,0,0,0,0,0,0
Mickey Thompson Tire,MTT90000000816,ET FRONT 28.0/4.5-15 28,90000000816,https://images.wheelpros.com/m500/mMTETTB.png,ST,0,298.00,298.10,04/26/2026 4:06:30 PM,10,0,0,0,0,0,0,0,0,0,0,0,0,0,0
Mickey Thompson Tire,MTT90000000848,ET DRAG 28.0/10.5-15 28.1,90000000848,https://images.wheelpros.com/m500/mMTETTA.png,ST,2,371.00,371.34,04/26/2026 4:06:30 PM,10,0,0,0,0,2,0,0,0,0,0,0,0,0,0
Mickey Thompson Tire,MTT90000000851,ET DRAG 28.0/10.5-15 28.1,90000000851,https://images.wheelpros.com/m500/mMTETTA.png,ST,1,396.00,395.89,04/26/2026 4:06:30 PM,10,0,0,1,0,0,0,0,0,0,0,0,0,0,0
Mickey Thompson Tire,MTT90000001536,ET STREET RADIAL PRO 275/60R15 28.2,90000001536,https://images.wheelpros.com/m500/mMTETTF.png,ST,9,462.00,462.43,04/26/2026 4:06:30 PM,10,0,2,1,0,0,0,0,0,0,0,0,0,4,2
Mickey Thompson Tire,MTT90000001551,ET DRAG 28.0/10.5-15 28.1,90000001551,https://images.wheelpros.com/m500/mMTETTA.png,ST,0,428.00,428.25,04/26/2026 4:06:30 PM,10,0,0,0,0,0,0,0,0,0,0,0,0,0,0
Mickey Thompson Tire,MTT90000001616,STREET COMP 275/35R20 102W 27.6,90000001616,https://images.wheelpros.com/m500/mMTSTRA.png,ST,1,418.00,418.07,04/26/2026 4:06:30 PM,10,1,0,0,0,0,0,0,0,0,0,0,0,0,0
Mickey Thompson Tire,MTT90000020062,STREET COMP 305/35R20 107Y 28.4,90000020062,https://images.wheelpros.com/m500/mMTSTRA.png,ST,0,496.00,496.05,04/26/2026 4:06:30 PM,10,0,0,0,0,0,0,0,0,0,0,0,0,0,0
Mickey Thompson Tire,MTT90000020408,SPORTSMAN SR LT28X6.00R17 28,90000020408,https://images.wheelpros.com/m500/mMTSPOB.png,ST,0,507.00,506.93,04/26/2026 4:06:30 PM,10,0,0,0,0,0,0,0,0,0,0,0,0,0,0
Mickey Thompson Tire,MTT90000024497,PRO BRACKET RAD 28.0/9.0R15 28,90000024497,https://images.wheelpros.com/m500/mMTPROA.png,ST,0,406.00,405.65,04/26/2026 4:06:30 PM,10,0,0,0,0,0,0,0,0,0,0,0,0,0,0
Mickey Thompson Tire,MTT90000024498,PRO BRACKET RAD 28.0/10.5R15 28,90000024498,https://images.wheelpros.com/m500/mMTPROA.png,ST,0,460.00,459.78,04/26/2026 4:06:30 PM,10,0,0,0,0,0,0,0,0,0,0,0,0,0,0
Mickey Thompson Tire,MTT90000024554,ET STREET SS 275/60R15 28.2,90000024554,https://images.wheelpros.com/m500/mMTETTG.png,ST,4,399.00,398.96,04/26/2026 4:06:30 PM,10,0,0,0,0,4,0,0,0,0,0,0,0,0,0
Mickey Thompson Tire,MTT90000024555,ET STREET SS 295/55R15 28,90000024555,https://images.wheelpros.com/m500/mMTETTG.png,ST,2,434.00,433.55,04/26/2026 4:06:30 PM,10,0,0,0,0,0,0,0,0,0,0,0,0,2,0
Mickey Thompson Tire,MTT90000024573,ET STREET SS 345/35R18 27.8,90000024573,https://images.wheelpros.com/m500/mMTETTG.png,ST,0,670.00,670.28,04/26/2026 4:06:30 PM,10,0,0,0,0,0,0,0,0,0,0,0,0,0,0
Mickey Thompson Tire,MTT90000024642,ET STREET R 255/60R15 27.5,90000024642,https://images.wheelpros.com/m500/mMTETTE.png,ST,0,430.00,429.93,04/26/2026 4:06:30 PM,10,0,0,0,0,0,0,0,0,0,0,0,0,0,0
Mickey Thompson Tire,MTT90000024643,ET STREET R LT28X11.50-15 28.2,90000024643,https://images.wheelpros.com/m500/mMTETTE.png,ST,0,455.00,454.76,04/26/2026 4:06:30 PM,10,0,0,0,0,0,0,0,0,0,0,0,0,0,0
Mickey Thompson Tire,MTT90000024644,ET STREET R 325/50R15 28.3,90000024644,https://images.wheelpros.com/m500/mMTETTE.png,ST,4,479.00,479.17,04/26/2026 4:06:30 PM,10,0,2,0,0,0,0,0,0,0,0,0,0,2,0
Mickey Thompson Tire,MTT90000024660,ET STREET R 305/45R17 28.1,90000024660,https://images.wheelpros.com/m500/mMTETTE.png,ST,0,589.00,588.68,04/26/2026 4:06:30 PM,10,0,0,0,0,0,0,0,0,0,0,0,0,0,0
Mickey Thompson Tire,MTT90000026536,ET FRONT 27.5/4.0-17 27.8,90000026536,https://images.wheelpros.com/m500/mMTETTB.png,ST,0,314.00,314.42,04/26/2026 4:06:30 PM,10,0,0,0,0,0,0,0,0,0,0,0,0,0,0
Mickey Thompson Tire,MTT90000028441,ET STREET SS 305/45R17 109 27.9,90000028441,https://images.wheelpros.com/m500/mMTETTG.png,ST,0,519.00,519.34,04/26/2026 4:06:30 PM,10,0,0,0,0,0,0,0,0,0,0,0,0,0,0
Mickey Thompson Tire,MTT90000028443,ET STREET SS 275/45R18 103 27.8,90000028443,https://images.wheelpros.com/m500/mMTETTG.png,ST,0,631.00,631.08,04/26/2026 4:06:30 PM,10,0,0,0,0,0,0,0,0,0,0,0,0,0,0
Mickey Thompson Tire,MTT90000028458,ET STREET R 275/60R15 107 28.2,90000028458,https://images.wheelpros.com/m500/mMTETTE.png,ST,0,452.00,452.11,04/26/2026 4:06:30 PM,10,0,0,0,0,0,0,0,0,0,0,0,0,0,0
Mickey Thompson Tire,MTT90000032430,SPORTSMAN SR LT28X6.00R18 28,90000032430,https://images.wheelpros.com/m500/mMTSPOB.png,ST,5,545.00,544.73,04/26/2026 4:06:30 PM,10,0,4,0,0,0,0,0,0,0,0,0,0,0,1
Mickey Thompson Tire,MTT90000040481,ET STREET FRONT LT28X6.00R18 27.9,90000040481,https://images.wheelpros.com/m500/mMTETTD.png,ST,0,467.00,467.17,04/26/2026 4:06:30 PM,10,0,0,0,0,0,0,0,0,0,0,0,0,0,0
EFX,MY-28-10-14,MOTORALLY 28X10R14 495R 28,MY-28-10-14,https://assets.wheelpros.com/transform/0bc0e178-22a1-421f-82fd-5493dbe86336/EFX-MOTORALLY-MY-32-10-15-A1-png?size=500,ST,46,283.00,283.00,04/26/2026 4:06:30 PM,20,16,0,14,0,16,0,0,0,0,0,0,0,0,0
EFX,MY-28-10-15,MOTORALLY 28X10R15 505R 28,MY-28-10-15,https://assets.wheelpros.com/transform/0bc0e178-22a1-421f-82fd-5493dbe86336/EFX-MOTORALLY-MY-32-10-15-A1-png?size=500,ST,48,279.00,279.00,04/26/2026 4:06:30 PM,20,16,0,16,0,16,0,0,0,0,0,0,0,0,0
Nitto,N107-830,NT555RII P275/60R15 107W SL 27.9,107830,https://assets.wheelpros.com/transform/9b82714c-4bdc-49de-b8e0-f14d167aa947/NITTO-NT555RII_STANDARD-png?size=500,ST,66,328.00,0.00,04/26/2026 4:06:30 PM,10,8,4,16,2,2,4,8,4,0,0,0,0,2,16
Nitto,N107-840,NT555RII P325/50R15 112V SL 27.8,107840,https://assets.wheelpros.com/transform/9b82714c-4bdc-49de-b8e0-f14d167aa947/NITTO-NT555RII_STANDARD-png?size=500,ST,36,434.00,0.00,04/26/2026 4:06:30 PM,10,0,2,14,0,0,0,0,0,0,0,0,0,6,14
Nitto,N108-580,NT555RII 305/35R20 107W XL 28.4,108580,https://assets.wheelpros.com/transform/9b82714c-4bdc-49de-b8e0-f14d167aa947/NITTO-NT555RII_STANDARD-png?size=500,ST,32,690.00,0.00,04/26/2026 4:06:30 PM,10,8,2,6,0,0,0,0,0,0,0,0,0,0,16
Nitto,N108-690,NT555RII 275/35R20 102W XL 27.5,108690,https://assets.wheelpros.com/transform/9b82714c-4bdc-49de-b8e0-f14d167aa947/NITTO-NT555RII_STANDARD-png?size=500,ST,3,609.00,0.00,04/26/2026 4:06:30 PM,10,0,0,3,0,0,0,0,0,0,0,0,0,0,0
Nitto,N108-710,NT555RII 275/40R19 101W SL 27.6,108710,https://assets.wheelpros.com/transform/9b82714c-4bdc-49de-b8e0-f14d167aa947/NITTO-NT555RII_STANDARD-png?size=500,ST,12,550.00,0.00,04/26/2026 4:06:30 PM,10,12,0,0,0,0,0,0,0,0,0,0,0,0,0
Nitto,N108-760,NT555RII P305/45R17 102W LL 27,108760,https://assets.wheelpros.com/transform/9b82714c-4bdc-49de-b8e0-f14d167aa947/NITTO-NT555RII_STANDARD-png?size=500,ST,64,531.00,0.00,04/26/2026 4:06:30 PM,10,0,0,16,4,4,14,2,4,0,0,0,0,4,16
Nitto,N108-770,NT555RII P315/40R18 102W LL 27.9,108770,https://assets.wheelpros.com/transform/9b82714c-4bdc-49de-b8e0-f14d167aa947/NITTO-NT555RII_STANDARD-png?size=500,ST,26,634.00,0.00,04/26/2026 4:06:30 PM,10,0,0,4,0,0,0,0,1,0,0,0,0,12,9
Nitto,N108-790,NT555RII P305/40R18 106W SL 27,108790,https://assets.wheelpros.com/transform/9b82714c-4bdc-49de-b8e0-f14d167aa947/NITTO-NT555RII_STANDARD-png?size=500,ST,28,605.00,0.00,04/26/2026 4:06:30 PM,10,0,2,4,0,0,0,0,0,0,0,0,0,16,6
Nitto,N108-810,NT555RII 295/35R20 105W XL 28.1,108810,https://assets.wheelpros.com/transform/9b82714c-4bdc-49de-b8e0-f14d167aa947/NITTO-NT555RII_STANDARD-png?size=500,ST,0,659.00,0.00,04/26/2026 4:06:30 PM,10,0,0,0,0,0,0,0,0,0,0,0,0,0,0
Nitto,N180-720,NT555R P305/40R18 93V 27.72,180720,https://images.wheelpros.com/m500/mNT55R.png,N2,0,426.00,0.00,04/26/2026 4:06:30 PM,10,0,0,0,0,0,0,0,0,0,0,0,0,0,0
Nitto,N185-340,NEO GEN 235/30ZR22 90W XL 27.7,185340,https://images.wheelpros.com/m500/mNTNEO.png,ST,12,384.00,0.00,04/26/2026 4:06:30 PM,10,0,0,0,0,0,0,0,0,0,0,0,0,12,0
Nitto,N203-150,INVO 265/30ZR22 97W XL 28.3,203150,https://assets.wheelpros.com/transform/8bb15b84-23d7-430a-ad89-20567eed78e2/Nitto-Invo_Standard-png?size=500,ST,0,594.00,0.00,04/26/2026 4:06:30 PM,10,0,0,0,0,0,0,0,0,0,0,0,0,0,0
Nitto,N203-240,INVO 295/25R22 97W XL 27.8,203240,https://assets.wheelpros.com/transform/8bb15b84-23d7-430a-ad89-20567eed78e2/Nitto-Invo_Standard-png?size=500,ST,1,669.00,0.00,04/26/2026 4:06:30 PM,10,0,0,0,0,0,0,0,0,0,0,0,0,0,1
Nitto,N203-380,INVO 255/30ZR22 95W XL 28,203380,https://assets.wheelpros.com/transform/8bb15b84-23d7-430a-ad89-20567eed78e2/Nitto-Invo_Standard-png?size=500,ST,0,469.00,0.00,04/26/2026 4:06:30 PM,10,0,0,0,0,0,0,0,0,0,0,0,0,0,0
Nitto,N203-400,INVO 295/35ZR20 101W SL 28.1,203400,https://assets.wheelpros.com/transform/8bb15b84-23d7-430a-ad89-20567eed78e2/Nitto-Invo_Standard-png?size=500,ST,1,549.00,0.00,04/26/2026 4:06:30 PM,10,1,0,0,0,0,0,0,0,0,0,0,0,0,0
Nitto,N203-410,INVO 245/30ZR22 92W XL 27.8,203410,https://assets.wheelpros.com/transform/8bb15b84-23d7-430a-ad89-20567eed78e2/Nitto-Invo_Standard-png?size=500,ST,5,462.00,0.00,04/26/2026 4:06:30 PM,10,0,0,0,0,0,0,0,0,0,0,0,0,2,3
Nitto,N203-420,INVO 275/35ZR20 102W XL 27,203420,https://assets.wheelpros.com/transform/8bb15b84-23d7-430a-ad89-20567eed78e2/Nitto-Invo_Standard-png?size=500,ST,0,510.00,0.00,04/26/2026 4:06:30 PM,10,0,0,0,0,0,0,0,0,0,0,0,0,0,0
Nitto,N203-450,INVO 245/50ZR18 104W XL 27,203450,https://assets.wheelpros.com/transform/8bb15b84-23d7-430a-ad89-20567eed78e2/Nitto-Invo_Standard-png?size=500,ST,0,405.00,0.00,04/26/2026 4:06:30 PM,10,0,0,0,0,0,0,0,0,0,0,0,0,0,0
Nitto,N203-490,INVO 245/40ZR20 99W XL 27.7,203490,https://assets.wheelpros.com/transform/8bb15b84-23d7-430a-ad89-20567eed78e2/Nitto-Invo_Standard-png?size=500,ST,0,442.00,0.00,04/26/2026 4:06:30 PM,10,0,0,0,0,0,0,0,0,0,0,0,0,0,0
Nitto,N203-520,INVO 245/35ZR21 96W XL 27.7,203520,https://assets.wheelpros.com/transform/8bb15b84-23d7-430a-ad89-20567eed78e2/Nitto-Invo_Standard-png?size=500,ST,28,590.00,0.00,04/26/2026 4:06:30 PM,10,16,0,0,0,2,0,8,0,0,0,0,0,2,0
Nitto,N204-280,NTSN2 235/65-16 103T 28.03,204280,https://images.wheelpros.com/m500/mNTSN2.png,SO,0,128.00,0.00,04/26/2026 4:06:30 PM,10,0,0,0,0,0,0,0,0,0,0,0,0,0,0
Nitto,N204-290,NTSN2 215/65-17 99T 28,204290,https://images.wheelpros.com/m500/mNTSN2.png,SO,1,143.00,0.00,04/26/2026 4:06:30 PM,10,0,0,0,0,0,0,0,0,0,0,0,0,1,0
Nitto,N204-320,NTSN2 225/60-17 99T 27.63,204320,https://images.wheelpros.com/m500/mNTSN2.png,SO,0,153.00,0.00,04/26/2026 4:06:30 PM,10,0,0,0,0,0,0,0,0,0,0,0,0,0,0
Nitto,N204-440,NTSN2 225/65-16 100T 27.52,204440,https://images.wheelpros.com/m500/mNTSN2.png,SO,0,136.00,0.00,04/26/2026 4:06:30 PM,10,0,0,0,0,0,0,0,0,0,0,0,0,0,0
Nitto,N204-470,NTSN2 235/55-18 100T 28.18,204470,https://images.wheelpros.com/m500/mNTSN2.png,SO,1,180.00,0.00,04/26/2026 4:06:30 PM,10,0,0,0,0,0,0,0,0,0,0,0,0,0,1
Nitto,N207-170,NT05 295/45ZR18 112W XL 28.4,207170,https://assets.wheelpros.com/transform/c954c748-4606-49f4-bebf-e1d38fe0ebb7/Nitto-NT05_Standard-png?size=500,ST,6,501.00,0.00,04/26/2026 4:06:30 PM,10,0,2,0,0,0,0,0,0,0,0,0,0,4,0
Nitto,N207-220,NT05 275/35ZR20 102W XL 27.5,207220,https://assets.wheelpros.com/transform/c954c748-4606-49f4-bebf-e1d38fe0ebb7/Nitto-NT05_Standard-png?size=500,ST,3,528.00,0.00,04/26/2026 4:06:30 PM,10,0,0,0,0,0,0,0,0,0,0,0,0,0,3
Nitto,N207-550,P315/40R18 B NT-05R 102 28.1 3154018,207550,https://images.wheelpros.com/m500/mNT05R.png,ST,0,484.00,0.00,04/26/2026 4:06:30 PM,10,0,0,0,0,0,0,0,0,0,0,0,0,0,0
Nitto,N208-220,SN3 235/65R16 103H 28,208220,https://images.wheelpros.com/m500/mNTSN3.png,SO,3,206.00,0.00,04/26/2026 4:06:30 PM,10,0,0,0,0,0,0,0,0,0,0,0,0,3,0
Nitto,N208-230,SN3 225/60R17 99H 27.6,208230,https://images.wheelpros.com/m500/mNTSN3.png,SO,0,211.00,0.00,04/26/2026 4:06:30 PM,10,0,0,0,0,0,0,0,0,0,0,0,0,0,0
Nitto,N208-250,SN3 215/70R16 100H 27.9,208250,https://images.wheelpros.com/m500/mNTSN3.png,SO,16,206.00,0.00,04/26/2026 4:06:30 PM,10,0,0,0,0,0,0,0,0,0,0,0,0,0,16
Nitto,N208-300,SN3 235/55R18 104H 28.1,208300,https://images.wheelpros.com/m500/mNTSN3.png,SO,18,269.00,0.00,04/26/2026 4:06:30 PM,10,0,0,0,0,0,0,0,0,0,0,0,0,6,12
Nitto,N208-420,SN3 225/65R16 100H 27.5,208420,https://images.wheelpros.com/m500/mNTSN3.png,SO,0,185.00,0.00,04/26/2026 4:06:30 PM,10,0,0,0,0,0,0,0,0,0,0,0,0,0,0
Nitto,N208-540,SN3 215/65R17 99H 28,208540,https://images.wheelpros.com/m500/mNTSN3.png,SO,24,203.00,0.00,04/26/2026 4:06:30 PM,10,0,0,0,0,0,0,0,0,0,0,0,0,12,12
Nitto,N209-980,MOTIVO 255/45ZR19 104W XL 28,209980,https://images.wheelpros.com/m500/mNTMV.png,N2,0,366.00,0.00,04/26/2026 4:06:30 PM,10,0,0,0,0,0,0,0,0,0,0,0,0,0,0
Nitto,N209-990,MOTIVO 245/45ZR19 102Y XL 27.6,209990,https://images.wheelpros.com/m500/mNTMV.png,N2,3,354.00,0.00,04/26/2026 4:06:30 PM,10,3,0,0,0,0,0,0,0,0,0,0,0,0,0
Nitto,N210-260,MOTIVO 235/55ZR18 104W XL 28,210260,https://images.wheelpros.com/m500/mNTMV.png,N2,0,292.00,0.00,04/26/2026 4:06:30 PM,10,0,0,0,0,0,0,0,0,0,0,0,0,0,0
Nitto,N210-440,MOTIVO 275/35ZR20 102Y XL 27.8,210440,https://images.wheelpros.com/m500/mNTMV.png,N2,1,414.00,0.00,04/26/2026 4:06:30 PM,10,0,0,0,0,0,0,0,0,0,0,0,0,0,1
Nitto,N210-460,MOTIVO 245/40ZR20 99Y XL 28,210460,https://images.wheelpros.com/m500/mNTMV.png,N2,1,383.00,0.00,04/26/2026 4:06:30 PM,10,0,0,0,1,0,0,0,0,0,0,0,0,0,0
Nitto,N210-610,NT421Q 225/60R17 103V XL 27.6,210610,https://images.wheelpros.com/m500/mNT421.png,N2,0,245.00,0.00,04/26/2026 4:06:30 PM,10,0,0,0,0,0,0,0,0,0,0,0,0,0,0
Nitto,N210-670,NT421Q 225/55R18 102V XL 27.7,210670,https://images.wheelpros.com/m500/mNT421.png,N2,0,269.00,0.00,04/26/2026 4:06:30 PM,10,0,0,0,0,0,0,0,0,0,0,0,0,0,0
Nitto,N210-680,NT421Q 235/55R18 104V XL 28.1,210680,https://images.wheelpros.com/m500/mNT421.png,N2,2,284.00,0.00,04/26/2026 4:06:30 PM,10,0,0,0,0,0,0,0,0,0,0,0,0,2,0
Nitto,N211-020,NT555 G2 275/35ZR20 102W XL 27.5,211020,https://assets.wheelpros.com/transform/1b3cc3ae-132f-4a50-b2f7-7a1d5efc78c0/Nitto-NT555-G2_Standard-png?size=500,ST,35,442.00,0.00,04/26/2026 4:06:30 PM,10,16,2,14,0,2,0,0,0,0,0,0,0,1,0
Nitto,N211-090,NT555 G2 275/40ZR19 105W XL 27.6,211090,https://assets.wheelpros.com/transform/1b3cc3ae-132f-4a50-b2f7-7a1d5efc78c0/Nitto-NT555-G2_Standard-png?size=500,ST,1,462.00,0.00,04/26/2026 4:06:30 PM,10,0,0,0,0,0,0,0,1,0,0,0,0,0,0
Nitto,N211-170,NT555 G2 245/45ZR19 102W XL 27.6,211170,https://assets.wheelpros.com/transform/1b3cc3ae-132f-4a50-b2f7-7a1d5efc78c0/Nitto-NT555-G2_Standard-png?size=500,ST,17,379.00,0.00,04/26/2026 4:06:30 PM,10,8,4,3,0,0,0,2,0,0,0,0,0,0,0
Nitto,N211-290,NT555 G2 295/35ZR20 105W XL 28.1,211290,https://assets.wheelpros.com/transform/1b3cc3ae-132f-4a50-b2f7-7a1d5efc78c0/Nitto-NT555-G2_Standard-png?size=500,ST,11,510.00,0.00,04/26/2026 4:06:30 PM,10,0,2,0,0,0,0,0,0,0,0,0,0,7,2
Nitto,N211-400,NT555 G2 295/45ZR18 112W XL 28.4,211400,https://assets.wheelpros.com/transform/1b3cc3ae-132f-4a50-b2f7-7a1d5efc78c0/Nitto-NT555-G2_Standard-png?size=500,ST,33,510.00,0.00,04/26/2026 4:06:30 PM,10,0,4,12,0,0,0,0,0,0,0,0,0,16,1
Nitto,N211-420,NT555 G2 305/35ZR20 107W XL 28.4,211420,https://assets.wheelpros.com/transform/1b3cc3ae-132f-4a50-b2f7-7a1d5efc78c0/Nitto-NT555-G2_Standard-png?size=500,ST,25,535.00,0.00,04/26/2026 4:06:30 PM,10,16,0,0,0,0,0,0,0,0,0,0,0,9,0
Nitto,N211-440,NT555 G2 285/35ZR20 104W XL 27.8,211440,https://assets.wheelpros.com/transform/1b3cc3ae-132f-4a50-b2f7-7a1d5efc78c0/Nitto-NT555-G2_Standard-png?size=500,ST,10,473.00,0.00,04/26/2026 4:06:30 PM,10,0,0,2,0,0,0,0,0,0,0,0,0,4,4
Nitto,N211-450,NT555 G2 245/40ZR20 99W XL 27.7,211450,https://assets.wheelpros.com/transform/1b3cc3ae-132f-4a50-b2f7-7a1d5efc78c0/Nitto-NT555-G2_Standard-png?size=500,ST,33,403.00,0.00,04/26/2026 4:06:30 PM,10,16,8,2,0,0,0,0,0,0,0,0,0,7,0
Nitto,N212-020,NOMAD GRAP 215/65R17 103T XL 28,212020,https://assets.wheelpros.com/transform/728fb739-8007-4c06-bd8b-96a0b6519ade/NITTO-NOMAD-GRAPPLER_STANDARD-png?size=500,ST,1,253.00,0.00,04/26/2026 4:06:30 PM,10,0,0,0,1,0,0,0,0,0,0,0,0,0,0
Nitto,N212-090,NOMAD GRAP 225/60R17 103H XL 27.6,212090,https://assets.wheelpros.com/transform/728fb739-8007-4c06-bd8b-96a0b6519ade/NITTO-NOMAD-GRAPPLER_STANDARD-png?size=500,ST,6,272.00,0.00,04/26/2026 4:06:30 PM,10,2,4,0,0,0,0,0,0,0,0,0,0,0,0
Nitto,N212-160,NOMAD GRAP 235/55R18 104H XL 28.1,212160,https://assets.wheelpros.com/transform/728fb739-8007-4c06-bd8b-96a0b6519ade/NITTO-NOMAD-GRAPPLER_STANDARD-png?size=500,ST,0,313.00,0.00,04/26/2026 4:06:30 PM,10,0,0,0,0,0,0,0,0,0,0,0,0,0,0
Nitto,N212-180,NOMAD GRAP 225/55R18 102H XL 27.7,212180,https://assets.wheelpros.com/transform/728fb739-8007-4c06-bd8b-96a0b6519ade/NITTO-NOMAD-GRAPPLER_STANDARD-png?size=500,ST,0,297.00,0.00,04/26/2026 4:06:30 PM,10,0,0,0,0,0,0,0,0,0,0,0,0,0,0
Nitto,N212-290,NOMAD GRAP 255/40R20 101H XL 28,212290,https://assets.wheelpros.com/transform/728fb739-8007-4c06-bd8b-96a0b6519ade/NITTO-NOMAD-GRAPPLER_STANDARD-png?size=500,ST,0,430.00,0.00,04/26/2026 4:06:30 PM,10,0,0,0,0,0,0,0,0,0,0,0,0,0,0
Nitto,N214-020,NT555 G2 275/50ZR17 108W XL 27.8,214020,https://assets.wheelpros.com/transform/1b3cc3ae-132f-4a50-b2f7-7a1d5efc78c0/Nitto-NT555-G2_Standard-png?size=500,ST,21,325.00,0.00,04/26/2026 4:06:30 PM,10,0,0,16,0,0,0,0,0,0,0,0,0,5,0
Nitto,N215-750,NT555 G2 P315/40ZR18 102W XL 27.9,215750,https://assets.wheelpros.com/transform/1b3cc3ae-132f-4a50-b2f7-7a1d5efc78c0/Nitto-NT555-G2_Standard-png?size=500,ST,14,550.00,0.00,04/26/2026 4:06:30 PM,10,0,2,8,0,0,0,4,0,0,0,0,0,0,0
Nitto,N261-330,MOTIVO 365 235/55R18 104V XL 28.15,261330,https://assets.wheelpros.com/transform/f90000ba-70b3-40f7-99fe-4ab4bbcd47df/NITTO-MOTIVO-356-A1-png?size=500,ST,4,275.00,0.00,04/26/2026 4:06:30 PM,10,4,0,0,0,0,0,0,0,0,0,0,0,0,0
Nitto,N261-480,MOTIVO 365 245/40R20 99W XL 27.72,261480,https://assets.wheelpros.com/transform/f90000ba-70b3-40f7-99fe-4ab4bbcd47df/NITTO-MOTIVO-356-A1-png?size=500,ST,18,355.00,0.00,04/26/2026 4:06:30 PM,10,0,8,0,4,0,0,0,4,0,0,0,0,2,0
Nitto,N261-530,MOTIVO 365 235/60R17 106V XL 28.11,261530,https://assets.wheelpros.com/transform/f90000ba-70b3-40f7-99fe-4ab4bbcd47df/NITTO-MOTIVO-356-A1-png?size=500,NW,4,247.00,0.00,04/26/2026 4:06:30 PM,10,4,0,0,0,0,0,0,0,0,0,0,0,0,0
Nitto,N261-770,MOTIVO 365 225/60R17XL 103V 27.64,261770,https://assets.wheelpros.com/transform/f90000ba-70b3-40f7-99fe-4ab4bbcd47df/NITTO-MOTIVO-356-A1-png?size=500,ST,8,237.00,0.00,04/26/2026 4:06:30 PM,10,0,4,0,0,0,0,0,0,0,0,0,0,4,0
Nitto,N261-790,MOTIVO 365 225/55R18 102V XL 27.76,261790,https://assets.wheelpros.com/transform/f90000ba-70b3-40f7-99fe-4ab4bbcd47df/NITTO-MOTIVO-356-A1-png?size=500,ST,0,260.00,0.00,04/26/2026 4:06:30 PM,10,0,0,0,0,0,0,0,0,0,0,0,0,0,0
Nitto,N261-810,MOTIVO 365 275/35R20XL 102W 27.56,261810,https://assets.wheelpros.com/transform/f90000ba-70b3-40f7-99fe-4ab4bbcd47df/NITTO-MOTIVO-356-A1-png?size=500,ST,15,438.00,0.00,04/26/2026 4:06:30 PM,10,4,2,0,2,0,0,0,4,0,0,0,0,3,0
Nitto,N371-220,NT01 255/40ZR20 97Y SL 28,371220,https://images.wheelpros.com/m500/mNT01.png,ST,2,666.00,0.00,04/26/2026 4:06:30 PM,10,0,0,0,0,0,0,0,0,0,0,0,0,2,0
Nitto,N371-560,NT01 285/35ZR20 100Y SL 27.8,371560,https://images.wheelpros.com/m500/mNT01.png,ST,8,839.00,0.00,04/26/2026 4:06:30 PM,10,0,0,4,0,0,0,0,0,0,0,0,0,4,0
Fuel Tires,RFST22575R15,GRIPPER ST 225/75-15 117/112M 28.31,RFST22575R15,,N2,0,169.00,0.00,04/26/2026 4:06:30 PM,10,0,0,0,0,0,0,0,0,0,0,0,0,0,0
EFX,RFTR281000R14,GRIPPER UT2 R 28X10R14 N 28,,https://images.wheelpros.com/m500/mFGRTR.png,N2,1,252.00,0.00,04/26/2026 4:06:30 PM,20,0,0,0,0,0,0,0,0,0,0,0,0,1,0
EFX,RFTR281000R14E,GRIPPER T/R/K UTV 28X10R14 N 28,RFTR281000R14E,https://images.wheelpros.com/m500/mFGRTT.png,ST,0,283.00,283.00,04/26/2026 4:06:30 PM,20,0,0,0,0,0,0,0,0,0,0,0,0,0,0
EFX,RFTT281000R14,GRIPPER UT2 28X10R14 N 28,,https://images.wheelpros.com/m500/mFGRTR.png,N2,0,214.00,0.00,04/26/2026 4:06:30 PM,20,0,0,0,0,0,0,0,0,0,0,0,0,0,0
EFX,RFTT281000R14E,GRIPPER R/T UTV 28X10R14 N 28,RFTT281000R14E,https://images.wheelpros.com/m500/mFGRTT.png,ST,0,253.00,0.00,04/26/2026 4:06:30 PM,20,0,0,0,0,0,0,0,0,0,0,0,0,0,0
EFX,RFUT281000R14,GRIPPER UT 28X10R14 N 28,,https://assets.wheelpros.com/transform/3f8dad1b-626c-4c99-8703-5be4807b4f93/EFX-GRIPPER-UT-30x10x15-A1-png?size=500,N2,0,214.00,0.00,04/26/2026 4:06:30 PM,20,0,0,0,0,0,0,0,0,0,0,0,0,0,0
EFX,RFUT281000R14E,GRIPPER UTV 28X10-14 N 28,RFUT281000R14E,https://images.wheelpros.com/m500/mFGRTT.png,N2,0,278.00,0.00,04/26/2026 4:06:30 PM,20,0,0,0,0,0,0,0,0,0,0,0,0,0,0
Fuel Tires,RFXT18585R16W,LT185/85R16 GRIPPER XT WHT-LOGO 1858516,RFXT18585R16W,,N2,0,244.00,0.00,04/26/2026 4:06:30 PM,10,0,0,0,0,0,0,0,0,0,0,0,0,0,0
EFX,SS-28-11-14,SANDSLINGER 28X11-14 F 28,SS-28-11-14,https://assets.wheelpros.com/transform/b011ad00-e79d-466c-9b0b-c64c76d1d0d7/EFX-SAND-SLINGER-30x11-14-A1-png?size=500,N2,16,262.00,0.00,04/26/2026 4:06:30 PM,20,16,0,0,0,0,0,0,0,0,0,0,0,0,0
EFX,SS-28-14-14,SANDSLINGER 28X14-14 F 28,SS-28-14-14,https://assets.wheelpros.com/transform/9451a43a-22c7-4fff-bc69-72ed19e29cf0/EFX-SAND-SLINGER-28x14-14-A1-png?size=500,N2,16,305.00,0.00,04/26/2026 4:06:30 PM,20,16,0,0,0,0,0,0,0,0,0,0,0,0,0
Toyo,TOY238570,CELS CARGO 205/75R16C 113/111R E10 28.1,238570,https://images.wheelpros.com/m500/mTYCELA.png,ST,0,160.60,160.60,04/26/2026 4:06:30 PM,10,0,0,0,0,0,0,0,0,0,0,0,0,0,0
Uniroyal,UNI00648,LAREDO CC TOUR P235/70R15 102T 28,00648,https://images.wheelpros.com/m500/mUNLARH.png,ST,0,242.00,0.00,04/26/2026 4:06:30 PM,10,0,0,0,0,0,0,0,0,0,0,0,0,0,0
Uniroyal,UNI02830,TIGER PAW TOUR 225/55R18 98H 27.76,02830,https://images.wheelpros.com/m500/mUNTIGJ.png,ST,0,223.00,0.00,04/26/2026 4:06:30 PM,10,0,0,0,0,0,0,0,0,0,0,0,0,0,0
Uniroyal,UNI03381,TIGER PAW TOUR 225/60R17 99H 27.64,03381,https://images.wheelpros.com/m500/mUNTIGJ.png,ST,0,182.00,0.00,04/26/2026 4:06:30 PM,10,0,0,0,0,0,0,0,0,0,0,0,0,0,0
Uniroyal,UNI09103,TIGER PAW TOUR 245/50R18 100V 27.68,09103,https://images.wheelpros.com/m500/mUNTIGJ.png,ST,0,307.00,0.00,04/26/2026 4:06:30 PM,10,0,0,0,0,0,0,0,0,0,0,0,0,0,0
Uniroyal,UNI17282,POWER PAW 245/45ZR19 102Y XL 27.68,17282,https://images.wheelpros.com/m500/mUNPOWA.png,ST,0,239.00,0.00,04/26/2026 4:06:30 PM,10,0,0,0,0,0,0,0,0,0,0,0,0,0,0
Uniroyal,UNI20947,TIGER PAW TOUR 235/65R16 103V 28.03,20947,https://images.wheelpros.com/m500/mUNTIGJ.png,ST,0,182.00,0.00,04/26/2026 4:06:30 PM,10,0,0,0,0,0,0,0,0,0,0,0,0,0,0
Uniroyal,UNI23639,POWER PAW 275/40ZR19 105Y XL 27.68,23639,https://images.wheelpros.com/m500/mUNPOWA.png,ST,0,318.00,0.00,04/26/2026 4:06:30 PM,10,0,0,0,0,0,0,0,0,0,0,0,0,0,0
Uniroyal,UNI31724,LAREDO CC TOUR P215/70R16 99T 27.9,31724,https://images.wheelpros.com/m500/mUNLARH.png,ST,0,204.00,0.00,04/26/2026 4:06:30 PM,10,0,0,0,0,0,0,0,0,0,0,0,0,0,0
Uniroyal,UNI33657,TIGER PAW TOUR 225/70R16 103H 28.43,33657,https://images.wheelpros.com/m500/mUNTIGJ.png,ST,0,193.00,0.00,04/26/2026 4:06:30 PM,10,0,0,0,0,0,0,0,0,0,0,0,0,0,0
Uniroyal,UNI35911,TIGER PAW TOUR 245/45R19 102V XL 27.68,35911,https://images.wheelpros.com/m500/mUNTIGJ.png,ST,0,273.00,0.00,04/26/2026 4:06:30 PM,10,0,0,0,0,0,0,0,0,0,0,0,0,0,0
Uniroyal,UNI36294,TIGER PAW TOUR 255/45R19 100V 28.07,36294,https://images.wheelpros.com/m500/mUNTIGJ.png,ST,0,349.00,0.00,04/26/2026 4:06:30 PM,10,0,0,0,0,0,0,0,0,0,0,0,0,0,0
Uniroyal,UNI40877,TIGER PAW TOUR 235/60R17 102H 28.11,40877,https://images.wheelpros.com/m500/mUNTIGJ.png,ST,0,186.00,0.00,04/26/2026 4:06:30 PM,10,0,0,0,0,0,0,0,0,0,0,0,0,0,0
Uniroyal,UNI42459,LAREDO CC TOUR P235/65R16 101T 28,42459,https://images.wheelpros.com/m500/mUNLARH.png,ST,0,216.00,0.00,04/26/2026 4:06:30 PM,10,0,0,0,0,0,0,0,0,0,0,0,0,0,0
Uniroyal,UNI44847,LAREDO CC TOUR P215/75R15 100S 27.7,44847,https://images.wheelpros.com/m500/mUNLARG.png,ST,0,193.00,0.00,04/26/2026 4:06:30 PM,10,0,0,0,0,0,0,0,0,0,0,0,0,0,0
Uniroyal,UNI53306,TIGER PAW TOUR 235/50R19 99V 28.31,53306,https://images.wheelpros.com/m500/mUNTIGJ.png,ST,0,218.00,0.00,04/26/2026 4:06:30 PM,10,0,0,0,0,0,0,0,0,0,0,0,0,0,0
Uniroyal,UNI62780,POWER PAW 245/50ZR18 100Y 27.68,62780,https://images.wheelpros.com/m500/mUNPOWA.png,ST,0,275.00,0.00,04/26/2026 4:06:30 PM,10,0,0,0,0,0,0,0,0,0,0,0,0,0,0
Uniroyal,UNI62794,LAREDO CC TOUR P235/60R17 100T 28.1,62794,https://images.wheelpros.com/m500/mUNLARH.png,ST,0,237.00,0.00,04/26/2026 4:06:30 PM,10,0,0,0,0,0,0,0,0,0,0,0,0,0,0
Uniroyal,UNI64435,TIGER PAW TOUR 215/70R16 100H 27.87,64435,https://images.wheelpros.com/m500/mUNTIGJ.png,ST,0,171.00,0.00,04/26/2026 4:06:30 PM,10,0,0,0,0,0,0,0,0,0,0,0,0,0,0
Uniroyal,UNI72866,POWER PAW 275/35ZR20 102Y XL 27.56,72866,https://images.wheelpros.com/m500/mUNPOWA.png,ST,0,318.00,0.00,04/26/2026 4:06:30 PM,10,0,0,0,0,0,0,0,0,0,0,0,0,0,0
Uniroyal,UNI73366,POWER PAW 245/40ZR20 99Y XL 27.72,73366,https://images.wheelpros.com/m500/mUNPOWA.png,ST,0,307.00,0.00,04/26/2026 4:06:30 PM,10,0,0,0,0,0,0,0,0,0,0,0,0,0,0
Uniroyal,UNI76165,TIGER PAW TOUR 225/60R17 99V 27.64,76165,https://images.wheelpros.com/m500/mUNTIGJ.png,ST,0,172.00,0.00,04/26/2026 4:06:30 PM,10,0,0,0,0,0,0,0,0,0,0,0,0,0,0
Uniroyal,UNI77658,TIGER PAW TOUR 235/55R18 100V 28.15,77658,https://images.wheelpros.com/m500/mUNTIGJ.png,ST,0,218.00,0.00,04/26/2026 4:06:30 PM,10,0,0,0,0,0,0,0,0,0,0,0,0,0,0
Uniroyal,UNI80066,TIGER PAW TOUR 235/65R16 103H 28.03,80066,https://images.wheelpros.com/m500/mUNTIGJ.png,ST,0,182.00,0.00,04/26/2026 4:06:30 PM,10,0,0,0,0,0,0,0,0,0,0,0,0,0,0
Uniroyal,UNI83997,LAREDO CC TOUR P225/70R16 101T 28.4,83997,https://images.wheelpros.com/m500/mUNLARH.png,ST,0,237.00,0.00,04/26/2026 4:06:30 PM,10,0,0,0,0,0,0,0,0,0,0,0,0,0,0
Uniroyal,UNI89911,TIGER PAW TOUR 215/65R17 99H 28.03,89911,https://images.wheelpros.com/m500/mUNTIGJ.png,ST,0,166.00,0.00,04/26/2026 4:06:30 PM,10,0,0,0,0,0,0,0,0,0,0,0,0,0,0
Uniroyal,UNI90665,TIGER PAW TOUR 225/65R16 100H 27.48,90665,https://images.wheelpros.com/m500/mUNTIGJ.png,ST,0,171.00,0.00,04/26/2026 4:06:30 PM,10,0,0,0,0,0,0,0,0,0,0,0,0,0,0
EFX,W-28-10-14,MOTOMTC 28X10-14 80J 28,W-28-10-14,https://assets.wheelpros.com/transform/0d3b635c-4e50-4e82-a87b-1664dd1ffa70/EFX-MOTO-MTC-26x11x14-A1-png?size=500,ST,30,229.00,229.00,04/26/2026 4:06:30 PM,20,13,0,0,0,4,0,0,0,0,0,0,0,13,0
EFX,W-28-10-15,MOTOMTC 28X10-15 80J 28,W-28-10-15,https://assets.wheelpros.com/transform/0d3b635c-4e50-4e82-a87b-1664dd1ffa70/EFX-MOTO-MTC-26x11x14-A1-png?size=500,N2,0,227.00,0.00,04/26/2026 4:06:30 PM,20,0,0,0,0,0,0,0,0,0,0,0,0,0,0
Falken,F28036319,AZENIS FK510 275/40R20 106Y XL 28.7,28036319,https://assets.wheelpros.com/transform/c08f8d82-8e21-4e6a-b03d-fd96d73fc22b/FALKEN-FK510_Standard-png?size=500,SO,0,416.00,0.00,04/26/2026 4:06:30 PM,10,0,0,0,0,0,0,0,0,0,0,0,0,0,0
Falken,F28036987,AZENIS FK510 315/35R20 110Y XL 28.7,28036987,https://assets.wheelpros.com/transform/c08f8d82-8e21-4e6a-b03d-fd96d73fc22b/FALKEN-FK510_Standard-png?size=500,SO,18,572.00,0.00,04/26/2026 4:06:30 PM,10,0,0,0,1,1,0,0,16,0,0,0,0,0,0
Falken,F28039274,AZENIS FK510 245/45R20 103Y XL 28.7,28039274,https://assets.wheelpros.com/transform/c08f8d82-8e21-4e6a-b03d-fd96d73fc22b/FALKEN-FK510_Standard-png?size=500,SO,0,375.00,0.00,04/26/2026 4:06:30 PM,10,0,0,0,0,0,0,0,0,0,0,0,0,0,0
Falken,F28039729,AZENIS FK510 255/45R20 105Y XL 29.2,28039729,https://assets.wheelpros.com/transform/c08f8d82-8e21-4e6a-b03d-fd96d73fc22b/FALKEN-FK510_Standard-png?size=500,SO,0,369.00,0.00,04/26/2026 4:06:30 PM,10,0,0,0,0,0,0,0,0,0,0,0,0,0,0
Falken,F28041826,ZIEX CT60 225/60R18 100H SL 28.6,28041826,https://assets.wheelpros.com/transform/9439da7c-0b3d-4cb7-af91-94035543a283/FALKEN-ZIEX-CT60-AS_Standard-png?size=500,ST,0,287.00,0.00,04/26/2026 4:06:30 PM,10,0,0,0,0,0,0,0,0,0,0,0,0,0,0
Falken,F28042013,ZIEX CT60 255/45R20 105V XL 29.1,28042013,https://assets.wheelpros.com/transform/9439da7c-0b3d-4cb7-af91-94035543a283/FALKEN-ZIEX-CT60-AS_Standard-png?size=500,ST,0,363.00,0.00,04/26/2026 4:06:30 PM,10,0,0,0,0,0,0,0,0,0,0,0,0,0,0
Falken,F28042587,ZIEX CT60 265/45R20 108V XL 29,28042587,https://assets.wheelpros.com/transform/9439da7c-0b3d-4cb7-af91-94035543a283/FALKEN-ZIEX-CT60-AS_Standard-png?size=500,ST,0,364.00,0.00,04/26/2026 4:06:30 PM,10,0,0,0,0,0,0,0,0,0,0,0,0,0,0
Falken,F28042970,ZIEX CT60 235/55R19 105V XL 29.2,28042970,https://assets.wheelpros.com/transform/9439da7c-0b3d-4cb7-af91-94035543a283/FALKEN-ZIEX-CT60-AS_Standard-png?size=500,SO,0,376.00,0.00,04/26/2026 4:06:30 PM,10,0,0,0,0,0,0,0,0,0,0,0,0,0,0
Falken,F28043062,ZIEX CT60 225/55R19 99V SL 28.7,28043062,https://assets.wheelpros.com/transform/9439da7c-0b3d-4cb7-af91-94035543a283/FALKEN-ZIEX-CT60-AS_Standard-png?size=500,SO,2,357.00,0.00,04/26/2026 4:06:30 PM,10,0,0,0,0,0,0,2,0,0,0,0,0,0,0
Falken,F28043236,ZIEX CT60 235/60R18 107V XL 29,28043236,https://assets.wheelpros.com/transform/9439da7c-0b3d-4cb7-af91-94035543a283/FALKEN-ZIEX-CT60-AS_Standard-png?size=500,SO,0,301.00,0.00,04/26/2026 4:06:30 PM,10,0,0,0,0,0,0,0,0,0,0,0,0,0,0
Falken,F28044420,ZIEX CT60 235/55R19 101V SL 29.1,28044420,https://assets.wheelpros.com/transform/9439da7c-0b3d-4cb7-af91-94035543a283/FALKEN-ZIEX-CT60-AS_Standard-png?size=500,SO,0,383.00,0.00,04/26/2026 4:06:30 PM,10,0,0,0,0,0,0,0,0,0,0,0,0,0,0
Falken,F28044862,ZIEX CT60 235/65R17 104V SL 29,28044862,https://assets.wheelpros.com/transform/9439da7c-0b3d-4cb7-af91-94035543a283/FALKEN-ZIEX-CT60-AS_Standard-png?size=500,SO,0,262.00,0.00,04/26/2026 4:06:30 PM,10,0,0,0,0,0,0,0,0,0,0,0,0,0,0
Falken,F28045157,ZIEX CT60 235/70R16 106H SL 28.9,28045157,https://assets.wheelpros.com/transform/9439da7c-0b3d-4cb7-af91-94035543a283/FALKEN-ZIEX-CT60-AS_Standard-png?size=500,SO,2,244.00,0.00,04/26/2026 4:06:30 PM,10,2,0,0,0,0,0,0,0,0,0,0,0,0,0
Falken,F28045479,ZIEX CT60 255/50R19 107V XL 29,28045479,https://assets.wheelpros.com/transform/9439da7c-0b3d-4cb7-af91-94035543a283/FALKEN-ZIEX-CT60-AS_Standard-png?size=500,SO,0,415.00,0.00,04/26/2026 4:06:30 PM,10,0,0,0,0,0,0,0,0,0,0,0,0,0,0
Falken,F28046594,ZIEX CT60 255/55R18 109V XL 29,28046594,https://assets.wheelpros.com/transform/9439da7c-0b3d-4cb7-af91-94035543a283/FALKEN-ZIEX-CT60-AS_Standard-png?size=500,SO,0,333.00,0.00,04/26/2026 4:06:30 PM,10,0,0,0,0,0,0,0,0,0,0,0,0,0,0
Falken,F28046926,ZIEX CT60 225/65R17 102H SL 28.5,28046926,https://assets.wheelpros.com/transform/9439da7c-0b3d-4cb7-af91-94035543a283/FALKEN-ZIEX-CT60-AS_Standard-png?size=500,SO,0,261.00,0.00,04/26/2026 4:06:30 PM,10,0,0,0,0,0,0,0,0,0,0,0,0,0,0
Falken,F28047541,ZIEX CT60 265/50R19 110V XL 29.4,28047541,https://assets.wheelpros.com/transform/9439da7c-0b3d-4cb7-af91-94035543a283/FALKEN-ZIEX-CT60-AS_Standard-png?size=500,SO,0,457.00,0.00,04/26/2026 4:06:30 PM,10,0,0,0,0,0,0,0,0,0,0,0,0,0,0
Falken,F28063845,AZENIS FK510 SUV 255/55R18 109W XL 29.3,28063845,https://images.wheelpros.com/m500/mFK510.png,SO,0,347.00,0.00,04/26/2026 4:06:30 PM,10,0,0,0,0,0,0,0,0,0,0,0,0,0,0
Falken,F28065013,AZENIS FK510 SUV 255/45R20 105Y XL 29.2,28065013,https://images.wheelpros.com/m500/mFK510.png,SO,0,319.00,0.00,04/26/2026 4:06:30 PM,10,0,0,0,0,0,0,0,0,0,0,0,0,0,0
Falken,F28065232,AZENIS FK510 SUV 295/35R21 107Y XL 29.2,28065232,https://images.wheelpros.com/m500/mFK510.png,SO,8,448.00,0.00,04/26/2026 4:06:30 PM,10,0,2,0,6,0,0,0,0,0,0,0,0,0,0
Falken,F28065242,AZENIS FK510 SUV 295/40R20 110Y XL 29.4,28065242,https://images.wheelpros.com/m500/mFK510.png,SO,0,341.00,0.00,04/26/2026 4:06:30 PM,10,0,0,0,0,0,0,0,0,0,0,0,0,0,0
Falken,F28065947,AZENIS FK510 SUV 275/40R20 106Y XL 28.7,28065947,https://images.wheelpros.com/m500/mFK510.png,SO,0,362.00,0.00,04/26/2026 4:06:30 PM,10,0,0,0,0,0,0,0,0,0,0,0,0,0,0
Falken,F28065948,AZENIS FK510 SUV 315/35R20 110Y XL 28.7,28065948,https://images.wheelpros.com/m500/mFK510.png,SO,0,463.00,0.00,04/26/2026 4:06:30 PM,10,0,0,0,0,0,0,0,0,0,0,0,0,0,0
Falken,F28065949,AZENIS FK510 SUV 255/50R19 107Y XL 29.3,28065949,https://images.wheelpros.com/m500/mFK510.png,SO,0,380.00,0.00,04/26/2026 4:06:30 PM,10,0,0,0,0,0,0,0,0,0,0,0,0,0,0
Falken,F28065970,AZENIS FK510 SUV 235/55R19 105Y XL 29.3,28065970,https://images.wheelpros.com/m500/mFK510.png,SO,0,331.00,0.00,04/26/2026 4:06:30 PM,10,0,0,0,0,0,0,0,0,0,0,0,0,0,0
Falken,F28065981,AZENIS FK510 SUV 265/40R21 105Y XL 29.4,28065981,https://images.wheelpros.com/m500/mFK510.png,SO,0,431.00,0.00,04/26/2026 4:06:30 PM,10,0,0,0,0,0,0,0,0,0,0,0,0,0,0
Falken,F28103182,AZENIS FK460 SC 255/45ZR20 105W 29.1,28103182,https://images.wheelpros.com/m500/mFAZENC.png,NW,0,329.00,0.00,04/26/2026 4:06:30 PM,10,0,0,0,0,0,0,0,0,0,0,0,0,0,0
Falken,F28103484,AZENIS FK460 SC 275/35ZR21 103Y 28.7,28103484,https://images.wheelpros.com/m500/mFAZENC.png,NW,0,429.00,0.00,04/26/2026 4:06:30 PM,10,0,0,0,0,0,0,0,0,0,0,0,0,0,0
Falken,F28103516,AZENIS FK460 SC 265/35ZR22 102Y 29.4,28103516,https://images.wheelpros.com/m500/mFAZENC.png,NW,0,329.00,0.00,04/26/2026 4:06:30 PM,10,0,0,0,0,0,0,0,0,0,0,0,0,0,0
Falken,F28103669,AZENIS FK460 SC 245/45ZR20 103Y 28.7,28103669,https://images.wheelpros.com/m500/mFAZENC.png,NW,0,352.00,0.00,04/26/2026 4:06:30 PM,10,0,0,0,0,0,0,0,0,0,0,0,0,0,0
Falken,F28103687,AZENIS FK460 SC 265/45ZR20 108W 29.4,28103687,https://images.wheelpros.com/m500/mFAZENC.png,NW,0,375.00,0.00,04/26/2026 4:06:30 PM,10,0,0,0,0,0,0,0,0,0,0,0,0,0,0
Falken,F28105013,AZENIS FK460 255/45R20 105Y XL 29.1,28105013,,ST,0,309.00,0.00,04/26/2026 4:06:30 PM,10,0,0,0,0,0,0,0,0,0,0,0,0,0,0
Falken,F28105023,AZENIS FK460 245/45R20 103Y XL 28.7,28105023,,ST,0,332.00,0.00,04/26/2026 4:06:30 PM,10,0,0,0,0,0,0,0,0,0,0,0,0,0,0
Falken,F28105211,AZENIS FK460 315/35R20 110Y XL 28.8,28105211,https://images.wheelpros.com/m500/mTIRE.png,NW,0,412.00,0.00,04/26/2026 4:06:30 PM,10,0,0,0,0,0,0,0,0,0,0,0,0,0,0
Falken,F28105218,AZENIS FK460 265/35R22 102Y XL 29.4,28105218,https://images.wheelpros.com/m500/mTIRE.png,NW,0,294.00,0.00,04/26/2026 4:06:30 PM,10,0,0,0,0,0,0,0,0,0,0,0,0,0,0
Falken,F28105232,AZENIS FK460 295/35R21 107Y XL 29.2,28105232,,ST,0,377.00,0.00,04/26/2026 4:06:30 PM,10,0,0,0,0,0,0,0,0,0,0,0,0,0,0
Falken,F28105241,AZENIS FK460 285/40R20 108Y XL 29,28105241,,ST,0,423.00,0.00,04/26/2026 4:06:30 PM,10,0,0,0,0,0,0,0,0,0,0,0,0,0,0
Falken,F28105320,AZENIS FK460 265/45R20 108Y XL 29.4,28105320,https://images.wheelpros.com/m500/mTIRE.png,NW,0,356.00,0.00,04/26/2026 4:06:30 PM,10,0,0,0,0,0,0,0,0,0,0,0,0,0,0
Falken,F28105336,AZENIS FK460 255/50R19 107Y XL 29.1,28105336,https://images.wheelpros.com/m500/mTIRE.png,NW,0,382.00,0.00,04/26/2026 4:06:30 PM,10,0,0,0,0,0,0,0,0,0,0,0,0,0,0
Falken,F28105460,AZENIS FK460 275/35R21 103Y XL 28.7,28105460,https://images.wheelpros.com/m500/mTIRE.png,NW,0,395.00,0.00,04/26/2026 4:06:30 PM,10,0,0,0,0,0,0,0,0,0,0,0,0,0,0
Falken,F28105494,AZENIS FK460 255/40R21 102Y XL 29,28105494,https://images.wheelpros.com/m500/mTIRE.png,NW,0,375.00,0.00,04/26/2026 4:06:30 PM,10,0,0,0,0,0,0,0,0,0,0,0,0,0,0
Falken,F28105564,AZENIS FK460 305/35R20 107Y XL 28.5,28105564,,ST,0,437.00,0.00,04/26/2026 4:06:30 PM,10,0,0,0,0,0,0,0,0,0,0,0,0,0,0
Falken,F28105670,AZENIS FK460 245/50R19 105Y XL 28.7,28105670,https://images.wheelpros.com/m500/mTIRE.png,NW,0,315.00,0.00,04/26/2026 4:06:30 PM,10,0,0,0,0,0,0,0,0,0,0,0,0,0,0
Falken,F28105756,AZENIS FK460 255/55R18 109Y XL 29,28105756,https://images.wheelpros.com/m500/mTIRE.png,NW,0,343.00,0.00,04/26/2026 4:06:30 PM,10,0,0,0,0,0,0,0,0,0,0,0,0,0,0
Falken,F28105776,AZENIS FK460 295/40R20 110Y XL 29.3,28105776,https://images.wheelpros.com/m500/mTIRE.png,NW,0,394.00,0.00,04/26/2026 4:06:30 PM,10,0,0,0,0,0,0,0,0,0,0,0,0,0,0
Falken,F28105947,AZENIS FK460 275/40R20 106Y XL 28.7,28105947,,ST,0,362.00,0.00,04/26/2026 4:06:30 PM,10,0,0,0,0,0,0,0,0,0,0,0,0,0,0
Falken,F28105970,AZENIS FK460 235/55R19 105Y XL 29.2,28105970,,ST,0,297.00,0.00,04/26/2026 4:06:30 PM,10,0,0,0,0,0,0,0,0,0,0,0,0,0,0
Falken,F28105981,AZENIS FK460 265/40R21 105Y XL 29.3,28105981,,ST,0,369.00,0.00,04/26/2026 4:06:30 PM,10,0,0,0,0,0,0,0,0,0,0,0,0,0,0
Falken,F28291826,SINCERA SN250 225/60R18 100H SL 28.74,28291826,https://assets.wheelpros.com/transform/26ca6ddd-420c-4f50-83cb-871476528ff8/FALKEN-SINCERA-SN250_Standard-png?size=500,ST,0,197.00,0.00,04/26/2026 4:06:30 PM,10,0,0,0,0,0,0,0,0,0,0,0,0,0,0
Falken,F28294104,SINCERA SN250 225/70R16 103T SL 28.5,28294104,https://assets.wheelpros.com/transform/26ca6ddd-420c-4f50-83cb-871476528ff8/FALKEN-SINCERA-SN250_Standard-png?size=500,ST,0,165.00,0.00,04/26/2026 4:06:30 PM,10,0,0,0,0,0,0,0,0,0,0,0,0,0,0
Falken,F28294108,SINCERA SN250 235/75R15 105T SL 28.94,28294108,https://assets.wheelpros.com/transform/26ca6ddd-420c-4f50-83cb-871476528ff8/FALKEN-SINCERA-SN250_Standard-png?size=500,ST,0,146.00,0.00,04/26/2026 4:06:30 PM,10,0,0,0,0,0,0,0,0,0,0,0,0,0,0
Falken,F28294109,SINCERA SN250 235/70R16 106T SL 29.06,28294109,https://assets.wheelpros.com/transform/26ca6ddd-420c-4f50-83cb-871476528ff8/FALKEN-SINCERA-SN250_Standard-png?size=500,ST,0,190.00,0.00,04/26/2026 4:06:30 PM,10,0,0,0,0,0,0,0,0,0,0,0,0,0,0
Falken,F28294775,SINCERA SN250 225/65R17 102T SL 28.58,28294775,https://assets.wheelpros.com/transform/26ca6ddd-420c-4f50-83cb-871476528ff8/FALKEN-SINCERA-SN250_Standard-png?size=500,ST,0,177.00,0.00,04/26/2026 4:06:30 PM,10,0,0,0,0,0,0,0,0,0,0,0,0,0,0
Falken,F28294790,SINCERA SN250 235/65R17 104T SL 29.13,28294790,https://assets.wheelpros.com/transform/26ca6ddd-420c-4f50-83cb-871476528ff8/FALKEN-SINCERA-SN250_Standard-png?size=500,ST,0,194.00,0.00,04/26/2026 4:06:30 PM,10,0,0,0,0,0,0,0,0,0,0,0,0,0,0
Falken,F28391150,AKLIMATE 235/65R17 104H SL 29.1,28391150,https://images.wheelpros.com/m500/mTIRE.png,NW,0,230.00,0.00,04/26/2026 4:06:30 PM,10,0,0,0,0,0,0,0,0,0,0,0,0,0,0
Falken,F28391341,AKLIMATE 225/60R18 104H XL 28.9,28391341,https://images.wheelpros.com/m500/mTIRE.png,NW,0,259.00,0.00,04/26/2026 4:06:30 PM,10,0,0,0,0,0,0,0,0,0,0,0,0,0,0
Falken,F28391460,AKLIMATE 225/65R17 102H SL 28.9,28391460,https://images.wheelpros.com/m500/mTIRE.png,NW,15,205.00,0.00,04/26/2026 4:06:30 PM,10,0,0,0,0,0,0,0,0,0,0,0,0,0,15
Falken,F28391973,AKLIMATE 235/70R16 106H SL 29,28391973,https://images.wheelpros.com/m500/mTIRE.png,NW,0,211.00,0.00,04/26/2026 4:06:30 PM,10,0,0,0,0,0,0,0,0,0,0,0,0,0,0
Falken,F28392103,AKLIMATE 255/55R18 109V XL 29,28392103,https://images.wheelpros.com/m500/mTIRE.png,NW,0,301.00,0.00,04/26/2026 4:06:30 PM,10,0,0,0,0,0,0,0,0,0,0,0,0,0,0
Falken,F28392235,AKLIMATE 235/55R19 105V XL 29.2,28392235,https://images.wheelpros.com/m500/mTIRE.png,NW,0,326.00,0.00,04/26/2026 4:06:30 PM,10,0,0,0,0,0,0,0,0,0,0,0,0,0,0
Falken,F28392342,AKLIMATE 225/55R19 103V XL 29.1,28392342,https://images.wheelpros.com/m500/mTIRE.png,NW,0,320.00,0.00,04/26/2026 4:06:30 PM,10,0,0,0,0,0,0,0,0,0,0,0,0,0,0
Falken,F28392382,AKLIMATE 245/45R20 103V XL 28.9,28392382,https://images.wheelpros.com/m500/mTIRE.png,NW,0,296.00,0.00,04/26/2026 4:06:30 PM,10,0,0,0,0,0,0,0,0,0,0,0,0,0,0
Falken,F28392479,AKLIMATE 235/50R19 99V SL 28.6,28392479,https://images.wheelpros.com/m500/mTIRE.png,NW,0,312.00,0.00,04/26/2026 4:06:30 PM,10,0,0,0,0,0,0,0,0,0,0,0,0,0,0
Falken,F28392584,AKLIMATE 235/60R18 107V XL 29.1,28392584,https://images.wheelpros.com/m500/mTIRE.png,NW,0,278.00,0.00,04/26/2026 4:06:30 PM,10,0,0,0,0,0,0,0,0,0,0,0,0,0,0
Falken,F28392619,AKLIMATE 255/45R20 105V XL 29.1,28392619,https://images.wheelpros.com/m500/mTIRE.png,NW,0,308.00,0.00,04/26/2026 4:06:30 PM,10,0,0,0,0,0,0,0,0,0,0,0,0,0,0
Falken,F28392761,AKLIMATE 255/50R19 107V XL 29.1,28392761,https://images.wheelpros.com/m500/mTIRE.png,NW,0,353.00,0.00,04/26/2026 4:06:30 PM,10,0,0,0,0,0,0,0,0,0,0,0,0,0,0
Falken,F28392770,AKLIMATE 245/55R18 103V SL 28.6,28392770,https://images.wheelpros.com/m500/mTIRE.png,NW,0,264.00,0.00,04/26/2026 4:06:30 PM,10,0,0,0,0,0,0,0,0,0,0,0,0,0,0
Falken,F28605006,FK453 255/45-20 105Y 29.02,,https://images.wheelpros.com/m500/mFK453.png,N2,0,203.00,0.00,04/26/2026 4:06:30 PM,10,0,0,0,0,0,0,0,0,0,0,0,0,0,0
Falken,F28633845,FK453CC 255/55-18 109W 29.09,,https://images.wheelpros.com/m500/mFK453.png,N2,0,222.00,0.00,04/26/2026 4:06:30 PM,10,0,0,0,0,0,0,0,0,0,0,0,0,0,0
Falken,F28711108,WDPEAK AT TRL 235/75R15 105T SL 28.9,28711108,https://images.wheelpros.com/m500/mFTWPK.png,SO,0,203.00,0.00,04/26/2026 4:06:30 PM,10,0,0,0,0,0,0,0,0,0,0,0,0,0,0
Falken,F28711775,WDPEAK AT TRL 225/65R17 102H SL 28.6,28711775,https://images.wheelpros.com/m500/mFTWPK.png,SO,4,245.00,0.00,04/26/2026 4:06:30 PM,10,0,0,0,0,0,0,0,0,0,0,0,0,4,0
Falken,F28711826,WDPEAK AT TRL 225/60R18 100H SL 28.7,28711826,https://images.wheelpros.com/m500/mFTWPK.png,SO,0,276.00,0.00,04/26/2026 4:06:30 PM,10,0,0,0,0,0,0,0,0,0,0,0,0,0,0
Falken,F28712013,WDPEAK AT TRL 255/45R20 105V XL 29.1,28712013,https://images.wheelpros.com/m500/mFTWPK.png,SO,2,319.00,0.00,04/26/2026 4:06:30 PM,10,0,0,0,0,0,0,0,0,0,0,0,0,2,0
Falken,F28712587,WDPEAK AT TRL 265/45R20 108V XL 29.4,28712587,https://images.wheelpros.com/m500/mFTWPK.png,SO,0,321.00,0.00,04/26/2026 4:06:30 PM,10,0,0,0,0,0,0,0,0,0,0,0,0,0,0
Falken,F28712790,WDPEAK AT TRL 235/65R17 108H XL 29.2,28712790,https://images.wheelpros.com/m500/mFTWPK.png,SO,0,245.00,0.00,04/26/2026 4:06:30 PM,10,0,0,0,0,0,0,0,0,0,0,0,0,0,0
Falken,F28712816,WDPEAK AT TRL 235/60R18 107H XL 29.3,28712816,https://images.wheelpros.com/m500/mFTWPK.png,SO,0,289.00,0.00,04/26/2026 4:06:30 PM,10,0,0,0,0,0,0,0,0,0,0,0,0,0,0
Falken,F28712845,WDPEAK AT TRL 255/55R18 109V XL 28.9,28712845,https://images.wheelpros.com/m500/mFTWPK.png,SO,10,312.00,0.00,04/26/2026 4:06:30 PM,10,0,0,0,0,6,0,0,0,0,0,0,0,4,0
Falken,F28712949,WDPEAK AT TRL 255/50R19 107V XL 29.1,28712949,https://images.wheelpros.com/m500/mFTWPK.png,ST,0,361.00,0.00,04/26/2026 4:06:30 PM,10,0,0,0,0,0,0,0,0,0,0,0,0,0,0
Falken,F28712955,WDPEAK AT TRL 225/55R19 99V SL 28.8,28712955,https://images.wheelpros.com/m500/mFTWPK.png,SO,9,345.00,0.00,04/26/2026 4:06:30 PM,10,1,0,0,0,0,0,8,0,0,0,0,0,0,0
Falken,F28712970,WDPEAK AT TRL 235/55R19 105V XL 29.1,28712970,https://images.wheelpros.com/m500/mFTWPK.png,SO,0,321.00,0.00,04/26/2026 4:06:30 PM,10,0,0,0,0,0,0,0,0,0,0,0,0,0,0
Falken,F28820627,WDPEAK HT02 LT225/75R16 115/112S E 29.3,28820627,https://images.wheelpros.com/m500/mFTWPK.png,SO,0,238.00,0.00,04/26/2026 4:06:30 PM,10,0,0,0,0,0,0,0,0,0,0,0,0,0,0
Falken,F28824484,WDPEAK HT02 225/75R16 108T XL 29.3,28824484,https://images.wheelpros.com/m500/mFTWPK.png,SO,0,181.00,0.00,04/26/2026 4:06:30 PM,10,0,0,0,0,0,0,0,0,0,0,0,0,0,0
Falken,F28824529,WDPEAK HT02 235/75R15 109T XL 28.9,28824529,https://images.wheelpros.com/m500/mFTWPK.png,SO,0,183.00,0.00,04/26/2026 4:06:30 PM,10,0,0,0,0,0,0,0,0,0,0,0,0,0,0
Falken,F28824609,WDPEAK HT02 235/70R16 109T XL 29,28824609,https://images.wheelpros.com/m500/mFTWPK.png,SO,0,191.00,0.00,04/26/2026 4:06:30 PM,10,0,0,0,0,0,0,0,0,0,0,0,0,0,0
Falken,F28840119,WDPEAK AT4W LT225/75R16 115/112S E 29.2,28840119,https://images.wheelpros.com/m500/mFTWPK4.png,ST,0,268.00,0.00,04/26/2026 4:06:30 PM,10,0,0,0,0,0,0,0,0,0,0,0,0,0,0
Falken,F28841790,WDPEAK AT4W 235/65R17 104H SL 29.1,28841790,https://images.wheelpros.com/m500/mFTWPK4.png,ST,0,291.00,0.00,04/26/2026 4:06:30 PM,10,0,0,0,0,0,0,0,0,0,0,0,0,0,0
Falken,F28844108,WDPEAK AT4W 235/75R15 109T XL 28.9,28844108,https://images.wheelpros.com/m500/mFTWPK4.png,ST,16,212.00,0.00,04/26/2026 4:06:30 PM,10,0,0,0,0,0,0,0,0,0,0,0,0,16,0
Falken,F28844109,WDPEAK AT4W 235/70R16 109T XL 29,28844109,https://images.wheelpros.com/m500/mFTWPK4.png,ST,0,233.00,0.00,04/26/2026 4:06:30 PM,10,0,0,0,0,0,0,0,0,0,0,0,0,0,0
Falken,F28844775,WDPEAK AT4W 225/65R17 106T XL 28.5,28844775,https://images.wheelpros.com/m500/mFTWPK4.png,ST,0,266.00,0.00,04/26/2026 4:06:30 PM,10,0,0,0,0,0,0,0,0,0,0,0,0,0,0
Falken,F28847202,WDPEAK AT4W LT235/75R15 116/113R E 28.8,28847202,https://images.wheelpros.com/m500/mFTWPK4.png,ST,8,254.00,0.00,04/26/2026 4:06:30 PM,10,0,0,0,0,0,0,0,0,0,0,0,0,4,4
Falken,F28847745,WDPEAK AT4W 225/75R16C 121/120R E 29.2,28847745,https://images.wheelpros.com/m500/mFTWPK4.png,ST,0,289.00,0.00,04/26/2026 4:06:30 PM,10,0,0,0,0,0,0,0,0,0,0,0,0,0,0
Falken,F28953023,ZIEX ZE950 245/45R20 103W XL 28.66,28953023,https://images.wheelpros.com/m500/mFT950.png,SO,0,276.00,0.00,04/26/2026 4:06:30 PM,10,0,0,0,0,0,0,0,0,0,0,0,0,0,0
Falken,F28963023,ZIEX ZE960 245/45R20 103W XL 28.7,28963023,https://images.wheelpros.com/m500/mFTWPK.png,SO,0,262.00,0.00,04/26/2026 4:06:30 PM,10,0,0,0,0,0,0,0,0,0,0,0,0,0,0
Falken,F28963863,ZIEX ZE960 245/55R18 103W SL 28.6,28963863,https://images.wheelpros.com/m500/mFTWPK.png,SO,0,234.00,0.00,04/26/2026 4:06:30 PM,10,0,0,0,0,0,0,0,0,0,0,0,0,0,0
OHTSU,F30270529,AT4000 235/75-15 105S 28.8,,https://images.wheelpros.com/m500/mAT400.png,SO,0,125.00,0.00,04/26/2026 4:06:30 PM,10,0,0,0,0,0,0,0,0,0,0,0,0,0,0
OHTSU,F30271790,AT4000 235/65-17 104T 28.9,,https://images.wheelpros.com/m500/mAT400.png,SO,0,143.00,0.00,04/26/2026 4:06:30 PM,10,0,0,0,0,0,0,0,0,0,0,0,0,0,0
OHTSU,F30274693,AT4000 225/70-16 101T 28.5,,https://images.wheelpros.com/m500/mAT400.png,SO,0,125.00,0.00,04/26/2026 4:06:30 PM,10,0,0,0,0,0,0,0,0,0,0,0,0,0,0
OHTSU,F30421775,FP7000 225/65-17 102H 28.5,,https://images.wheelpros.com/m500/mFP700.png,SO,0,185.00,0.00,04/26/2026 4:06:30 PM,10,0,0,0,0,0,0,0,0,0,0,0,0,0,0
OHTSU,F30421826,FP7000 225/60-18 100H 28.6,,https://images.wheelpros.com/m500/mFP700.png,SO,0,210.00,0.00,04/26/2026 4:06:30 PM,10,0,0,0,0,0,0,0,0,0,0,0,0,0,0
OHTSU,F30422816,FP7000 235/60-18 107V 29.03,,https://images.wheelpros.com/m500/mFP700.png,SO,0,215.00,0.00,04/26/2026 4:06:30 PM,10,0,0,0,0,0,0,0,0,0,0,0,0,0,0
OHTSU,F30422970,FP7000 235/55-19 105V 29.21,,https://images.wheelpros.com/m500/mFP700.png,SO,0,243.00,0.00,04/26/2026 4:06:30 PM,10,0,0,0,0,0,0,0,0,0,0,0,0,0,0
OHTSU,F30483006,FP8000 255/45-20 105W 29.36,,https://images.wheelpros.com/m500/mFP800.png,SO,0,273.00,0.00,04/26/2026 4:06:30 PM,10,0,0,0,0,0,0,0,0,0,0,0,0,0,0
OHTSU,F30483023,FP8000 245/45-20 99W 28.84,,https://images.wheelpros.com/m500/mFP800.png,SO,0,259.00,0.00,04/26/2026 4:06:30 PM,10,0,0,0,0,0,0,0,0,0,0,0,0,0,0
OHTSU,F30500602,ST5000 255/65-16 106S 29.17,,https://images.wheelpros.com/m500/mST500.png,SO,0,245.00,0.00,04/26/2026 4:06:30 PM,10,0,0,0,0,0,0,0,0,0,0,0,0,0,0
OHTSU,F30501218,ST5000 265/35-22 102H 29.25,,https://images.wheelpros.com/m500/mST500.png,SO,0,279.00,0.00,04/26/2026 4:06:30 PM,10,0,0,0,0,0,0,0,0,0,0,0,0,0,0
OHTSU,F30501845,ST5000 255/55-18 109H 28.99,,https://images.wheelpros.com/m500/mST500.png,SO,0,252.00,0.00,04/26/2026 4:06:30 PM,10,0,0,0,0,0,0,0,0,0,0,0,0,0,0
Falken,F59000530,WDPEAK AT TRL 225/60R18 100H SL 28.6,59000530,https://images.wheelpros.com/m500/mFTWPK.png,ST,0,321.00,0.00,04/26/2026 4:06:30 PM,10,0,0,0,0,0,0,0,0,0,0,0,0,0,0
Falken,F59000590,ZIEX ZE001 235/60R18 103H SL 29.1,59000590,https://images.wheelpros.com/m500/mFA999.png,ST,0,358.00,0.00,04/26/2026 4:06:30 PM,10,0,0,0,0,0,0,0,0,0,0,0,0,0,0
Falken,F59000610,ZIEX ZE001A 235/65R17 103T SL 28.8,59000610,https://images.wheelpros.com/m500/mFA999.png,ST,0,202.00,0.00,04/26/2026 4:06:30 PM,10,0,0,0,0,0,0,0,0,0,0,0,0,0,0
Falken,F59000640,AZENIS FK510A 255/55R18 105W SL 28.96,59000640,https://images.wheelpros.com/m500/mFK510.png,SO,0,393.00,0.00,04/26/2026 4:06:30 PM,10,0,0,0,0,0,0,0,0,0,0,0,0,0,0
Falken,F59000690,WDPEAK AT3W 235/65R17 104H SL 29.1,59000690,https://images.wheelpros.com/m500/mFWPK3.png,ST,0,314.00,0.00,04/26/2026 4:06:30 PM,10,0,0,0,0,0,0,0,0,0,0,0,0,0,0
Falken,F59000700,ZIEX ZE001 225/60R18 100H SL 28.7,59000700,https://images.wheelpros.com/m500/mFA999.png,SO,0,323.00,0.00,04/26/2026 4:06:30 PM,10,0,0,0,0,0,0,0,0,0,0,0,0,0,0
Falken,F59000750,AZENIS FK001 245/45R20 103Y XL 28.7,59000750,,ST,0,371.00,0.00,04/26/2026 4:06:30 PM,10,0,0,0,0,0,0,0,0,0,0,0,0,0,0
Falken,F59000760,ZIEX ZE001A 235/60R18 102H SL 29.1,59000760,https://images.wheelpros.com/m500/mFA999.png,SO,0,338.00,0.00,04/26/2026 4:06:30 PM,10,0,0,0,0,0,0,0,0,0,0,0,0,0,0
Falken,F59000810,FK090 165/90R17 105M SL 28.7,59000810,https://images.wheelpros.com/m500/mFA999.png,SO,0,150.00,0.00,04/26/2026 4:06:30 PM,10,0,0,0,0,0,0,0,0,0,0,0,0,0,0
Falken,F59000820,WDPEAK AT TRL 245/60R18 105H 29.49,59000820,https://images.wheelpros.com/m500/mFTWPK.png,SO,0,349.00,0.00,04/26/2026 4:06:30 PM,10,0,0,0,0,0,0,0,0,0,0,0,0,0,0
Falken,F59000870,WDPEAK AT TRL 225/60R18 100H SL 28.6,59000870,https://images.wheelpros.com/m500/mFTWPK.png,ST,0,319.00,0.00,04/26/2026 4:06:30 PM,10,0,0,0,0,0,0,0,0,0,0,0,0,0,0
Milestar,M22265030,STLPRO MS597 LT225/75R16 115/112Q E 29.3,22265030,,ST,0,95.00,0.00,04/26/2026 4:06:30 PM,10,0,0,0,0,0,0,0,0,0,0,0,0,0,0
Milestar,M24084011,INTERCEPT AS810 275/40ZR20 106Y XL 28.7,24084011,,ST,0,110.00,0.00,04/26/2026 4:06:30 PM,10,0,0,0,0,0,0,0,0,0,0,0,0,0,0
Milestar,M24087009,INTERCEPT AS810 245/45ZR20 103Y XL 28.7,24087009,,ST,0,81.00,0.00,04/26/2026 4:06:30 PM,10,0,0,0,0,0,0,0,0,0,0,0,0,0,0
Milestar,M24627501,STREETSTEEL P255/70R15 108T SL 29.1,24627501,,ST,0,94.00,0.00,04/26/2026 4:06:30 PM,10,0,0,0,0,0,0,0,0,0,0,0,0,0,0
Milestar,M24760010,MS775 TOUR SLE P235/75R15 105S SL 28.9,24760010,,ST,0,71.00,0.00,04/26/2026 4:06:30 PM,10,0,0,0,0,0,0,0,0,0,0,0,0,0,0
Milestar,M24760021,PATAG AT PRO 235/75R15 109T XL 28.9,24760021,,ST,0,97.00,0.00,04/26/2026 4:06:30 PM,10,0,0,0,0,0,0,0,0,0,0,0,0,0,0
Milestar,M24864002,INTERCEPT AS810 245/50ZR19 105W XL 28.7,24864002,,ST,0,95.00,0.00,04/26/2026 4:06:30 PM,10,0,0,0,0,0,0,0,0,0,0,0,0,0,0
Milestar,M24984009,INTERCEPT AS810 255/45ZR20 105Y XL 29.1,24984009,,ST,0,98.00,0.00,04/26/2026 4:06:30 PM,10,0,0,0,0,0,0,0,0,0,0,0,0,0,0
EFX,MC-29-10-16,MOTOCLAW 29X10-16 80F 29,MC-29-10-16,https://assets.wheelpros.com/transform/0a72f5d9-b494-4b43-8c1c-142b7eeb0676/EFX-MOTOCLAW-MC-32-10-16-A1-png?size=500,ST,36,263.00,263.00,04/26/2026 4:06:30 PM,20,5,0,16,0,11,0,0,0,0,0,0,0,4,0
EFX,MC-30-10-14,MOTOCLAW 30X10R14 80J 30,MC-30-10-14,https://assets.wheelpros.com/transform/0a72f5d9-b494-4b43-8c1c-142b7eeb0676/EFX-MOTOCLAW-MC-32-10-16-A1-png?size=500,ST,75,298.00,298.00,04/26/2026 4:06:30 PM,20,16,0,16,0,16,0,0,0,0,0,0,0,11,16
Mickey Thompson Tire,MTT250801,PRO BRACKET RAD 29.0/10.5R18 28.9,250801,https://images.wheelpros.com/m500/mTIRE.png,NW,0,598.00,597.60,04/26/2026 4:06:30 PM,10,0,0,0,0,0,0,0,0,0,0,0,0,0,0
Mickey Thompson Tire,MTT250909,ET FRONT 29.0/4.5-15  28.7,250909,https://images.wheelpros.com/m500/mMTETTB.png,NW,0,303.00,302.98,04/26/2026 4:06:30 PM,10,0,0,0,0,0,0,0,0,0,0,0,0,0,0
Mickey Thompson Tire,MTT255603,ET STREET R P305/35R20 28.9,255603,,NW,8,753.00,753.29,04/26/2026 4:06:30 PM,10,0,4,0,0,0,0,0,0,0,0,0,0,0,4
Mickey Thompson Tire,MTT255637,SPORTSMAN SR 29X18.00R20LT 80H SL 29.1,255637,https://images.wheelpros.com/m500/mTIRE.png,ST,0,1016.00,1015.69,04/26/2026 4:06:30 PM,10,0,0,0,0,0,0,0,0,0,0,0,0,0,0
Mickey Thompson Tire,MTT255656,SPORTSMAN SR 29X18.00R15LT 94H B 29.1,255656,https://images.wheelpros.com/m500/mTIRE.png,ST,2,819.00,818.99,04/26/2026 4:06:30 PM,10,0,2,0,0,0,0,0,0,0,0,0,0,0,0
Mickey Thompson Tire,MTT315010003,ET STREET SS 275/40R20 29,90000024577,https://images.wheelpros.com/m500/mMTETTG.png,ST,0,805.00,0.00,04/26/2026 4:06:30 PM,10,0,0,0,0,0,0,0,0,0,0,0,0,0,0
Mickey Thompson Tire,MTT315049007,PRO DRAG RAD 29.5/9.0R15 29.5,90000023502,https://images.wheelpros.com/m500/mMTPROB.png,ST,0,498.00,0.00,04/26/2026 4:06:30 PM,10,0,0,0,0,0,0,0,0,0,0,0,0,0,0
Mickey Thompson Tire,MTT315072006,PRO BRACKET RAD 29.0/10.5R18 28.9,250801,https://images.wheelpros.com/m500/mTIRE.png,NW,0,664.00,0.00,04/26/2026 4:06:30 PM,10,0,0,0,0,0,0,0,0,0,0,0,0,0,0
Mickey Thompson Tire,MTT315074006,PRO BRACKET RAD 29.0/11.5R20 28.7,90000059993,https://images.wheelpros.com/m500/mMTPROA.png,ST,0,730.00,0.00,04/26/2026 4:06:30 PM,10,0,0,0,0,0,0,0,0,0,0,0,0,0,0
Mickey Thompson Tire,MTT315082004,ET STREET R 315/50R17 29.4,90000031237,https://images.wheelpros.com/m500/mMTETTE.png,ST,0,681.00,0.00,04/26/2026 4:06:30 PM,10,0,0,0,0,0,0,0,0,0,0,0,0,0,0
Mickey Thompson Tire,MTT315089004,ET STREET R 305/45R18 29,90000024661,https://images.wheelpros.com/m500/mMTETTE.png,ST,0,754.00,0.00,04/26/2026 4:06:30 PM,10,0,0,0,0,0,0,0,0,0,0,0,0,0,0
Mickey Thompson Tire,MTT315097004,ET STREET R P305/35R20 28.9,255603,,NW,0,836.00,0.00,04/26/2026 4:06:30 PM,10,0,0,0,0,0,0,0,0,0,0,0,0,0,0
Mickey Thompson Tire,MTT315099003,ET STREET SS 305/35R20 28.7,90000024578,https://images.wheelpros.com/m500/mMTETTG.png,ST,0,814.00,0.00,04/26/2026 4:06:30 PM,10,0,0,0,0,0,0,0,0,0,0,0,0,0,0
Mickey Thompson Tire,MTT321021002,STREET COMP 275/40-20,90000001618,https://images.wheelpros.com/m500/mMTSTRA.png,NW,0,429.00,0.00,04/26/2026 4:06:30 PM,10,0,0,0,0,0,0,0,0,0,0,0,0,0,0
Mickey Thompson Tire,MTT321022002,STREET COMP 245/45-20,90000001617,https://images.wheelpros.com/m500/mMTSTRA.png,NW,0,380.00,0.00,04/26/2026 4:06:30 PM,10,0,0,0,0,0,0,0,0,0,0,0,0,0,0
Mickey Thompson Tire,MTT321044004,SPORTSMAN SR 29X18.00R20LT 80H SL 29.1,255637,https://images.wheelpros.com/m500/mTIRE.png,ST,0,1150.00,0.00,04/26/2026 4:06:30 PM,10,0,0,0,0,0,0,0,0,0,0,0,0,0,0
Mickey Thompson Tire,MTT321058004,SPORTSMAN SR LT29X15.00R20 93H 29,90000000218,https://images.wheelpros.com/m500/mMTSPOB.png,ST,0,1043.00,0.00,04/26/2026 4:06:30 PM,10,0,0,0,0,0,0,0,0,0,0,0,0,0,0
Mickey Thompson Tire,MTT321066004,SPORTSMAN SR 29X18.00R15LT 94H B 29.1,255656,https://images.wheelpros.com/m500/mTIRE.png,ST,0,922.00,0.00,04/26/2026 4:06:30 PM,10,0,0,0,0,0,0,0,0,0,0,0,0,0,0
Mickey Thompson Tire,MTT321067004,SPORTSMAN SR LT29X15.00R15 98H 29,90000000225,https://images.wheelpros.com/m500/mMTSPOB.png,ST,0,873.00,0.00,04/26/2026 4:06:30 PM,10,0,0,0,0,0,0,0,0,0,0,0,0,0,0
Mickey Thompson Tire,MTT340007003,BAJ BOSS AT 235/75-15 109T 28.8,90000049671,https://images.wheelpros.com/m500/mMTBAJB.png,NW,0,245.00,0.00,04/26/2026 4:06:30 PM,10,0,0,0,0,0,0,0,0,0,0,0,0,0,0
Mickey Thompson Tire,MTT364116004,ET STREET R LT28X11.50-17 28.5,90000028490,https://images.wheelpros.com/m500/mMTETTE.png,ST,0,500.00,0.00,04/26/2026 4:06:30 PM,10,0,0,0,0,0,0,0,0,0,0,0,0,0,0
Mickey Thompson Tire,MTT365063020,ET FRONT 29.0/4.5-15  28.7,250909,https://images.wheelpros.com/m500/mMTETTB.png,NW,0,330.00,0.00,04/26/2026 4:06:30 PM,10,0,0,0,0,0,0,0,0,0,0,0,0,0,0
Mickey Thompson Tire,MTT365103011,ET DRAG 29.5/9.0-15 29.3,90000000855,https://images.wheelpros.com/m500/mMTETTA.png,ST,0,473.00,0.00,04/26/2026 4:06:30 PM,10,0,0,0,0,0,0,0,0,0,0,0,0,0,0
Mickey Thompson Tire,MTT90000000218,SPORTSMAN SR LT29X15.00R20 93H 29,90000000218,https://images.wheelpros.com/m500/mMTSPOB.png,ST,2,934.00,934.36,04/26/2026 4:06:30 PM,10,0,0,0,0,0,0,0,0,0,0,0,0,0,2
Mickey Thompson Tire,MTT90000000225,SPORTSMAN SR LT29X15.00R15 98H 29,90000000225,https://images.wheelpros.com/m500/mMTSPOB.png,ST,0,792.00,792.49,04/26/2026 4:06:30 PM,10,0,0,0,0,0,0,0,0,0,0,0,0,0,0
Mickey Thompson Tire,MTT90000000821,ET FRONT 29.0/4.5-15 28.7,90000000821,https://images.wheelpros.com/m500/mMTETTB.png,ST,0,278.00,0.00,04/26/2026 4:06:30 PM,10,0,0,0,0,0,0,0,0,0,0,0,0,0,0
Mickey Thompson Tire,MTT90000000855,ET DRAG 29.5/9.0-15 29.3,90000000855,https://images.wheelpros.com/m500/mMTETTA.png,ST,0,407.00,407.33,04/26/2026 4:06:30 PM,10,0,0,0,0,0,0,0,0,0,0,0,0,0,0
Mickey Thompson Tire,MTT90000001617,STREET COMP 245/45-20,90000001617,https://images.wheelpros.com/m500/mMTSTRA.png,NW,0,343.00,343.44,04/26/2026 4:06:30 PM,10,0,0,0,0,0,0,0,0,0,0,0,0,0,0
Mickey Thompson Tire,MTT90000001618,STREET COMP 275/40-20,90000001618,https://images.wheelpros.com/m500/mMTSTRA.png,NW,2,393.00,393.24,04/26/2026 4:06:30 PM,10,0,0,0,0,2,0,0,0,0,0,0,0,0,0
Mickey Thompson Tire,MTT90000023502,PRO DRAG RAD 29.5/9.0R15 29.5,90000023502,https://images.wheelpros.com/m500/mMTPROB.png,ST,0,455.00,454.76,04/26/2026 4:06:30 PM,10,0,0,0,0,0,0,0,0,0,0,0,0,0,0
Mickey Thompson Tire,MTT90000024577,ET STREET SS 275/40R20 29,90000024577,https://images.wheelpros.com/m500/mMTETTG.png,ST,4,688.00,688.00,04/26/2026 4:06:30 PM,10,0,0,0,1,0,0,0,3,0,0,0,0,0,0
Mickey Thompson Tire,MTT90000024578,ET STREET SS 305/35R20 28.7,90000024578,https://images.wheelpros.com/m500/mMTETTG.png,ST,6,706.00,705.58,04/26/2026 4:06:30 PM,10,0,2,0,0,4,0,0,0,0,0,0,0,0,0
Mickey Thompson Tire,MTT90000024661,ET STREET R 305/45R18 29,90000024661,https://images.wheelpros.com/m500/mMTETTE.png,ST,6,669.00,669.03,04/26/2026 4:06:30 PM,10,0,6,0,0,0,0,0,0,0,0,0,0,0,0
Mickey Thompson Tire,MTT90000028490,ET STREET R LT28X11.50-17 28.5,90000028490,https://images.wheelpros.com/m500/mMTETTE.png,ST,1,444.00,443.88,04/26/2026 4:06:30 PM,10,0,0,0,0,0,0,1,0,0,0,0,0,0,0
Mickey Thompson Tire,MTT90000031237,ET STREET R 315/50R17 29.4,90000031237,https://images.wheelpros.com/m500/mMTETTE.png,ST,0,614.00,614.20,04/26/2026 4:06:30 PM,10,0,0,0,0,0,0,0,0,0,0,0,0,0,0
Mickey Thompson Tire,MTT90000049671,BAJ BOSS AT 235/75-15 109T 28.8,90000049671,https://images.wheelpros.com/m500/mMTBAJB.png,NW,35,248.00,263.50,04/26/2026 4:06:30 PM,10,0,15,0,0,16,0,4,0,0,0,0,0,0,0
Mickey Thompson Tire,MTT90000059993,PRO BRACKET RAD 29.0/11.5R20 28.7,90000059993,https://images.wheelpros.com/m500/mMTPROA.png,ST,0,657.00,657.31,04/26/2026 4:06:30 PM,10,0,0,0,0,0,0,0,0,0,0,0,0,0,0
Nitto,N108-630,NT555RII 315/35R20 106W SL 28.6,108630,https://assets.wheelpros.com/transform/9b82714c-4bdc-49de-b8e0-f14d167aa947/NITTO-NT555RII_STANDARD-png?size=500,ST,42,719.00,0.00,04/26/2026 4:06:30 PM,10,16,0,0,0,0,0,0,0,0,0,0,0,10,16
Nitto,N108-660,NT555RII 275/40R20 106W XL 28.6,108660,https://assets.wheelpros.com/transform/9b82714c-4bdc-49de-b8e0-f14d167aa947/NITTO-NT555RII_STANDARD-png?size=500,ST,25,579.00,0.00,04/26/2026 4:06:30 PM,10,16,0,0,0,0,0,0,0,0,0,0,0,6,3
Nitto,N108-740,NT555RII P305/45R18 103W LL 28.7,108740,https://assets.wheelpros.com/transform/9b82714c-4bdc-49de-b8e0-f14d167aa947/NITTO-NT555RII_STANDARD-png?size=500,ST,36,573.00,0.00,04/26/2026 4:06:30 PM,10,4,0,0,0,0,0,0,0,0,0,0,0,16,16
Nitto,N202-960,INVO 255/35ZR22 99W XL 29,202960,https://assets.wheelpros.com/transform/8bb15b84-23d7-430a-ad89-20567eed78e2/Nitto-Invo_Standard-png?size=500,ST,8,553.00,0.00,04/26/2026 4:06:30 PM,10,0,0,0,0,0,0,0,0,0,0,0,0,8,0
Nitto,N202-990,INVO 255/45ZR20 101W SL 29,202990,https://assets.wheelpros.com/transform/8bb15b84-23d7-430a-ad89-20567eed78e2/Nitto-Invo_Standard-png?size=500,ST,0,420.00,0.00,04/26/2026 4:06:30 PM,10,0,0,0,0,0,0,0,0,0,0,0,0,0,0
Nitto,N203-140,INVO 245/45ZR20 99W SL 28.6,203140,https://assets.wheelpros.com/transform/8bb15b84-23d7-430a-ad89-20567eed78e2/Nitto-Invo_Standard-png?size=500,ST,0,418.00,0.00,04/26/2026 4:06:30 PM,10,0,0,0,0,0,0,0,0,0,0,0,0,0,0
Nitto,N203-180,INVO 275/40R20 106W XL 28.6,203180,https://assets.wheelpros.com/transform/8bb15b84-23d7-430a-ad89-20567eed78e2/Nitto-Invo_Standard-png?size=500,ST,0,470.00,0.00,04/26/2026 4:06:30 PM,10,0,0,0,0,0,0,0,0,0,0,0,0,0,0
Nitto,N203-390,INVO 275/25ZR24 96W XL 29.4,203390,https://assets.wheelpros.com/transform/8bb15b84-23d7-430a-ad89-20567eed78e2/Nitto-Invo_Standard-png?size=500,ST,0,702.00,0.00,04/26/2026 4:06:30 PM,10,0,0,0,0,0,0,0,0,0,0,0,0,0,0
Nitto,N203-430,INVO 275/30ZR22 99W XL 28.5,203430,https://assets.wheelpros.com/transform/8bb15b84-23d7-430a-ad89-20567eed78e2/Nitto-Invo_Standard-png?size=500,ST,4,666.00,0.00,04/26/2026 4:06:30 PM,10,0,0,2,0,0,0,0,0,0,0,0,0,2,0
Nitto,N203-440,INVO 285/30ZR22 101W XL 28.8,203440,https://assets.wheelpros.com/transform/8bb15b84-23d7-430a-ad89-20567eed78e2/Nitto-Invo_Standard-png?size=500,ST,0,610.00,0.00,04/26/2026 4:06:30 PM,10,0,0,0,0,0,0,0,0,0,0,0,0,0,0
Nitto,N203-600,INVO 315/35ZR20 106W SL 28.6,203600,https://assets.wheelpros.com/transform/8bb15b84-23d7-430a-ad89-20567eed78e2/Nitto-Invo_Standard-png?size=500,ST,0,569.00,0.00,04/26/2026 4:06:30 PM,10,0,0,0,0,0,0,0,0,0,0,0,0,0,0
Nitto,N204-260,NTSN2 235/70-16 106T 28.95,204260,https://images.wheelpros.com/m500/mNTSN2.png,SO,0,136.00,0.00,04/26/2026 4:06:30 PM,10,0,0,0,0,0,0,0,0,0,0,0,0,0,0
Nitto,N204-300,NTSN2 225/65-17 102T 28.52,204300,https://images.wheelpros.com/m500/mNTSN2.png,SO,0,153.00,0.00,04/26/2026 4:06:30 PM,10,0,0,0,0,0,0,0,0,0,0,0,0,0,0
Nitto,N204-450,NTSN2 235/65-17 104S 29.03,204450,https://images.wheelpros.com/m500/mNTSN2.png,SO,0,159.00,0.00,04/26/2026 4:06:30 PM,10,0,0,0,0,0,0,0,0,0,0,0,0,0,0
Nitto,N205-270,DURA GRAP P245/65R17 105S SL 29.4,205270,https://assets.wheelpros.com/transform/6e9d4bbd-13b6-4ab4-91ec-e1b6f164d0c1/Nitto-Dura-Grappler_Standard-png?size=500,ST,0,278.00,0.00,04/26/2026 4:06:30 PM,10,0,0,0,0,0,0,0,0,0,0,0,0,0,0
Nitto,N206-740,NT420V 275/40R20 106W XL 28.6,206740,https://assets.wheelpros.com/transform/675d5a8a-c369-41d5-9227-3240429692c5/Nitto-NT420V_Standard-png?size=500,ST,15,405.00,0.00,04/26/2026 4:06:30 PM,10,0,0,0,0,0,0,0,0,0,0,0,0,15,0
Nitto,N206-790,NT420V 265/45R20 108V XL 29.3,206790,https://assets.wheelpros.com/transform/675d5a8a-c369-41d5-9227-3240429692c5/Nitto-NT420V_Standard-png?size=500,ST,2,364.00,0.00,04/26/2026 4:06:30 PM,10,2,0,0,0,0,0,0,0,0,0,0,0,0,0
Nitto,N206-990,NT420V 285/40R20 108V XL 28.9,206990,https://assets.wheelpros.com/transform/675d5a8a-c369-41d5-9227-3240429692c5/Nitto-NT420V_Standard-png?size=500,ST,6,422.00,0.00,04/26/2026 4:06:30 PM,10,0,0,0,0,0,4,0,0,0,0,0,0,2,0
Nitto,N207-040,NT05 275/40R20 106W XL 28.6,207040,https://assets.wheelpros.com/transform/c954c748-4606-49f4-bebf-e1d38fe0ebb7/Nitto-NT05_Standard-png?size=500,ST,7,483.00,0.00,04/26/2026 4:06:30 PM,10,0,0,0,0,0,0,0,0,0,0,0,0,4,3
Nitto,N207-110,NT05 315/35ZR20 110W XL 28.6,207110,https://assets.wheelpros.com/transform/c954c748-4606-49f4-bebf-e1d38fe0ebb7/Nitto-NT05_Standard-png?size=500,ST,14,638.00,0.00,04/26/2026 4:06:30 PM,10,0,0,0,0,0,0,0,0,0,0,0,0,12,2
Nitto,N207-230,NT05 255/45ZR20 101W SL 29,207230,https://assets.wheelpros.com/transform/c954c748-4606-49f4-bebf-e1d38fe0ebb7/Nitto-NT05_Standard-png?size=500,ST,12,395.00,0.00,04/26/2026 4:06:30 PM,10,2,2,4,0,0,0,0,4,0,0,0,0,0,0
Nitto,N207-650,NT420V 265/35R22 102V XL 29.3,207650,https://assets.wheelpros.com/transform/675d5a8a-c369-41d5-9227-3240429692c5/Nitto-NT420V_Standard-png?size=500,ST,14,439.00,0.00,04/26/2026 4:06:30 PM,10,6,8,0,0,0,0,0,0,0,0,0,0,0,0
Nitto,N207-670,NT420V 295/30R22 103V XL 29,207670,https://assets.wheelpros.com/transform/675d5a8a-c369-41d5-9227-3240429692c5/Nitto-NT420V_Standard-png?size=500,ST,21,508.00,0.00,04/26/2026 4:06:30 PM,10,2,4,1,0,0,0,0,0,0,0,0,0,12,2
Nitto,N207-710,NT420V 315/30R22 107W XL 29.4,207710,https://assets.wheelpros.com/transform/675d5a8a-c369-41d5-9227-3240429692c5/Nitto-NT420V_Standard-png?size=500,ST,4,569.00,0.00,04/26/2026 4:06:30 PM,10,0,0,0,0,0,0,0,0,0,0,0,0,4,0
Nitto,N207-770,NT420V 315/35R20 110W XL 28.6,207770,https://assets.wheelpros.com/transform/675d5a8a-c369-41d5-9227-3240429692c5/Nitto-NT420V_Standard-png?size=500,ST,8,500.00,0.00,04/26/2026 4:06:30 PM,10,0,0,0,0,0,0,0,0,0,0,0,0,8,0
Nitto,N208-070,SN3 235/65R17 104H 29.1,208070,https://images.wheelpros.com/m500/mNTSN3.png,SO,0,218.00,0.00,04/26/2026 4:06:30 PM,10,0,0,0,0,0,0,0,0,0,0,0,0,0,0
Nitto,N208-090,SN3 225/65R17 102H 28.5,208090,https://images.wheelpros.com/m500/mNTSN3.png,SO,16,210.00,0.00,04/26/2026 4:06:30 PM,10,0,0,0,0,0,0,0,0,0,0,0,0,0,16
Nitto,N208-160,SN3 235/60R18 107H 29.1,208160,https://images.wheelpros.com/m500/mNTSN3.png,SO,12,262.00,0.00,04/26/2026 4:06:30 PM,10,0,0,0,0,0,0,0,0,0,0,0,0,4,8
Nitto,N208-290,SN3 235/70R16 106H 29,208290,https://images.wheelpros.com/m500/mNTSN3.png,SO,0,227.00,0.00,04/26/2026 4:06:30 PM,10,0,0,0,0,0,0,0,0,0,0,0,0,0,0
Nitto,N208-310,SN3 235/55R19 101H 29.2,208310,https://images.wheelpros.com/m500/mNTSN3.png,SO,3,280.00,0.00,04/26/2026 4:06:30 PM,10,0,0,0,0,0,0,0,0,0,0,0,0,3,0
Nitto,N208-340,SN3 275/40R20 106V 28.7,208340,https://images.wheelpros.com/m500/mNTSN3.png,SO,4,410.00,0.00,04/26/2026 4:06:30 PM,10,0,0,0,0,0,0,0,0,0,0,0,0,4,0
Nitto,N208-370,SN3 255/55R18 109H 29,208370,https://images.wheelpros.com/m500/mNTSN3.png,SO,4,307.00,0.00,04/26/2026 4:06:30 PM,10,0,0,0,0,0,0,0,0,0,0,0,0,4,0
Nitto,N208-470,SN3 225/60R18 100H 28.6,208470,https://images.wheelpros.com/m500/mNTSN3.png,SO,12,243.00,0.00,04/26/2026 4:06:30 PM,10,0,0,0,0,0,0,0,0,0,0,0,0,8,4
Nitto,N208-500,SN3 315/35R20 110V 28.7,208500,https://images.wheelpros.com/m500/mNTSN3.png,SO,10,511.00,0.00,04/26/2026 4:06:30 PM,10,0,0,0,0,0,0,0,0,0,0,0,0,10,0
Nitto,N208-600,SN3 255/50R19 107V 29.1,208600,https://images.wheelpros.com/m500/mNTSN3.png,SO,4,333.00,0.00,04/26/2026 4:06:30 PM,10,0,0,0,0,0,0,0,0,0,0,0,0,0,4
Nitto,N210-270,MOTIVO 245/55ZR18 103W SL 28.5,210270,https://images.wheelpros.com/m500/mNTMV.png,N2,0,298.00,0.00,04/26/2026 4:06:30 PM,10,0,0,0,0,0,0,0,0,0,0,0,0,0,0
Nitto,N210-280,MOTIVO 255/55ZR18 109W XL 28.9,210280,https://images.wheelpros.com/m500/mNTMV.png,N2,0,323.00,0.00,04/26/2026 4:06:30 PM,10,0,0,0,0,0,0,0,0,0,0,0,0,0,0
Nitto,N210-360,MOTIVO 275/45ZR19 108Y XL 28.7,210360,https://images.wheelpros.com/m500/mNTINV.png,N2,0,404.00,0.00,04/26/2026 4:06:30 PM,10,0,0,0,0,0,0,0,0,0,0,0,0,0,0
Nitto,N210-370,MOTIVO 245/50ZR19 105W XL 28.6,210370,https://images.wheelpros.com/m500/mNTMV.png,N2,0,351.00,0.00,04/26/2026 4:06:30 PM,10,0,0,0,0,0,0,0,0,0,0,0,0,0,0
Nitto,N210-380,MOTIVO 255/50ZR19 107W XL 29,210380,https://images.wheelpros.com/m500/mNTINV.png,N2,4,371.00,0.00,04/26/2026 4:06:30 PM,10,0,0,0,0,0,0,0,0,0,0,0,0,1,3
Nitto,N210-450,MOTIVO 315/35ZR20 110Y XL 28.5,210450,https://images.wheelpros.com/m500/mNTMV.png,N2,2,428.00,0.00,04/26/2026 4:06:30 PM,10,0,0,0,0,0,0,0,0,0,0,0,0,1,1
Nitto,N210-480,MOTIVO 245/45ZR20 103Y XL 28.7,210480,https://images.wheelpros.com/m500/mNTMV.png,N2,2,366.00,0.00,04/26/2026 4:06:30 PM,10,0,0,0,0,0,0,0,0,0,0,0,0,2,0
Nitto,N210-490,MOTIVO 255/45ZR20 105Y XL 29.2,210490,https://images.wheelpros.com/m500/mNTMV.png,N2,0,376.00,0.00,04/26/2026 4:06:30 PM,10,0,0,0,0,0,0,0,0,0,0,0,0,0,0
Nitto,N210-630,NT421Q 255/60R17 110V XL 29,210630,https://images.wheelpros.com/m500/mNT421.png,N2,0,297.00,0.00,04/26/2026 4:06:30 PM,10,0,0,0,0,0,0,0,0,0,0,0,0,0,0
Nitto,N210-640,NT421Q 225/65R17 106H XL 28.5,210640,https://images.wheelpros.com/m500/mNT421.png,N2,0,245.00,0.00,04/26/2026 4:06:30 PM,10,0,0,0,0,0,0,0,0,0,0,0,0,0,0
Nitto,N210-650,NT421Q 235/65R17 108H XL 29,210650,https://images.wheelpros.com/m500/mNT421.png,N2,0,252.00,0.00,04/26/2026 4:06:30 PM,10,0,0,0,0,0,0,0,0,0,0,0,0,0,0
Nitto,N210-690,NT421Q 255/55R18 109V XL 29,210690,https://images.wheelpros.com/m500/mNT421.png,N2,2,314.00,0.00,04/26/2026 4:06:30 PM,10,0,0,0,0,0,0,0,0,0,0,0,0,0,2
Nitto,N210-700,NT421Q 235/60R18 107W XL 29,210700,https://images.wheelpros.com/m500/mNT421.png,N2,7,286.00,0.00,04/26/2026 4:06:30 PM,10,0,0,0,0,0,0,0,0,0,0,0,0,3,4
Nitto,N210-770,NT421Q 255/50R19 107V XL 29,210770,https://images.wheelpros.com/m500/mNT421.png,N2,0,354.00,0.00,04/26/2026 4:06:30 PM,10,0,0,0,0,0,0,0,0,0,0,0,0,0,0
Nitto,N210-780,NT421Q 265/50R19 110V XL 29.4,210780,https://images.wheelpros.com/m500/mNT421.png,N2,0,379.00,0.00,04/26/2026 4:06:30 PM,10,0,0,0,0,0,0,0,0,0,0,0,0,0,0
Nitto,N210-830,NT421Q 275/40R20 106W XL 28.6,210830,https://images.wheelpros.com/m500/mNT421.png,N2,2,370.00,0.00,04/26/2026 4:06:30 PM,10,0,0,0,0,0,0,0,0,0,0,0,0,0,2
Nitto,N210-950,NT421Q 225/55R19 103V XL 28.7,210950,https://images.wheelpros.com/m500/mNT421.png,N2,1,329.00,0.00,04/26/2026 4:06:30 PM,10,0,0,0,0,0,0,0,0,0,0,0,0,1,0
Nitto,N211-070,NT555 G2 245/45ZR20 103W XL 28.6,211070,https://assets.wheelpros.com/transform/1b3cc3ae-132f-4a50-b2f7-7a1d5efc78c0/Nitto-NT555-G2_Standard-png?size=500,ST,22,384.00,0.00,04/26/2026 4:06:30 PM,10,16,2,2,0,0,0,0,0,0,0,0,0,2,0
Nitto,N211-100,NT555 G2 275/40ZR20 106W XL 28.6,211100,https://assets.wheelpros.com/transform/1b3cc3ae-132f-4a50-b2f7-7a1d5efc78c0/Nitto-NT555-G2_Standard-png?size=500,ST,18,439.00,0.00,04/26/2026 4:06:30 PM,10,0,2,0,0,0,0,0,0,0,0,0,0,16,0
Nitto,N211-140,NT555 G2 255/45ZR20 105W XL 29,211140,https://assets.wheelpros.com/transform/1b3cc3ae-132f-4a50-b2f7-7a1d5efc78c0/Nitto-NT555-G2_Standard-png?size=500,ST,15,403.00,0.00,04/26/2026 4:06:30 PM,10,10,4,0,1,0,0,0,0,0,0,0,0,0,0
Nitto,N211-200,NT555 G2 315/35ZR20 110W XL 28.6,211200,https://assets.wheelpros.com/transform/1b3cc3ae-132f-4a50-b2f7-7a1d5efc78c0/Nitto-NT555-G2_Standard-png?size=500,ST,17,566.00,0.00,04/26/2026 4:06:30 PM,10,0,0,0,0,0,0,0,0,0,0,0,0,16,1
Nitto,N211-270,NT555 G2 295/40ZR20 110W XL 29.2,211270,https://assets.wheelpros.com/transform/1b3cc3ae-132f-4a50-b2f7-7a1d5efc78c0/Nitto-NT555-G2_Standard-png?size=500,ST,8,489.00,0.00,04/26/2026 4:06:30 PM,10,0,0,2,0,0,0,0,0,0,0,0,0,6,0
Nitto,N211-770,NT555 G2 265/35ZR22 102W XL 29.3,211770,https://assets.wheelpros.com/transform/1b3cc3ae-132f-4a50-b2f7-7a1d5efc78c0/Nitto-NT555-G2_Standard-png?size=500,ST,8,473.00,0.00,04/26/2026 4:06:30 PM,10,6,2,0,0,0,0,0,0,0,0,0,0,0,0
Nitto,N211-850,NT555 G2 295/30ZR22 103W XL 29,211850,https://assets.wheelpros.com/transform/1b3cc3ae-132f-4a50-b2f7-7a1d5efc78c0/Nitto-NT555-G2_Standard-png?size=500,ST,11,594.00,0.00,04/26/2026 4:06:30 PM,10,0,3,2,0,0,0,0,0,0,0,0,0,6,0
Nitto,N211-970,NOMAD GRAP 265/45R20 108H XL 29.3,211970,https://assets.wheelpros.com/transform/728fb739-8007-4c06-bd8b-96a0b6519ade/NITTO-NOMAD-GRAPPLER_STANDARD-png?size=500,ST,0,428.00,0.00,04/26/2026 4:06:30 PM,10,0,0,0,0,0,0,0,0,0,0,0,0,0,0
Nitto,N212-040,NOMAD GRAP 255/45R20 105V XL 29,212040,https://assets.wheelpros.com/transform/728fb739-8007-4c06-bd8b-96a0b6519ade/NITTO-NOMAD-GRAPPLER_STANDARD-png?size=500,ST,0,409.00,0.00,04/26/2026 4:06:30 PM,10,0,0,0,0,0,0,0,0,0,0,0,0,0,0
Nitto,N212-070,NOMAD GRAP 235/65R17 108H XL 29,212070,https://assets.wheelpros.com/transform/728fb739-8007-4c06-bd8b-96a0b6519ade/NITTO-NOMAD-GRAPPLER_STANDARD-png?size=500,ST,0,278.00,0.00,04/26/2026 4:06:30 PM,10,0,0,0,0,0,0,0,0,0,0,0,0,0,0
Nitto,N212-080,NOMAD GRAP 235/60R18 107V XL 29,212080,https://assets.wheelpros.com/transform/728fb739-8007-4c06-bd8b-96a0b6519ade/NITTO-NOMAD-GRAPPLER_STANDARD-png?size=500,ST,0,314.00,0.00,04/26/2026 4:06:30 PM,10,0,0,0,0,0,0,0,0,0,0,0,0,0,0
Nitto,N212-100,NOMAD GRAP 225/65R17 106H XL 28.5,212100,https://assets.wheelpros.com/transform/728fb739-8007-4c06-bd8b-96a0b6519ade/NITTO-NOMAD-GRAPPLER_STANDARD-png?size=500,ST,8,269.00,0.00,04/26/2026 4:06:30 PM,10,0,8,0,0,0,0,0,0,0,0,0,0,0,0
Nitto,N212-150,NOMAD GRAP 225/60R18 104H XL 28.6,212150,https://assets.wheelpros.com/transform/728fb739-8007-4c06-bd8b-96a0b6519ade/NITTO-NOMAD-GRAPPLER_STANDARD-png?size=500,ST,0,317.00,0.00,04/26/2026 4:06:30 PM,10,0,0,0,0,0,0,0,0,0,0,0,0,0,0
Nitto,N212-270,NOMAD GRAP 255/55R18 109H XL 29,212270,https://assets.wheelpros.com/transform/728fb739-8007-4c06-bd8b-96a0b6519ade/NITTO-NOMAD-GRAPPLER_STANDARD-png?size=500,ST,0,343.00,0.00,04/26/2026 4:06:30 PM,10,0,0,0,0,0,0,0,0,0,0,0,0,0,0
Nitto,N212-350,NOMAD GRAP 245/45R20 103H XL 28.6,212350,https://assets.wheelpros.com/transform/728fb739-8007-4c06-bd8b-96a0b6519ade/NITTO-NOMAD-GRAPPLER_STANDARD-png?size=500,ST,4,408.00,0.00,04/26/2026 4:06:30 PM,10,0,4,0,0,0,0,0,0,0,0,0,0,0,0
Nitto,N212-450,NOM GRAP 225/55R19 103/V XL 28.78,212450,https://assets.wheelpros.com/transform/728fb739-8007-4c06-bd8b-96a0b6519ade/NITTO-NOMAD-GRAPPLER_STANDARD-png?size=500,NW,0,265.00,0.00,04/26/2026 4:06:30 PM,10,0,0,0,0,0,0,0,0,0,0,0,0,0,0
Nitto,N213-120,NT90W 275/45R19 103T 28.74,213120,https://images.wheelpros.com/m500/mNT90W.png,N2,10,307.00,0.00,04/26/2026 4:06:30 PM,10,0,0,0,0,0,0,0,0,0,0,0,0,10,0
Nitto,N213-710,NT90W 285/45R19 107T 29.1,213710,https://images.wheelpros.com/m500/mNT90W.png,N2,14,323.00,0.00,04/26/2026 4:06:30 PM,10,0,0,0,0,0,0,0,0,0,0,0,0,14,0
Nitto,N215-500,NTGA2 255/55R18 118S 29.02,215500,https://images.wheelpros.com/m500/mNTGA2.png,N2,0,301.00,0.00,04/26/2026 4:06:30 PM,10,0,0,0,0,0,0,0,0,0,0,0,0,0,0
Nitto,N217-850,RIDGE GRAP 255/55R18 109T XL 29,217850,https://assets.wheelpros.com/transform/8cd67eb1-99b1-477c-b4b6-3c7d11774b70/Nitto-RidgeGrappler_Standard-png?size=500,ST,28,424.00,0.00,04/26/2026 4:06:30 PM,10,16,8,0,0,0,0,4,0,0,0,0,0,0,0
Nitto,N224-360,TER GRAP G3 225/65R17 106/T 28.5,224-360,https://images.wheelpros.com/m500/mNTGRT.png,NW,4,285.00,0.00,04/26/2026 4:06:30 PM,10,0,4,0,0,0,0,0,0,0,0,0,0,0,0
Nitto,N261-210,MOTIVO 365 315/35R20XL 110W 28.66,261210,https://assets.wheelpros.com/transform/f90000ba-70b3-40f7-99fe-4ab4bbcd47df/NITTO-MOTIVO-356-A1-png?size=500,ST,8,515.00,0.00,04/26/2026 4:06:30 PM,10,0,0,0,0,0,0,0,4,0,0,0,0,2,2
Nitto,N261-270,MOTIVO 365-245/45R20 103W XL 28.6,261270,https://assets.wheelpros.com/transform/f90000ba-70b3-40f7-99fe-4ab4bbcd47df/NITTO-MOTIVO-356-A1-png?size=500,ST,0,340.00,0.00,04/26/2026 4:06:30 PM,10,0,0,0,0,0,0,0,0,0,0,0,0,0,0
Nitto,N261-280,MOTIVO 365 275/40R20XL 106W 28.66,261280,https://assets.wheelpros.com/transform/f90000ba-70b3-40f7-99fe-4ab4bbcd47df/NITTO-MOTIVO-356-A1-png?size=500,ST,4,423.00,0.00,04/26/2026 4:06:30 PM,10,2,2,0,0,0,0,0,0,0,0,0,0,0,0
Nitto,N261-290,MOTIVO 365 255/45R20 105W XL 29.06,261290,https://assets.wheelpros.com/transform/f90000ba-70b3-40f7-99fe-4ab4bbcd47df/NITTO-MOTIVO-356-A1-png?size=500,NW,0,356.00,0.00,04/26/2026 4:06:30 PM,10,0,0,0,0,0,0,0,0,0,0,0,0,0,0
Nitto,N261-310,MOTIVO 365 235/65R17 108V XL 29.06,261310,https://assets.wheelpros.com/transform/f90000ba-70b3-40f7-99fe-4ab4bbcd47df/NITTO-MOTIVO-356-A1-png?size=500,NW,4,243.00,0.00,04/26/2026 4:06:30 PM,10,0,4,0,0,0,0,0,0,0,0,0,0,0,0
Nitto,N261-380,MOTIVO 365 245/55R18 107W XL 28.62,261380,https://assets.wheelpros.com/transform/f90000ba-70b3-40f7-99fe-4ab4bbcd47df/NITTO-MOTIVO-356-A1-png?size=500,ST,6,290.00,0.00,04/26/2026 4:06:30 PM,10,6,0,0,0,0,0,0,0,0,0,0,0,0,0
Nitto,N261-390,MOTIVO 365 235/55R19 105V XL 29.17,261390,https://assets.wheelpros.com/transform/f90000ba-70b3-40f7-99fe-4ab4bbcd47df/NITTO-MOTIVO-356-A1-png?size=500,ST,0,295.00,0.00,04/26/2026 4:06:30 PM,10,0,0,0,0,0,0,0,0,0,0,0,0,0,0
Nitto,N261-560,MOTIVO 365 225/60R18XL 104V 28.62,261560,https://assets.wheelpros.com/transform/f90000ba-70b3-40f7-99fe-4ab4bbcd47df/NITTO-MOTIVO-356-A1-png?size=500,ST,2,263.00,0.00,04/26/2026 4:06:30 PM,10,2,0,0,0,0,0,0,0,0,0,0,0,0,0
Nitto,N261-680,MOTIVO 365 265/50R19XL 110V 29.49,261680,https://assets.wheelpros.com/transform/f90000ba-70b3-40f7-99fe-4ab4bbcd47df/NITTO-MOTIVO-356-A1-png?size=500,ST,4,340.00,0.00,04/26/2026 4:06:30 PM,10,0,0,0,0,0,0,0,0,0,0,0,0,4,0
Nitto,N261-730,MOTIVO 365 225/55R19 103V XL 28.78,261730,https://assets.wheelpros.com/transform/f90000ba-70b3-40f7-99fe-4ab4bbcd47df/NITTO-MOTIVO-356-A1-png?size=500,ST,20,290.00,0.00,04/26/2026 4:06:30 PM,10,4,0,0,4,0,0,0,0,0,0,0,0,12,0
Nitto,N261-800,MOTIVO 365 225/65R17XL 106V 28.5,261800,https://assets.wheelpros.com/transform/f90000ba-70b3-40f7-99fe-4ab4bbcd47df/NITTO-MOTIVO-356-A1-png?size=500,ST,8,228.00,0.00,04/26/2026 4:06:30 PM,10,0,4,0,0,0,0,0,0,0,0,0,0,4,0
Nitto,N261-840,MOTIVO 365 235/60R18 107V XL 29.09,261840,https://assets.wheelpros.com/transform/f90000ba-70b3-40f7-99fe-4ab4bbcd47df/NITTO-MOTIVO-356-A1-png?size=500,ST,4,265.00,0.00,04/26/2026 4:06:30 PM,10,0,4,0,0,0,0,0,0,0,0,0,0,0,0
Fuel Tires,RFHT25555R18,255/55R18 FUEL FORMULA-1 2555518,RFHT25555R18,,N2,3,237.00,0.00,04/26/2026 4:06:30 PM,10,0,0,0,0,0,0,0,0,0,0,0,0,3,0
Fuel Tires,RFNT23570R16W,LT235/65R17BIG/BLDR WHT LG GRPMT 2356517,RFNT23570R16W,,N2,0,242.00,0.00,04/26/2026 4:06:30 PM,10,0,0,0,0,0,0,0,0,0,0,0,0,0,0
Uniroyal,UNI01337,TIGER PAW TOUR 235/55R19 101H 29.17,01337,https://images.wheelpros.com/m500/mUNTIGJ.png,ST,0,241.00,0.00,04/26/2026 4:06:30 PM,10,0,0,0,0,0,0,0,0,0,0,0,0,0,0
Uniroyal,UNI02543,POWER PAW 245/50ZR19 105W XL 28.7,02543,https://images.wheelpros.com/m500/mUNPOWA.png,ST,0,245.00,0.00,04/26/2026 4:06:30 PM,10,0,0,0,0,0,0,0,0,0,0,0,0,0,0
Uniroyal,UNI04753,TIGER PAW TOUR 235/60R18 103V 29.09,04753,https://images.wheelpros.com/m500/mUNTIGJ.png,ST,0,203.00,0.00,04/26/2026 4:06:30 PM,10,0,0,0,0,0,0,0,0,0,0,0,0,0,0
Uniroyal,UNI10000,TIGER PAW TOUR 235/60R18 103H 29.09,10000,https://images.wheelpros.com/m500/mUNTIGJ.png,ST,0,215.00,0.00,04/26/2026 4:06:30 PM,10,0,0,0,0,0,0,0,0,0,0,0,0,0,0
Uniroyal,UNI17129,TIGER PAW TOUR 225/55R19 99V 28.78,17129,https://images.wheelpros.com/m500/mUNTIGJ.png,ST,0,267.00,0.00,04/26/2026 4:06:30 PM,10,0,0,0,0,0,0,0,0,0,0,0,0,0,0
Uniroyal,UNI18728,LAREDO CC TOUR 225/75R16 108T XL 29.29,18728,https://images.wheelpros.com/m500/mUNLARH.png,ST,0,205.00,0.00,04/26/2026 4:06:30 PM,10,0,0,0,0,0,0,0,0,0,0,0,0,0,0
Uniroyal,UNI25838,TIGER PAW TOUR 255/50R19 107V XL 29.09,25838,https://images.wheelpros.com/m500/mUNTIGJ.png,ST,0,290.00,0.00,04/26/2026 4:06:30 PM,10,0,0,0,0,0,0,0,0,0,0,0,0,0,0
Uniroyal,UNI26161,TIGER PAW TOUR 225/65R17 102H 28.5,26161,https://images.wheelpros.com/m500/mUNTIGJ.png,ST,0,179.00,0.00,04/26/2026 4:06:30 PM,10,0,0,0,0,0,0,0,0,0,0,0,0,0,0
Uniroyal,UNI26410,POWER PAW 255/45ZR20 101Y 29.06,26410,https://images.wheelpros.com/m500/mUNPOWA.png,ST,0,278.00,0.00,04/26/2026 4:06:30 PM,10,0,0,0,0,0,0,0,0,0,0,0,0,0,0
Uniroyal,UNI30700,TIGER PAW TOUR 265/40R21 105V XL 29.33,30700,https://images.wheelpros.com/m500/mUNTIGJ.png,ST,0,431.00,0.00,04/26/2026 4:06:30 PM,10,0,0,0,0,0,0,0,0,0,0,0,0,0,0
Uniroyal,UNI31514,LAREDO CC TOUR P235/60R18 102T 29.1,31514,https://images.wheelpros.com/m500/mUNLARH.png,ST,0,249.00,0.00,04/26/2026 4:06:30 PM,10,0,0,0,0,0,0,0,0,0,0,0,0,0,0
Uniroyal,UNI34634,TIGER PAW TOUR 225/60R18 100H 28.62,34634,https://images.wheelpros.com/m500/mUNTIGJ.png,ST,0,189.00,0.00,04/26/2026 4:06:30 PM,10,0,0,0,0,0,0,0,0,0,0,0,0,0,0
Uniroyal,UNI35742,POWER PAW 245/45ZR20 103Y XL 28.66,35742,https://images.wheelpros.com/m500/mUNPOWA.png,ST,0,294.00,0.00,04/26/2026 4:06:30 PM,10,0,0,0,0,0,0,0,0,0,0,0,0,0,0
Uniroyal,UNI40065,LAREDO CC TOUR P235/65R17 103T 29.1,40065,https://images.wheelpros.com/m500/mUNLARH.png,ST,0,245.00,0.00,04/26/2026 4:06:30 PM,10,0,0,0,0,0,0,0,0,0,0,0,0,0,0
Uniroyal,UNI40680,TIGER PAW TOUR 255/55R18 105V 29.02,40680,https://images.wheelpros.com/m500/mUNTIGJ.png,ST,0,280.00,0.00,04/26/2026 4:06:30 PM,10,0,0,0,0,0,0,0,0,0,0,0,0,0,0
Uniroyal,UNI48950,POWER PAW 295/35ZR21 107Y XL 29.09,48950,https://images.wheelpros.com/m500/mUNPOWA.png,ST,0,367.00,0.00,04/26/2026 4:06:30 PM,10,0,0,0,0,0,0,0,0,0,0,0,0,0,0
Uniroyal,UNI49521,TIGER PAW TOUR 235/55R19 101V 29.17,49521,https://images.wheelpros.com/m500/mUNTIGJ.png,ST,0,249.00,0.00,04/26/2026 4:06:30 PM,10,0,0,0,0,0,0,0,0,0,0,0,0,0,0
Uniroyal,UNI56182,LAREDO CC TOUR 235/70R16 106T 29,56182,https://images.wheelpros.com/m500/mUNLARH.png,ST,0,196.00,0.00,04/26/2026 4:06:30 PM,10,0,0,0,0,0,0,0,0,0,0,0,0,0,0
Uniroyal,UNI58228,TIGER PAW TOUR 225/60R18 100V 28.62,58228,https://images.wheelpros.com/m500/mUNTIGJ.png,ST,0,197.00,0.00,04/26/2026 4:06:30 PM,10,0,0,0,0,0,0,0,0,0,0,0,0,0,0
Uniroyal,UNI58334,POWER PAW 225/60ZR18 100W 28.62,58334,https://images.wheelpros.com/m500/mUNPOWA.png,ST,0,236.00,0.00,04/26/2026 4:06:30 PM,10,0,0,0,0,0,0,0,0,0,0,0,0,0,0
Uniroyal,UNI58689,TIGER PAW TOUR 245/45R20 99V 28.66,58689,https://images.wheelpros.com/m500/mUNTIGJ.png,ST,0,295.00,0.00,04/26/2026 4:06:30 PM,10,0,0,0,0,0,0,0,0,0,0,0,0,0,0
Uniroyal,UNI64935,LAREDO CC TOUR 225/65R17 102T 28.5,64935,https://images.wheelpros.com/m500/mUNLARH.png,ST,0,230.00,0.00,04/26/2026 4:06:30 PM,10,0,0,0,0,0,0,0,0,0,0,0,0,0,0
Uniroyal,UNI82554,TIGER PAW TOUR 255/55R18 105H 29.02,82554,https://images.wheelpros.com/m500/mUNTIGJ.png,ST,0,270.00,0.00,04/26/2026 4:06:30 PM,10,0,0,0,0,0,0,0,0,0,0,0,0,0,0
Uniroyal,UNI89085,TIGER PAW TOUR 235/65R17 104H 29.06,89085,https://images.wheelpros.com/m500/mUNTIGJ.png,ST,0,208.00,0.00,04/26/2026 4:06:30 PM,10,0,0,0,0,0,0,0,0,0,0,0,0,0,0
Uniroyal,UNI93651,POWER PAW 245/55ZR18 103W 28.62,93651,https://images.wheelpros.com/m500/mUNPOWA.png,ST,0,233.00,0.00,04/26/2026 4:06:30 PM,10,0,0,0,0,0,0,0,0,0,0,0,0,0,0
Uniroyal,UNI97570,LAREDO CC TOUR 235/75R15 109T XL 28.8,97570,https://images.wheelpros.com/m500/mUNLARH.png,ST,0,201.00,0.00,04/26/2026 4:06:30 PM,10,0,0,0,0,0,0,0,0,0,0,0,0,0,0
Falken,F28041117,ZIEX CT60 245/60R18 105V SL 29.5,28041117,https://assets.wheelpros.com/transform/9439da7c-0b3d-4cb7-af91-94035543a283/FALKEN-ZIEX-CT60-AS_Standard-png?size=500,SO,1,334.00,0.00,04/26/2026 4:06:30 PM,10,0,0,0,0,1,0,0,0,0,0,0,0,0,0
Falken,F28041812,ZIEX CT60 255/60R18 108H SL 30,28041812,https://assets.wheelpros.com/transform/9439da7c-0b3d-4cb7-af91-94035543a283/FALKEN-ZIEX-CT60-AS_Standard-png?size=500,ST,0,359.00,0.00,04/26/2026 4:06:30 PM,10,0,0,0,0,0,0,0,0,0,0,0,0,0,0
Falken,F28042016,ZIEX CT60 275/45R20 110V XL 30,28042016,https://assets.wheelpros.com/transform/9439da7c-0b3d-4cb7-af91-94035543a283/FALKEN-ZIEX-CT60-AS_Standard-png?size=500,ST,0,351.00,0.00,04/26/2026 4:06:30 PM,10,0,0,0,0,0,0,0,0,0,0,0,0,0,0
Falken,F28042943,ZIEX CT60 255/55R19 111V XL 30,28042943,https://assets.wheelpros.com/transform/9439da7c-0b3d-4cb7-af91-94035543a283/FALKEN-ZIEX-CT60-AS_Standard-png?size=500,ST,0,420.00,0.00,04/26/2026 4:06:30 PM,10,0,0,0,0,0,0,0,0,0,0,0,0,0,0
Falken,F28043623,ZIEX CT60 255/50R20 109V XL 30,28043623,https://assets.wheelpros.com/transform/9439da7c-0b3d-4cb7-af91-94035543a283/FALKEN-ZIEX-CT60-AS_Standard-png?size=500,SO,2,379.00,0.00,04/26/2026 4:06:30 PM,10,0,0,0,0,0,0,0,2,0,0,0,0,0,0
Falken,F28044742,ZIEX CT60 235/65R18 106V SL 30,28044742,https://assets.wheelpros.com/transform/9439da7c-0b3d-4cb7-af91-94035543a283/FALKEN-ZIEX-CT60-AS_Standard-png?size=500,SO,0,301.00,0.00,04/26/2026 4:06:30 PM,10,0,0,0,0,0,0,0,0,0,0,0,0,0,0
Falken,F28045726,ZIEX CT60 265/50R20 111V XL 30.4,28045726,https://assets.wheelpros.com/transform/9439da7c-0b3d-4cb7-af91-94035543a283/FALKEN-ZIEX-CT60-AS_Standard-png?size=500,SO,0,372.00,0.00,04/26/2026 4:06:30 PM,10,0,0,0,0,0,0,0,0,0,0,0,0,0,0
Falken,F28047020,ZIEX CT60 245/55R19 103V SL 29.6,28047020,https://assets.wheelpros.com/transform/9439da7c-0b3d-4cb7-af91-94035543a283/FALKEN-ZIEX-CT60-AS_Standard-png?size=500,SO,0,368.00,0.00,04/26/2026 4:06:30 PM,10,0,0,0,0,0,0,0,0,0,0,0,0,0,0
Falken,F28047317,ZIEX CT60 255/55R19 107V SL 30,28047317,https://assets.wheelpros.com/transform/9439da7c-0b3d-4cb7-af91-94035543a283/FALKEN-ZIEX-CT60-AS_Standard-png?size=500,SO,0,454.00,0.00,04/26/2026 4:06:30 PM,10,0,0,0,0,0,0,0,0,0,0,0,0,0,0
Falken,F28048062,ZIEX CT60 235/55R20 102V SL 30.1,28048062,https://assets.wheelpros.com/transform/9439da7c-0b3d-4cb7-af91-94035543a283/FALKEN-ZIEX-CT60-AS_Standard-png?size=500,SO,0,328.00,0.00,04/26/2026 4:06:30 PM,10,0,0,0,0,0,0,0,0,0,0,0,0,0,0
Falken,F28048659,ZIEX CT60 245/50R20 102V SL 29.6,28048659,https://assets.wheelpros.com/transform/9439da7c-0b3d-4cb7-af91-94035543a283/FALKEN-ZIEX-CT60-AS_Standard-png?size=500,SO,0,334.00,0.00,04/26/2026 4:06:30 PM,10,0,0,0,0,0,0,0,0,0,0,0,0,0,0
Falken,F28051016,ZIEX STZ05 275/45R20 110H XL 29.69,28051016,https://images.wheelpros.com/m500/mFTZ05.png,N2,1,379.00,0.00,04/26/2026 4:06:30 PM,10,0,0,0,0,1,0,0,0,0,0,0,0,0,0
Falken,F28063016,AZENIS FK510 SUV 275/45R20 110W XL 29.9,28063016,https://images.wheelpros.com/m500/mFK510.png,SO,0,291.00,0.00,04/26/2026 4:06:30 PM,10,0,0,0,0,0,0,0,0,0,0,0,0,0,0
Falken,F28065587,AZENIS FK510 SUV 265/45R20 108Y XL 29.5,28065587,https://images.wheelpros.com/m500/mFK510.png,SO,0,344.00,0.00,04/26/2026 4:06:30 PM,10,0,0,0,0,0,0,0,0,0,0,0,0,0,0
Falken,F28065987,AZENIS FK510 SUV 265/50R19 110Y XL 29.6,28065987,https://images.wheelpros.com/m500/mFK510.png,SO,0,427.00,0.00,04/26/2026 4:06:30 PM,10,0,0,0,0,0,0,0,0,0,0,0,0,0,0
Falken,F28103550,AZENIS FK460 SC 275/45ZR20 110W 29.8,28103550,https://images.wheelpros.com/m500/mFAZENC.png,NW,0,364.00,0.00,04/26/2026 4:06:30 PM,10,0,0,0,0,0,0,0,0,0,0,0,0,0,0
Falken,F28103890,AZENIS FK460 SC 285/35ZR22 106Y 30,28103890,https://images.wheelpros.com/m500/mFAZENC.png,NW,0,457.00,0.00,04/26/2026 4:06:30 PM,10,0,0,0,0,0,0,0,0,0,0,0,0,0,0
Falken,F28105016,AZENIS FK460 275/45R20 110Y XL 29.8,28105016,,ST,0,342.00,0.00,04/26/2026 4:06:30 PM,10,0,0,0,0,0,0,0,0,0,0,0,0,0,0
Falken,F28105222,AZENIS FK460 285/35R22 106Y XL 30,28105222,https://images.wheelpros.com/m500/mTIRE.png,NW,0,421.00,0.00,04/26/2026 4:06:30 PM,10,0,0,0,0,0,0,0,0,0,0,0,0,0,0
Falken,F28105285,AZENIS FK460 245/50R20 105Y XL 29.7,28105285,https://images.wheelpros.com/m500/mTIRE.png,NW,0,390.00,0.00,04/26/2026 4:06:30 PM,10,0,0,0,0,0,0,0,0,0,0,0,0,0,0
Falken,F28391235,AKLIMATE 245/65R17 107H SL 29.5,28391235,https://images.wheelpros.com/m500/mTIRE.png,NW,0,248.00,0.00,04/26/2026 4:06:30 PM,10,0,0,0,0,0,0,0,0,0,0,0,0,0,0
Falken,F28391517,AKLIMATE 245/55R19 103H SL 29.6,28391517,https://images.wheelpros.com/m500/mTIRE.png,NW,0,326.00,0.00,04/26/2026 4:06:30 PM,10,0,0,0,0,0,0,0,0,0,0,0,0,0,0
Falken,F28392202,AKLIMATE 235/65R18 106V SL 30,28392202,https://images.wheelpros.com/m500/mTIRE.png,NW,0,281.00,0.00,04/26/2026 4:06:30 PM,10,0,0,0,0,0,0,0,0,0,0,0,0,0,0
Falken,F28392474,AKLIMATE 275/45R20 110V XL 29.8,28392474,https://images.wheelpros.com/m500/mTIRE.png,NW,0,318.00,0.00,04/26/2026 4:06:30 PM,10,0,0,0,0,0,0,0,0,0,0,0,0,0,0
Falken,F28392599,AKLIMATE 245/50R20 102V SL 29.7,28392599,https://images.wheelpros.com/m500/mTIRE.png,NW,0,306.00,0.00,04/26/2026 4:06:30 PM,10,0,0,0,0,0,0,0,0,0,0,0,0,0,0
Falken,F28392721,AKLIMATE 235/55R20 102V SL 30.2,28392721,https://images.wheelpros.com/m500/mTIRE.png,NW,0,300.00,0.00,04/26/2026 4:06:30 PM,10,0,0,0,0,0,0,0,0,0,0,0,0,0,0
Falken,F28392807,AKLIMATE 255/55R19 111V XL 30,28392807,https://images.wheelpros.com/m500/mTIRE.png,NW,0,362.00,0.00,04/26/2026 4:06:30 PM,10,0,0,0,0,0,0,0,0,0,0,0,0,0,0
Falken,F28392853,AKLIMATE 245/60R18 105V SL 29.6,28392853,https://images.wheelpros.com/m500/mTIRE.png,NW,0,285.00,0.00,04/26/2026 4:06:30 PM,10,0,0,0,0,0,0,0,0,0,0,0,0,0,0
Falken,F28392899,AKLIMATE 255/50R20 109V XL 30.1,28392899,https://images.wheelpros.com/m500/mTIRE.png,NW,0,315.00,0.00,04/26/2026 4:06:30 PM,10,0,0,0,0,0,0,0,0,0,0,0,0,0,0
Falken,F28516312,WDPEAK MT LT30X9.50R15 104Q C 29.57,28516312,https://images.wheelpros.com/m500/mFWPMT.png,SO,8,313.00,0.00,04/26/2026 4:06:30 PM,10,0,0,0,0,0,0,0,0,0,0,0,0,8,0
Falken,F28516628,WDPEAK MT LT245/75R16 120/116Q E 30.4,28516628,https://images.wheelpros.com/m500/mFWPMT.png,SO,2,399.00,0.00,04/26/2026 4:06:30 PM,10,2,0,0,0,0,0,0,0,0,0,0,0,0,0
Falken,F28711768,WDPEAK AT TRL 245/65R17 107H SL 29.5,28711768,https://images.wheelpros.com/m500/mFTWPK.png,SO,4,252.00,0.00,04/26/2026 4:06:30 PM,10,0,0,0,0,0,0,0,0,0,0,0,0,4,0
Falken,F28712016,WDPEAK AT TRL 275/45R20 110V XL 29.8,28712016,https://images.wheelpros.com/m500/mTIRE.png,NW,0,323.00,0.00,04/26/2026 4:06:30 PM,10,0,0,0,0,0,0,0,0,0,0,0,0,0,0
Falken,F28712026,WDPEAK AT TRL 245/50R20 102V SL 29.8,28712026,https://images.wheelpros.com/m500/mFTWPK.png,SO,0,295.00,0.00,04/26/2026 4:06:30 PM,10,0,0,0,0,0,0,0,0,0,0,0,0,0,0
Falken,F28712031,WDPEAK AT TRL 235/55R20 102V SL 30.2,28712031,https://images.wheelpros.com/m500/mFTWPK.png,SO,0,317.00,0.00,04/26/2026 4:06:30 PM,10,0,0,0,0,0,0,0,0,0,0,0,0,0,0
Falken,F28712588,WDPEAK AT TRL 265/45R21 108V XL 30..4,28712588,https://images.wheelpros.com/m500/mFTWPK.png,SO,0,333.00,0.00,04/26/2026 4:06:30 PM,10,0,0,0,0,0,0,0,0,0,0,0,0,0,0
Falken,F28712811,WDPEAK AT TRL 245/60R18 105H SL 29.7,28712811,https://images.wheelpros.com/m500/mFTWPK.png,SO,0,287.00,0.00,04/26/2026 4:06:30 PM,10,0,0,0,0,0,0,0,0,0,0,0,0,0,0
Falken,F28712814,WDPEAK AT TRL 245/55R19 103V SL 29.7,28712814,https://images.wheelpros.com/m500/mFTWPK.png,SO,0,328.00,0.00,04/26/2026 4:06:30 PM,10,0,0,0,0,0,0,0,0,0,0,0,0,0,0
Falken,F28712815,WDPEAK AT TRL 235/65R18 106H SL 30.2,28712815,https://images.wheelpros.com/m500/mFTWPK.png,SO,4,295.00,0.00,04/26/2026 4:06:30 PM,10,0,0,0,0,0,0,0,0,0,0,0,0,4,0
Falken,F28712943,WDPEAK AT TRL 255/55R19 111V XL 30,28712943,https://images.wheelpros.com/m500/mFTWPK.png,SO,0,364.00,0.00,04/26/2026 4:06:30 PM,10,0,0,0,0,0,0,0,0,0,0,0,0,0,0
Falken,F28712946,WDPEAK AT TRL 255/50R20 109V XL 30.1,28712946,https://images.wheelpros.com/m500/mFTWPK.png,SO,0,310.00,0.00,04/26/2026 4:06:30 PM,10,0,0,0,0,0,0,0,0,0,0,0,0,0,0
Falken,F28820494,WDPEAK HT02 LT245/75R16 120/116S E 30.5,28820494,https://images.wheelpros.com/m500/mFTWPK.png,SO,0,269.00,0.00,04/26/2026 4:06:30 PM,10,0,0,0,0,0,0,0,0,0,0,0,0,0,0
Falken,F28820608,WDPEAK HT02 245/75R16 111T SL 30.5,28820608,https://images.wheelpros.com/m500/mFTWPK.png,SO,0,213.00,0.00,04/26/2026 4:06:30 PM,10,0,0,0,0,0,0,0,0,0,0,0,0,0,0
Falken,F28824604,WDPEAK HT02 245/70R16 107T SL 29.5,28824604,https://images.wheelpros.com/m500/mFTWPK.png,SO,0,208.00,0.00,04/26/2026 4:06:30 PM,10,0,0,0,0,0,0,0,0,0,0,0,0,0,0
Falken,F28824605,WDPEAK HT02 255/70R16 111T SL 30.1,28824605,https://images.wheelpros.com/m500/mFTWPK.png,SO,0,215.00,0.00,04/26/2026 4:06:30 PM,10,0,0,0,0,0,0,0,0,0,0,0,0,0,0
Falken,F28824610,WDPEAK HT02 235/75R16 112T XL 29.8,28824610,https://images.wheelpros.com/m500/mFTWPK.png,SO,0,212.00,0.00,04/26/2026 4:06:30 PM,10,0,0,0,0,0,0,0,0,0,0,0,0,0,0
Falken,F28824713,WDPEAK HT02 255/65R17 110T SL 30.1,28824713,https://images.wheelpros.com/m500/mFTWPK.png,SO,0,257.00,0.00,04/26/2026 4:06:30 PM,10,0,0,0,0,0,0,0,0,0,0,0,0,0,0
Falken,F28824768,WDPEAK HT02 245/65R17 107T SL 29.5,28824768,https://images.wheelpros.com/m500/mFTWPK.png,SO,0,236.00,0.00,04/26/2026 4:06:30 PM,10,0,0,0,0,0,0,0,0,0,0,0,0,0,0
Falken,F28827464,WDPEAK HT02 LT215/85R16 115/112R E 30.4,28827464,https://images.wheelpros.com/m500/mFTWPK.png,SO,0,259.00,0.00,04/26/2026 4:06:30 PM,10,0,0,0,0,0,0,0,0,0,0,0,0,0,0
Falken,F28840112,WDPEAK AT4W LT30X9.50R15 104S C 30,28840112,https://images.wheelpros.com/m500/mFTWPK4.png,ST,0,246.00,0.00,04/26/2026 4:06:30 PM,10,0,0,0,0,0,0,0,0,0,0,0,0,0,0
Falken,F28840628,WDPEAK AT4W LT245/75R16 120/116S E 30.3,28840628,https://images.wheelpros.com/m500/mFTWPK4.png,ST,24,287.00,0.00,04/26/2026 4:06:30 PM,10,0,0,0,0,0,0,0,0,0,0,0,0,16,8
Falken,F28844657,WDPEAK AT4W 255/70R16 115T XL 30.1,28844657,https://images.wheelpros.com/m500/mFTWPK4.png,ST,0,256.00,0.00,04/26/2026 4:06:30 PM,10,0,0,0,0,0,0,0,0,0,0,0,0,0,0
Falken,F28844713,WDPEAK AT4W 255/65R17 114T XL 30.1,28844713,https://images.wheelpros.com/m500/mFTWPK4.png,ST,0,293.00,0.00,04/26/2026 4:06:30 PM,10,0,0,0,0,0,0,0,0,0,0,0,0,0,0
Falken,F28844768,WDPEAK AT4W 245/65R17 111T XL 29.5,28844768,https://images.wheelpros.com/m500/mFTWPK4.png,ST,16,266.00,0.00,04/26/2026 4:06:30 PM,10,0,0,0,0,0,0,0,0,0,0,0,0,16,0
Falken,F28847017,WDPEAK AT4W LT215/85R16 115/112R E 30.4,28847017,https://images.wheelpros.com/m500/mFTWPK4.png,ST,0,277.00,0.00,04/26/2026 4:06:30 PM,10,0,0,0,0,0,0,0,0,0,0,0,0,0,0
OHTSU,F30270506,AT4000 265/70-15 110S 29.7,,https://images.wheelpros.com/m500/mAT400.png,SO,0,151.00,0.00,04/26/2026 4:06:30 PM,10,0,0,0,0,0,0,0,0,0,0,0,0,0,0
OHTSU,F30274602,AT4000 255/65-16 109T 29.5,,https://images.wheelpros.com/m500/mAT400.png,SO,0,153.00,0.00,04/26/2026 4:06:30 PM,10,0,0,0,0,0,0,0,0,0,0,0,0,0,0
OHTSU,F30274604,AT4000 245/70-16 106T 29.6,,https://images.wheelpros.com/m500/mAT400.png,SO,0,136.00,0.00,04/26/2026 4:06:30 PM,10,0,0,0,0,0,0,0,0,0,0,0,0,0,0
OHTSU,F30500502,ST5000 265/70-15 110S 29.61,,https://images.wheelpros.com/m500/mST500.png,SO,0,266.00,0.00,04/26/2026 4:06:30 PM,10,0,0,0,0,0,0,0,0,0,0,0,0,0,0
OHTSU,F30500604,ST5000 245/70-16 106S 29.53,,https://images.wheelpros.com/m500/mST500.png,SO,0,242.00,0.00,04/26/2026 4:06:30 PM,10,0,0,0,0,0,0,0,0,0,0,0,0,0,0
OHTSU,F30500605,ST5000 255/70-16 109S 30.13,,https://images.wheelpros.com/m500/mST500.png,SO,1,252.00,0.00,04/26/2026 4:06:30 PM,10,0,0,0,1,0,0,0,0,0,0,0,0,0,0
OHTSU,F30500608,ST5000 245/75-16 109S 30.46,,https://images.wheelpros.com/m500/mST500.png,SO,2,260.00,0.00,04/26/2026 4:06:30 PM,10,2,0,0,0,0,0,0,0,0,0,0,0,0,0
OHTSU,F30500702,ST5000 275/60-17 110S 30.06,,https://images.wheelpros.com/m500/mST500.png,SO,0,287.00,0.00,04/26/2026 4:06:30 PM,10,0,0,0,0,0,0,0,0,0,0,0,0,0,0
OHTSU,F30501011,ST5000 265/50-20 111H 30.41,,https://images.wheelpros.com/m500/mST500.png,SO,0,298.00,0.00,04/26/2026 4:06:30 PM,10,0,0,0,0,0,0,0,0,0,0,0,0,0,0
OHTSU,F30501016,ST5000 275/45-20 106H 29.62,,https://images.wheelpros.com/m500/mST500.png,SO,0,292.00,0.00,04/26/2026 4:06:30 PM,10,0,0,0,0,0,0,0,0,0,0,0,0,0,0
OHTSU,F30501217,ST5000 265/40-22 106H 30.31,,https://images.wheelpros.com/m500/mST500.png,SO,0,308.00,0.00,04/26/2026 4:06:30 PM,10,0,0,0,0,0,0,0,0,0,0,0,0,0,0
OHTSU,F30504768,ST5000 245/65-17 107T 29.52,,https://images.wheelpros.com/m500/mST500.png,SO,1,238.00,0.00,04/26/2026 4:06:30 PM,10,1,0,0,0,0,0,0,0,0,0,0,0,0,0
Falken,F59000070,ZIEX CT50 255/50R20 104V SL 30.12,59000070,https://images.wheelpros.com/m500/mFA999.png,ST,0,455.00,0.00,04/26/2026 4:06:30 PM,10,0,0,0,0,0,0,0,0,0,0,0,0,0,0
Falken,F59000220,FK090 165/90R18 107M SL 30.1,59000220,https://images.wheelpros.com/m500/mFA999.png,ST,0,167.00,0.00,04/26/2026 4:06:30 PM,10,0,0,0,0,0,0,0,0,0,0,0,0,0,0
Falken,F59000650,ZIEX ZE001 245/50R20 102H SL 29.8,59000650,https://images.wheelpros.com/m500/mFA999.png,SO,0,349.00,0.00,04/26/2026 4:06:30 PM,10,0,0,0,0,0,0,0,0,0,0,0,0,0,0
Falken,F59000670,ZIEX CT50 245/50R20 102V SL 29.9,59000670,https://images.wheelpros.com/m500/mFA999.png,ST,0,405.00,0.00,04/26/2026 4:06:30 PM,10,0,0,0,0,0,0,0,0,0,0,0,0,0,0
Falken,F59000920,ZIEX ZE001A 245/60R18 105H 29.6,59000920,https://images.wheelpros.com/m500/mFZIEXE.png,NW,0,294.00,0.00,04/26/2026 4:06:30 PM,10,0,0,0,0,0,0,0,0,0,0,0,0,0,0
Falken,F59001010,AZENIS FK520 265/60R18 114V 30.4,59001010,https://images.wheelpros.com/m500/mFAZEND.png,NW,0,331.00,0.00,04/26/2026 4:06:30 PM,10,0,0,0,0,0,0,0,0,0,0,0,0,0,0
Milestar,M22860030,STLPRO MS597 LT215/85R16 115/112Q E 30.4,22860030,,ST,0,90.00,0.00,04/26/2026 4:06:30 PM,10,0,0,0,0,0,0,0,0,0,0,0,0,0,0
Milestar,M24552521,PATAG AT PRO 245/65R17 111T XL 29.5,24552521,,ST,12,119.00,0.00,04/26/2026 4:06:30 PM,10,0,12,0,0,0,0,0,0,0,0,0,0,0,0
Milestar,M24626006,PATAG AT PRO 255/65R17 114T XL 28.7,24626006,,ST,0,130.00,0.00,04/26/2026 4:06:30 PM,10,0,0,0,0,0,0,0,0,0,0,0,0,0,0
EFX,MH-30-10-14,MOTOHAMMER 30X10R14 80J 30,MH-30-10-14,https://assets.wheelpros.com/transform/6def0fb7-44ff-4013-b377-97968ce9eaaf/EFX-MOTOHAMMER-MH-32-10-15-A1-png?size=500,N2,0,342.00,0.00,04/26/2026 4:06:30 PM,20,0,0,0,0,0,0,0,0,0,0,0,0,0,0
EFX,MH-30-10-15,MOTOHAMMER 30X10R15 80J 30,MH-30-10-15,https://assets.wheelpros.com/transform/6def0fb7-44ff-4013-b377-97968ce9eaaf/EFX-MOTOHAMMER-MH-32-10-15-A1-png?size=500,N2,3,335.00,0.00,04/26/2026 4:06:30 PM,20,0,0,0,0,0,0,0,0,0,0,0,0,3,0
EFX,MK-30-85-16,MOTOHAVOK 30X8.5-16 J 30,MK-30-85-16,https://assets.wheelpros.com/transform/5937204d-8e44-4e24-b615-0dc7fe5c42e3/EFX-MOTOHAVOK-MK-30-85-16-A1-png?size=500,ST,9,283.00,283.00,04/26/2026 4:06:30 PM,20,0,0,0,0,0,0,0,0,0,0,0,0,0,9
EFX,MR-30-10-14,MOTORAVAGE 30X10R14 M 30,MR-30-10-14,https://assets.wheelpros.com/transform/5c97bb05-527f-402d-bca3-1996121f594c/EFX-MOTORAVAGE-MR-32-10-18-A1-png?size=500,ST,63,348.00,348.00,04/26/2026 4:06:30 PM,20,16,0,14,0,16,0,0,0,0,0,0,0,16,1
EFX,MR-30-10-14XL,MOTORAVAGE XL 30X10R14 30,MR-30-10-14XL,https://assets.wheelpros.com/transform/e8f991df-77b1-4033-9f80-52351d2cac3c/EFX-MOTORAVAGE-XL-MR-32-10-15XL-A1-png?size=500,ST,7,323.00,323.00,04/26/2026 4:06:30 PM,20,7,0,0,0,0,0,0,0,0,0,0,0,0,0
EFX,MR-30-10-15,MOTORAVAGE 30X10R15 M 30,MR-30-10-15,https://assets.wheelpros.com/transform/5c97bb05-527f-402d-bca3-1996121f594c/EFX-MOTORAVAGE-MR-32-10-18-A1-png?size=500,ST,31,284.00,284.00,04/26/2026 4:06:30 PM,20,3,0,0,0,16,0,0,0,0,0,0,0,12,0
EFX,MR-30-10-16,MOTORAVAGE 30X10R16 M 30,MR-30-10-16,https://assets.wheelpros.com/transform/5c97bb05-527f-402d-bca3-1996121f594c/EFX-MOTORAVAGE-MR-32-10-18-A1-png?size=500,N2,8,289.00,0.00,04/26/2026 4:06:30 PM,20,0,0,0,0,0,0,0,0,0,0,0,0,8,0
EFX,MR-30-10-16XL,MOTORAVAGE XL 30X10R16 30,MR-30-10-16XL,https://assets.wheelpros.com/transform/e8f991df-77b1-4033-9f80-52351d2cac3c/EFX-MOTORAVAGE-XL-MR-32-10-15XL-A1-png?size=500,ST,24,329.00,329.00,04/26/2026 4:06:30 PM,20,8,0,0,0,16,0,0,0,0,0,0,0,0,0
EFX,MS-30-95-14,MOTOSLAYER 30X9.5-14 J 30,MS-30-95-14,https://assets.wheelpros.com/transform/d8f0c0a5-a940-4501-9a26-b023809b2a03/EFX-MOTOSLAYER-MS-30-95-18-A1-png?size=500,ST,32,278.00,278.00,04/26/2026 4:06:30 PM,20,0,0,16,0,0,0,0,0,0,0,0,0,0,16
EFX,MS-30-95-16,MOTOSLAYER 30X9.5-16 75J 30,MS-30-95-16,https://assets.wheelpros.com/transform/d8f0c0a5-a940-4501-9a26-b023809b2a03/EFX-MOTOSLAYER-MS-30-95-18-A1-png?size=500,ST,34,274.00,274.00,04/26/2026 4:06:30 PM,20,0,0,16,0,0,0,0,0,0,0,0,0,4,14
Mickey Thompson Tire,MTT250111,PRO X 30X10.0-15 30.2,250111,https://images.wheelpros.com/m500/mTIRE.png,ST,0,461.00,489.63,04/26/2026 4:06:30 PM,20,0,0,0,0,0,0,0,0,0,0,0,0,0,0
Mickey Thompson Tire,MTT250116,PRO X 30X10.0-14 30.28,250116,https://images.wheelpros.com/m500/mTIRE.png,ST,0,453.00,481.26,04/26/2026 4:06:30 PM,20,0,0,0,0,0,0,0,0,0,0,0,0,0,0
Mickey Thompson Tire,MTT250822,PRO DRAG RAD 30.0/9.0R15 NHS 29.9,250822,https://images.wheelpros.com/m500/mTIRE.png,ST,0,452.00,452.38,04/26/2026 4:06:30 PM,10,0,0,0,0,0,0,0,0,0,0,0,0,0,0
Mickey Thompson Tire,MTT250836,ET DRAG 29.5/10.5-15 NHS 29.9,250836,https://images.wheelpros.com/m500/mTIRE.png,ST,0,412.00,412.07,04/26/2026 4:06:30 PM,10,0,0,0,0,0,0,0,0,0,0,0,0,0,0
Mickey Thompson Tire,MTT255633,SPORTSMAN SR 30X12.00R15LT 99H SL 30,255633,https://images.wheelpros.com/m500/mTIRE.png,ST,0,728.00,728.32,04/26/2026 4:06:30 PM,10,0,0,0,0,0,0,0,0,0,0,0,0,0,0
Mickey Thompson Tire,MTT315018015,ET STREET RADIAL PRO 315/60R15 30.3,90000024662,https://images.wheelpros.com/m500/mMTETTF.png,ST,0,593.00,0.00,04/26/2026 4:06:30 PM,10,0,0,0,0,0,0,0,0,0,0,0,0,0,0
Mickey Thompson Tire,MTT315021007,PRO DRAG RAD 30.0/9.0R15 29.7,90000038315,https://images.wheelpros.com/m500/mMTPROB.png,ST,0,544.00,0.00,04/26/2026 4:06:30 PM,10,0,0,0,0,0,0,0,0,0,0,0,0,0,0
Mickey Thompson Tire,MTT315022007,PRO DRAG RAD 30.0/9.0R15 NHS 29.9,250822,https://images.wheelpros.com/m500/mTIRE.png,ST,0,506.00,0.00,04/26/2026 4:06:30 PM,10,0,0,0,0,0,0,0,0,0,0,0,0,0,0
Mickey Thompson Tire,MTT315037006,PRO BRACKET RAD 29.5/10.5R15 30,90000024499,https://images.wheelpros.com/m500/mMTPROA.png,ST,0,539.00,0.00,04/26/2026 4:06:30 PM,10,0,0,0,0,0,0,0,0,0,0,0,0,0,0
Mickey Thompson Tire,MTT315037007,PRO DRAG RAD 29.5/10.5R15 30,90000024092,https://images.wheelpros.com/m500/mMTPROB.png,ST,0,528.00,0.00,04/26/2026 4:06:30 PM,10,0,0,0,0,0,0,0,0,0,0,0,0,0,0
Mickey Thompson Tire,MTT315073006,PRO BRACKET RAD 29.5/10.5R17 29.5,90000059991,https://images.wheelpros.com/m500/mMTPROA.png,ST,0,591.00,0.00,04/26/2026 4:06:30 PM,10,0,0,0,0,0,0,0,0,0,0,0,0,0,0
Mickey Thompson Tire,MTT315083004,ET STREET R 315/60R15 30.1,90000031236,https://images.wheelpros.com/m500/mMTETTE.png,ST,0,547.00,0.00,04/26/2026 4:06:30 PM,10,0,0,0,0,0,0,0,0,0,0,0,0,0,0
Mickey Thompson Tire,MTT315084004,ET STREET R 295/65R15 114 30.2,90000028459,https://images.wheelpros.com/m500/mMTETTE.png,ST,0,542.00,0.00,04/26/2026 4:06:30 PM,10,0,0,0,0,0,0,0,0,0,0,0,0,0,0
Mickey Thompson Tire,MTT315113003,ET STREET SS 295/65R15 30.3,90000024556,https://images.wheelpros.com/m500/mMTETTG.png,ST,0,469.00,0.00,04/26/2026 4:06:30 PM,10,0,0,0,0,0,0,0,0,0,0,0,0,0,0
Mickey Thompson Tire,MTT321040004,SPORTSMAN SR 30X12.00R15LT 99H SL 30,255633,https://images.wheelpros.com/m500/mTIRE.png,ST,0,820.00,0.00,04/26/2026 4:06:30 PM,10,0,0,0,0,0,0,0,0,0,0,0,0,0,0
Mickey Thompson Tire,MTT331268019,PRO X 30X10.0-15 30.2,250111,https://images.wheelpros.com/m500/mTIRE.png,ST,0,557.00,0.00,04/26/2026 4:06:30 PM,20,0,0,0,0,0,0,0,0,0,0,0,0,0,0
Mickey Thompson Tire,MTT331273019,PRO X 30X10.0-14 30.28,250116,https://images.wheelpros.com/m500/mTIRE.png,ST,0,548.00,0.00,04/26/2026 4:06:30 PM,20,0,0,0,0,0,0,0,0,0,0,0,0,0,0
Mickey Thompson Tire,MTT331280003,BAJ LGND EXP 245/70R16 118/115Q 29.8,90000067169,https://images.wheelpros.com/m500/mMTBAJD.png,ST,0,293.00,0.00,04/26/2026 4:06:30 PM,10,0,0,0,0,0,0,0,0,0,0,0,0,0,0
Mickey Thompson Tire,MTT340009003,BAJ BOSS AT 245/65-17 111T 29.8,90000049674,https://images.wheelpros.com/m500/mMTBAJB.png,NW,0,307.00,0.00,04/26/2026 4:06:30 PM,10,0,0,0,0,0,0,0,0,0,0,0,0,0,0
Mickey Thompson Tire,MTT340013003,BAJ BOSS AT 265/50-20 111T 30.4,90000049720,https://images.wheelpros.com/m500/mMTBAJB.png,NW,0,373.00,0.00,04/26/2026 4:06:30 PM,10,0,0,0,0,0,0,0,0,0,0,0,0,0,0
Mickey Thompson Tire,MTT365030011,ET DRAG 29.5/13.5-15 30.2,90000000863,https://images.wheelpros.com/m500/mMTETTA.png,ST,0,532.00,0.00,04/26/2026 4:06:30 PM,10,0,0,0,0,0,0,0,0,0,0,0,0,0,0
Mickey Thompson Tire,MTT365032011,ET DRAG 29.5/10.5-15 NHS 29.9,250836,https://images.wheelpros.com/m500/mTIRE.png,ST,0,474.00,0.00,04/26/2026 4:06:30 PM,10,0,0,0,0,0,0,0,0,0,0,0,0,0,0
Mickey Thompson Tire,MTT365091011,ET DRAG 29.5/10.5-15 29.6,90000000860,https://images.wheelpros.com/m500/mMTETTA.png,ST,0,511.00,0.00,04/26/2026 4:06:30 PM,10,0,0,0,0,0,0,0,0,0,0,0,0,0,0
Mickey Thompson Tire,MTT365092011,ET DRAG 29.5/10.5-15 29.9,90000000859,https://images.wheelpros.com/m500/mMTETTA.png,ST,0,510.00,0.00,04/26/2026 4:06:30 PM,10,0,0,0,0,0,0,0,0,0,0,0,0,0,0
Mickey Thompson Tire,MTT90000000859,ET DRAG 29.5/10.5-15 29.9,90000000859,https://images.wheelpros.com/m500/mMTETTA.png,ST,2,445.00,444.71,04/26/2026 4:06:30 PM,10,2,0,0,0,0,0,0,0,0,0,0,0,0,0
Mickey Thompson Tire,MTT90000000860,ET DRAG 29.5/10.5-15 29.6,90000000860,https://images.wheelpros.com/m500/mMTETTA.png,ST,2,435.00,434.95,04/26/2026 4:06:30 PM,10,2,0,0,0,0,0,0,0,0,0,0,0,0,0
Mickey Thompson Tire,MTT90000000863,ET DRAG 29.5/13.5-15 30.2,90000000863,https://images.wheelpros.com/m500/mMTETTA.png,ST,0,458.00,457.69,04/26/2026 4:06:30 PM,10,0,0,0,0,0,0,0,0,0,0,0,0,0,0
Mickey Thompson Tire,MTT90000024092,PRO DRAG RAD 29.5/10.5R15 30,90000024092,https://images.wheelpros.com/m500/mMTPROB.png,ST,0,480.00,479.59,04/26/2026 4:06:30 PM,10,0,0,0,0,0,0,0,0,0,0,0,0,0,0
Mickey Thompson Tire,MTT90000024499,PRO BRACKET RAD 29.5/10.5R15 30,90000024499,https://images.wheelpros.com/m500/mMTPROA.png,ST,0,492.00,491.86,04/26/2026 4:06:30 PM,10,0,0,0,0,0,0,0,0,0,0,0,0,0,0
Mickey Thompson Tire,MTT90000024556,ET STREET SS 295/65R15 30.3,90000024556,https://images.wheelpros.com/m500/mMTETTG.png,ST,12,423.00,422.53,04/26/2026 4:06:30 PM,10,0,0,0,0,0,0,6,0,0,0,0,0,6,0
Mickey Thompson Tire,MTT90000024662,ET STREET RADIAL PRO 315/60R15 30.3,90000024662,https://images.wheelpros.com/m500/mMTETTF.png,ST,2,502.00,502.47,04/26/2026 4:06:30 PM,10,0,0,0,0,0,0,0,0,0,0,0,0,0,2
Mickey Thompson Tire,MTT90000028459,ET STREET R 295/65R15 114 30.2,90000028459,https://images.wheelpros.com/m500/mMTETTE.png,ST,2,479.00,478.89,04/26/2026 4:06:30 PM,10,0,0,0,0,0,0,0,0,0,0,0,0,2,0
Mickey Thompson Tire,MTT90000031236,ET STREET R 315/60R15 30.1,90000031236,https://images.wheelpros.com/m500/mMTETTE.png,ST,8,494.00,493.82,04/26/2026 4:06:30 PM,10,0,4,0,1,0,0,0,1,0,0,0,0,2,0
Mickey Thompson Tire,MTT90000038315,PRO DRAG RAD 30.0/9.0R15 29.7,90000038315,https://images.wheelpros.com/m500/mMTPROB.png,ST,2,479.00,479.31,04/26/2026 4:06:30 PM,10,0,0,0,0,0,0,0,0,0,0,0,0,2,0
Mickey Thompson Tire,MTT90000049674,BAJ BOSS AT 245/65-17 111T 29.8,90000049674,https://images.wheelpros.com/m500/mMTBAJB.png,NW,29,310.00,329.76,04/26/2026 4:06:30 PM,10,0,4,0,0,5,0,0,0,0,0,0,0,8,12
Mickey Thompson Tire,MTT90000049720,BAJ BOSS AT 265/50-20 111T 30.4,90000049720,https://images.wheelpros.com/m500/mMTBAJB.png,NW,13,385.00,409.00,04/26/2026 4:06:30 PM,10,0,4,0,0,5,0,0,0,0,0,0,0,0,4
Mickey Thompson Tire,MTT90000059991,PRO BRACKET RAD 29.5/10.5R17 29.5,90000059991,https://images.wheelpros.com/m500/mMTPROA.png,ST,0,532.00,532.18,04/26/2026 4:06:30 PM,10,0,0,0,0,0,0,0,0,0,0,0,0,0,0
Mickey Thompson Tire,MTT90000067169,BAJ LGND EXP 245/70R16 118/115Q 29.8,90000067169,https://images.wheelpros.com/m500/mMTBAJD.png,ST,0,310.00,329.21,04/26/2026 4:06:30 PM,10,0,0,0,0,0,0,0,0,0,0,0,0,0,0
EFX,MV-28-95-14,MOTOVATOR 28X9.5R14 88G 28,MV-28-95-14,https://assets.wheelpros.com/transform/6218e826-bc40-40a6-94e6-50d5c43c5989/EFX-MOTOVATOR-MV-32-9-5-15-A1-png?size=500,ST,52,278.00,278.00,04/26/2026 4:06:30 PM,20,16,0,16,0,16,0,0,0,0,0,0,0,0,4
EFX,MV-30-95-14,MOTOVATOR 30X9.5R14 88G 30,MV-30-95-14,https://assets.wheelpros.com/transform/6218e826-bc40-40a6-94e6-50d5c43c5989/EFX-MOTOVATOR-MV-32-9-5-15-A1-png?size=500,ST,51,288.00,288.00,04/26/2026 4:06:30 PM,20,16,0,16,0,0,0,0,0,0,0,0,0,8,11
EFX,MV-30-95-15,MOTOVATOR 30X9.5R15 88G 30,MV-30-95-15,https://assets.wheelpros.com/transform/6218e826-bc40-40a6-94e6-50d5c43c5989/EFX-MOTOVATOR-MV-32-9-5-15-A1-png?size=500,ST,16,282.00,282.00,04/26/2026 4:06:30 PM,20,16,0,0,0,0,0,0,0,0,0,0,0,0,0
EFX,MV-30-95-16,MOTOVATOR 30X9.5R16 88G 30,MV-30-95-16,https://assets.wheelpros.com/transform/6218e826-bc40-40a6-94e6-50d5c43c5989/EFX-MOTOVATOR-MV-32-9-5-15-A1-png?size=500,ST,48,299.00,299.00,04/26/2026 4:06:30 PM,20,16,0,16,0,16,0,0,0,0,0,0,0,0,0
EFX,MY-30-10-14,MOTORALLY 30X10R14 585R 30,MY-30-10-14,https://assets.wheelpros.com/transform/0bc0e178-22a1-421f-82fd-5493dbe86336/EFX-MOTORALLY-MY-32-10-15-A1-png?size=500,ST,18,303.00,303.00,04/26/2026 4:06:30 PM,20,16,0,2,0,0,0,0,0,0,0,0,0,0,0
EFX,MY-30-10-15,MOTORALLY 30X10R15 565R 30,MY-30-10-15,https://assets.wheelpros.com/transform/0bc0e178-22a1-421f-82fd-5493dbe86336/EFX-MOTORALLY-MY-32-10-15-A1-png?size=500,ST,47,309.00,309.00,04/26/2026 4:06:30 PM,20,16,0,11,0,16,0,0,0,0,0,0,0,4,0
EFX,MY-30-10-16,MOTORALLY 30X10R16 585R 30,MY-30-10-16,https://assets.wheelpros.com/transform/0bc0e178-22a1-421f-82fd-5493dbe86336/EFX-MOTORALLY-MY-32-10-15-A1-png?size=500,ST,29,309.00,309.00,04/26/2026 4:06:30 PM,20,0,0,4,0,16,0,0,0,0,0,0,0,9,0
Nitto,N203-090,NT420V 265/50R20 111V XL 30.4,203090,https://assets.wheelpros.com/transform/675d5a8a-c369-41d5-9227-3240429692c5/Nitto-NT420V_Standard-png?size=500,ST,10,353.00,0.00,04/26/2026 4:06:30 PM,10,0,0,0,0,0,0,0,0,0,0,0,0,10,0
Nitto,N204-460,NTSN2 245/65-17 107T 29.54,204460,https://images.wheelpros.com/m500/mNTSN2.png,SO,0,171.00,0.00,04/26/2026 4:06:30 PM,10,0,0,0,0,0,0,0,0,0,0,0,0,0,0
Nitto,N204-480,NTSN2 245/60-18 105T 29.57,204480,https://images.wheelpros.com/m500/mNTSN2.png,SO,0,206.00,0.00,04/26/2026 4:06:30 PM,10,0,0,0,0,0,0,0,0,0,0,0,0,0,0
Nitto,N205-090,DURA GRAP LT245/75R16 120/116R E 30.4,205090,https://assets.wheelpros.com/transform/6e9d4bbd-13b6-4ab4-91ec-e1b6f164d0c1/Nitto-Dura-Grappler_Standard-png?size=500,ST,0,317.00,0.00,04/26/2026 4:06:30 PM,10,0,0,0,0,0,0,0,0,0,0,0,0,0,0
Nitto,N206-760,NT420V 285/35R22 106W XL 29.8,206760,https://assets.wheelpros.com/transform/675d5a8a-c369-41d5-9227-3240429692c5/Nitto-NT420V_Standard-png?size=500,ST,19,481.00,0.00,04/26/2026 4:06:30 PM,10,9,0,0,0,0,0,0,0,0,0,0,0,10,0
Nitto,N206-770,NT420V 275/45R20 110V XL 29.7,206770,https://assets.wheelpros.com/transform/675d5a8a-c369-41d5-9227-3240429692c5/Nitto-NT420V_Standard-png?size=500,ST,0,384.00,0.00,04/26/2026 4:06:30 PM,10,0,0,0,0,0,0,0,0,0,0,0,0,0,0
Nitto,N206-780,NT420V 295/45R20 114V XL 30.4,206780,https://assets.wheelpros.com/transform/675d5a8a-c369-41d5-9227-3240429692c5/Nitto-NT420V_Standard-png?size=500,ST,36,416.00,0.00,04/26/2026 4:06:30 PM,10,0,8,0,0,0,0,0,0,0,0,0,0,12,16
Nitto,N207-460,TRL GRAP SXS 30x9.50R15LT NHS 29.7,207460,https://assets.wheelpros.com/transform/f0ba9094-3f5c-4541-b2af-4ac9598f972d/Nitto-TrailGrappler-SxS_Standard-png?size=500,ST,2,369.00,257.00,04/26/2026 4:06:30 PM,20,2,0,0,0,0,0,0,0,0,0,0,0,0,0
Nitto,N207-470,NT420V 265/40R22 106V XL 30.3,207470,https://assets.wheelpros.com/transform/675d5a8a-c369-41d5-9227-3240429692c5/Nitto-NT420V_Standard-png?size=500,ST,28,418.00,0.00,04/26/2026 4:06:30 PM,10,2,4,0,0,2,0,0,0,0,0,0,0,16,4
Nitto,N207-720,NT420V 275/35R22 104W XL 29.5,207720,https://assets.wheelpros.com/transform/675d5a8a-c369-41d5-9227-3240429692c5/Nitto-NT420V_Standard-png?size=500,ST,6,461.00,0.00,04/26/2026 4:06:30 PM,10,0,0,0,0,0,0,0,0,0,0,0,0,6,0
Nitto,N208-150,SN3 245/60R18 105H 29.6,208150,https://images.wheelpros.com/m500/mNTSN3.png,SO,0,279.00,0.00,04/26/2026 4:06:30 PM,10,0,0,0,0,0,0,0,0,0,0,0,0,0,0
Nitto,N208-190,SN3 235/55R20 102H 30.2,208190,https://images.wheelpros.com/m500/mNTSN3.png,SO,3,310.00,0.00,04/26/2026 4:06:30 PM,10,0,0,0,0,0,0,0,0,0,0,0,0,3,0
Nitto,N208-440,SN3 245/65R17 107H 29.5,208440,https://images.wheelpros.com/m500/mNTSN3.png,SO,12,232.00,0.00,04/26/2026 4:06:30 PM,10,0,0,0,0,0,0,0,0,0,0,0,0,4,8
Nitto,N208-450,SN3 235/65R18 106H 30,208450,https://images.wheelpros.com/m500/mNTSN3.png,SO,8,245.00,0.00,04/26/2026 4:06:30 PM,10,0,0,0,0,0,0,0,0,0,0,0,0,4,4
Nitto,N208-510,SN3 245/55R19 103H 29.6,208510,https://images.wheelpros.com/m500/mNTSN3.png,SO,4,304.00,0.00,04/26/2026 4:06:30 PM,10,0,0,0,0,0,0,0,0,0,0,0,0,4,0
Nitto,N208-560,SN3 295/40R21 111V 30.3,208560,https://images.wheelpros.com/m500/mNTSN3.png,SO,8,433.00,0.00,04/26/2026 4:06:30 PM,10,0,0,0,0,0,0,0,0,0,0,0,0,8,0
Nitto,N208-580,SN3 275/45R20 110V 29.8,208580,https://images.wheelpros.com/m500/mNTSN3.png,SO,16,389.00,0.00,04/26/2026 4:06:30 PM,10,0,0,0,0,0,0,0,0,0,0,0,0,16,0
Nitto,N210-390,MOTIVO 255/55ZR19 111W XL 29.9,210390,https://images.wheelpros.com/m500/mNTINV.png,N2,15,383.00,0.00,04/26/2026 4:06:30 PM,10,3,0,0,0,0,8,4,0,0,0,0,0,0,0
Nitto,N210-660,NT421Q 245/65R17 111H XL 29.5,210660,https://images.wheelpros.com/m500/mNT421.png,N2,0,272.00,0.00,04/26/2026 4:06:30 PM,10,0,0,0,0,0,0,0,0,0,0,0,0,0,0
Nitto,N210-710,NT421Q 245/60R18 109H XL 29.5,210710,https://images.wheelpros.com/m500/mNT421.png,N2,0,292.00,0.00,04/26/2026 4:06:30 PM,10,0,0,0,0,0,0,0,0,0,0,0,0,0,0
Nitto,N210-800,NT421Q 245/55R19 107H XL 29.6,210800,https://images.wheelpros.com/m500/mNT421.png,N2,0,334.00,0.00,04/26/2026 4:06:30 PM,10,0,0,0,0,0,0,0,0,0,0,0,0,0,0
Nitto,N210-810,NT421Q 255/55R19 111V XL 30,210810,https://images.wheelpros.com/m500/mNT421.png,N2,8,353.00,0.00,04/26/2026 4:06:30 PM,10,0,0,0,0,0,0,0,0,0,0,0,0,8,0
Nitto,N210-850,NT421Q 275/45R20 110W XL 29.7,210850,https://images.wheelpros.com/m500/mNT421.png,N2,0,348.00,0.00,04/26/2026 4:06:30 PM,10,0,0,0,0,0,0,0,0,0,0,0,0,0,0
Nitto,N210-860,NT421Q 245/50R20 105V XL 29.6,210860,https://images.wheelpros.com/m500/mNT421.png,N2,2,347.00,0.00,04/26/2026 4:06:30 PM,10,0,0,0,0,0,0,0,0,0,0,0,0,0,2
Nitto,N210-870,NT421Q 255/50R20 109V XL 30,210870,https://images.wheelpros.com/m500/mNT421.png,N2,0,363.00,0.00,04/26/2026 4:06:30 PM,10,0,0,0,0,0,0,0,0,0,0,0,0,0,0
Nitto,N210-880,NT421Q 265/50R20 111V XL 30.4,210880,https://images.wheelpros.com/m500/mNT421.png,N2,0,374.00,0.00,04/26/2026 4:06:30 PM,10,0,0,0,0,0,0,0,0,0,0,0,0,0,0
Nitto,N210-890,NT421Q 235/55R20 105W XL 30.1,210890,https://images.wheelpros.com/m500/mNT421.png,N2,0,348.00,0.00,04/26/2026 4:06:30 PM,10,0,0,0,0,0,0,0,0,0,0,0,0,0,0
Nitto,N211-960,NOMAD GRAP 245/65R17 111H XL 29.5,211960,https://assets.wheelpros.com/transform/728fb739-8007-4c06-bd8b-96a0b6519ade/NITTO-NOMAD-GRAPPLER_STANDARD-png?size=500,ST,4,294.00,0.00,04/26/2026 4:06:30 PM,10,0,4,0,0,0,0,0,0,0,0,0,0,0,0
Nitto,N212-030,NOMAD GRAP 245/50R20 105H XL 29.6,212030,https://assets.wheelpros.com/transform/728fb739-8007-4c06-bd8b-96a0b6519ade/NITTO-NOMAD-GRAPPLER_STANDARD-png?size=500,ST,4,388.00,0.00,04/26/2026 4:06:30 PM,10,0,0,0,0,0,0,4,0,0,0,0,0,0,0
Nitto,N212-050,NOMAD GRAP 265/50R20 111V XL 30.4,212050,https://assets.wheelpros.com/transform/728fb739-8007-4c06-bd8b-96a0b6519ade/NITTO-NOMAD-GRAPPLER_STANDARD-png?size=500,ST,8,425.00,0.00,04/26/2026 4:06:30 PM,10,0,0,0,0,0,0,0,0,0,0,0,0,8,0
Nitto,N212-110,NOMAD GRAP 245/60R18 109H XL 29.5,212110,https://assets.wheelpros.com/transform/728fb739-8007-4c06-bd8b-96a0b6519ade/NITTO-NOMAD-GRAPPLER_STANDARD-png?size=500,ST,0,321.00,0.00,04/26/2026 4:06:30 PM,10,0,0,0,0,0,0,0,0,0,0,0,0,0,0
Nitto,N212-120,NOMAD GRAP 235/65R18 110H XL 30,212120,https://assets.wheelpros.com/transform/728fb739-8007-4c06-bd8b-96a0b6519ade/NITTO-NOMAD-GRAPPLER_STANDARD-png?size=500,ST,0,314.00,0.00,04/26/2026 4:06:30 PM,10,0,0,0,0,0,0,0,0,0,0,0,0,0,0
Nitto,N212-190,NOMAD GRAP 235/55R20 105H XL 30.1,212190,https://assets.wheelpros.com/transform/728fb739-8007-4c06-bd8b-96a0b6519ade/NITTO-NOMAD-GRAPPLER_STANDARD-png?size=500,ST,0,389.00,0.00,04/26/2026 4:06:30 PM,10,0,0,0,0,0,0,0,0,0,0,0,0,0,0
Nitto,N212-200,NOMAD GRAP 255/50R20 109H XL 30,212200,https://assets.wheelpros.com/transform/728fb739-8007-4c06-bd8b-96a0b6519ade/NITTO-NOMAD-GRAPPLER_STANDARD-png?size=500,ST,12,409.00,0.00,04/26/2026 4:06:30 PM,10,0,4,0,0,0,0,0,0,0,0,0,0,8,0
Nitto,N212-220,NOMAD GRAP 255/60R18 112H XL 30,212220,https://assets.wheelpros.com/transform/728fb739-8007-4c06-bd8b-96a0b6519ade/NITTO-NOMAD-GRAPPLER_STANDARD-png?size=500,ST,0,336.00,0.00,04/26/2026 4:06:30 PM,10,0,0,0,0,0,0,0,0,0,0,0,0,0,0
Nitto,N212-300,NOMAD GRAP 275/45R20 110H XL 29.7,212300,https://assets.wheelpros.com/transform/728fb739-8007-4c06-bd8b-96a0b6519ade/NITTO-NOMAD-GRAPPLER_STANDARD-png?size=500,ST,16,423.00,0.00,04/26/2026 4:06:30 PM,10,16,0,0,0,0,0,0,0,0,0,0,0,0,0
Nitto,N213-420,NT90W 235/65R18 102T 30.03,213420,https://images.wheelpros.com/m500/mNT90W.png,N2,2,190.00,0.00,04/26/2026 4:06:30 PM,10,0,0,0,0,0,0,0,0,0,0,0,0,2,0
Nitto,N215-280,NTGA2 265/50R20 120S 30.47,215280,https://images.wheelpros.com/m500/mNTGA2.png,N2,0,225.00,0.00,04/26/2026 4:06:30 PM,10,0,0,0,0,0,0,0,0,0,0,0,0,0,0
Nitto,N215-470,NTGA2 245/65R17 122R 29.53,215470,https://images.wheelpros.com/m500/mNTGA2.png,N2,0,243.00,0.00,04/26/2026 4:06:30 PM,10,0,0,0,0,0,0,0,0,0,0,0,0,0,0
Nitto,N217-780,RIDGE GRAP 265/50R20 111T XL 30.4,217780,https://assets.wheelpros.com/transform/8cd67eb1-99b1-477c-b4b6-3c7d11774b70/Nitto-RidgeGrappler_Standard-png?size=500,ST,18,471.00,0.00,04/26/2026 4:06:30 PM,10,0,2,0,0,0,0,0,0,0,0,0,0,0,16
Nitto,N218-820,RECON GRAP 265/50R20 111T XL 30.4,218820,https://assets.wheelpros.com/transform/7c1f1988-dde2-45f8-ad64-a49e2f341b40/ReconGrappler_Standard-png?size=500,ST,0,451.00,0.00,04/26/2026 4:06:30 PM,10,0,0,0,0,0,0,0,0,0,0,0,0,0,0
Nitto,N218-860,RIDGE GRAP 245/65R17 111T XL 29.5,218860,https://assets.wheelpros.com/transform/8cd67eb1-99b1-477c-b4b6-3c7d11774b70/Nitto-RidgeGrappler_Standard-png?size=500,ST,16,351.00,0.00,04/26/2026 4:06:30 PM,10,8,4,0,0,0,0,4,0,0,0,0,0,0,0
Nitto,N224-120,TER GRAP G3 255/65R17 114T XL 30.1,224120,,NW,8,333.00,0.00,04/26/2026 4:06:30 PM,10,0,8,0,0,0,0,0,0,0,0,0,0,0,0
Nitto,N224-320,TER GRAP G3 265/50R20 111/T 30.47,224-320,https://images.wheelpros.com/m500/mNT200.png,NW,8,465.00,0.00,04/26/2026 4:06:30 PM,10,0,8,0,0,0,0,0,0,0,0,0,0,0,0
Nitto,N261-340,MOTIVO 365 255/50R20XL 109V 30.08,261340,https://assets.wheelpros.com/transform/f90000ba-70b3-40f7-99fe-4ab4bbcd47df/NITTO-MOTIVO-356-A1-png?size=500,ST,8,320.00,0.00,04/26/2026 4:06:30 PM,10,0,8,0,0,0,0,0,0,0,0,0,0,0,0
Nitto,N261-410,MOTIVO 365 245/60R18 109V XL 29.57,261410,https://assets.wheelpros.com/transform/f90000ba-70b3-40f7-99fe-4ab4bbcd47df/NITTO-MOTIVO-356-A1-png?size=500,NW,8,293.00,0.00,04/26/2026 4:06:30 PM,10,0,8,0,0,0,0,0,0,0,0,0,0,0,0
Nitto,N261-450,MOTIVO 365 245/65R17 111V XL 29.53,261450,https://assets.wheelpros.com/transform/f90000ba-70b3-40f7-99fe-4ab4bbcd47df/NITTO-MOTIVO-356-A1-png?size=500,NW,8,258.00,0.00,04/26/2026 4:06:30 PM,10,4,0,0,0,0,0,0,0,0,0,0,0,4,0
Nitto,N261-470,MOTIVO 365 265/50R20XL 111V 30.47,261470,https://assets.wheelpros.com/transform/f90000ba-70b3-40f7-99fe-4ab4bbcd47df/NITTO-MOTIVO-356-A1-png?size=500,ST,20,345.00,0.00,04/26/2026 4:06:30 PM,10,0,8,0,0,0,0,0,0,0,0,0,0,12,0
Nitto,N261-580,MOTIVO 365 275/45R20XL 110V 29.76,261580,https://assets.wheelpros.com/transform/f90000ba-70b3-40f7-99fe-4ab4bbcd47df/NITTO-MOTIVO-356-A1-png?size=500,ST,4,390.00,0.00,04/26/2026 4:06:30 PM,10,0,0,0,0,0,0,0,0,0,0,0,0,4,0
Nitto,N261-670,MOTIVO 365 245/50R20 105V XL 29.69,261670,https://assets.wheelpros.com/transform/f90000ba-70b3-40f7-99fe-4ab4bbcd47df/NITTO-MOTIVO-356-A1-png?size=500,ST,0,310.00,0.00,04/26/2026 4:06:30 PM,10,0,0,0,0,0,0,0,0,0,0,0,0,0,0
Nitto,N261-740,MOTIVO 365 235/55R20 105V XL 30.16,261740,https://assets.wheelpros.com/transform/f90000ba-70b3-40f7-99fe-4ab4bbcd47df/NITTO-MOTIVO-356-A1-png?size=500,ST,4,305.00,0.00,04/26/2026 4:06:30 PM,10,0,0,0,0,0,0,0,0,0,0,0,0,4,0
Nitto,N261-830,MOTIVO 365 245/55R19 107V XL 29.65,261830,https://assets.wheelpros.com/transform/f90000ba-70b3-40f7-99fe-4ab4bbcd47df/NITTO-MOTIVO-356-A1-png?size=500,ST,4,305.00,0.00,04/26/2026 4:06:30 PM,10,0,0,0,0,0,0,0,0,0,0,0,0,4,0
Nitto,N261-880,MOTIVO 365 235/65R18 110V XL 30.04,261880,https://assets.wheelpros.com/transform/f90000ba-70b3-40f7-99fe-4ab4bbcd47df/NITTO-MOTIVO-356-A1-png?size=500,NW,12,263.00,0.00,04/26/2026 4:06:30 PM,10,0,4,0,0,0,0,0,0,0,0,0,0,8,0
EFX,RFTT301000R14E,GRIPPER R/T UTV 30X10R14 N 30,RFTT301000R14E,https://images.wheelpros.com/m500/mFGRTT.png,ST,0,289.00,0.00,04/26/2026 4:06:30 PM,20,0,0,0,0,0,0,0,0,0,0,0,0,0,0
EFX,RFTT301000R15E,GRIPPER R/T UTV 30X10R15 N 30,RFTT301000R15E,https://images.wheelpros.com/m500/mFGRTT.png,ST,5,290.00,0.00,04/26/2026 4:06:30 PM,20,0,0,0,0,0,0,0,0,0,0,0,0,5,0
EFX,RFUT301000R14E,GRIPPER UTV 30X10-14 N 30,RFUT301000R14E,https://images.wheelpros.com/m500/mFGRTT.png,N2,1,294.00,0.00,04/26/2026 4:06:30 PM,20,0,0,0,0,0,0,0,0,0,0,0,0,1,0
EFX,RFUT301000R15E,GRIPPER UTV 30X10-15 N 30,RFUT301000R15E,https://images.wheelpros.com/m500/mFGRTT.png,N2,0,294.00,0.00,04/26/2026 4:06:30 PM,20,0,0,0,0,0,0,0,0,0,0,0,0,0,0
EFX,SS-29-11-14,SANDSLINGER 29X11-14 F 29,SS-29-11-14,https://assets.wheelpros.com/transform/b011ad00-e79d-466c-9b0b-c64c76d1d0d7/EFX-SAND-SLINGER-30x11-14-A1-png?size=500,N2,16,269.00,0.00,04/26/2026 4:06:30 PM,20,16,0,0,0,0,0,0,0,0,0,0,0,0,0
EFX,SS-29-14-14,SANDSLINGER 29X14-14 F 29,SS-29-14-14,https://assets.wheelpros.com/transform/9451a43a-22c7-4fff-bc69-72ed19e29cf0/EFX-SAND-SLINGER-28x14-14-A1-png?size=500,N2,16,320.00,0.00,04/26/2026 4:06:30 PM,20,16,0,0,0,0,0,0,0,0,0,0,0,0,0
EFX,SS-30-11-14,SANDSLINGER 30X11-14 F 30,SS-30-11-14,https://assets.wheelpros.com/transform/b011ad00-e79d-466c-9b0b-c64c76d1d0d7/EFX-SAND-SLINGER-30x11-14-A1-png?size=500,ST,26,285.00,0.00,04/26/2026 4:06:30 PM,20,16,0,4,0,4,0,0,0,0,0,0,0,2,0
EFX,SS-30-14-14,SANDSLINGER 30X14-14 F 30,SS-30-14-14,https://assets.wheelpros.com/transform/9451a43a-22c7-4fff-bc69-72ed19e29cf0/EFX-SAND-SLINGER-28x14-14-A1-png?size=500,ST,24,350.00,0.00,04/26/2026 4:06:30 PM,20,16,0,0,0,8,0,0,0,0,0,0,0,0,0
Uniroyal,UNI02195,TIGER PAW TOUR 275/40R21 107V XL 29.65,02195,https://images.wheelpros.com/m500/mUNTIGJ.png,ST,0,452.00,0.00,04/26/2026 4:06:30 PM,10,0,0,0,0,0,0,0,0,0,0,0,0,0,0
Uniroyal,UNI03436,TIGER PAW TOUR 255/60R18 108H 30.04,03436,https://images.wheelpros.com/m500/mUNTIGJ.png,ST,0,281.00,0.00,04/26/2026 4:06:30 PM,10,0,0,0,0,0,0,0,0,0,0,0,0,0,0
Uniroyal,UNI06238,LAREDO CC TOUR 245/70R16 107T 29.5,06238,https://images.wheelpros.com/m500/mUNLARH.png,ST,0,180.00,0.00,04/26/2026 4:06:30 PM,10,0,0,0,0,0,0,0,0,0,0,0,0,0,0
Uniroyal,UNI08221,LAREDO CC TOUR 245/65R17 107T 29.5,08221,https://images.wheelpros.com/m500/mUNLARH.png,ST,0,232.00,0.00,04/26/2026 4:06:30 PM,10,0,0,0,0,0,0,0,0,0,0,0,0,0,0
Uniroyal,UNI10330,LAREDO CC TOUR 245/55R19 103T 29.7,10330,https://images.wheelpros.com/m500/mUNLARH.png,ST,0,255.00,0.00,04/26/2026 4:06:30 PM,10,0,0,0,0,0,0,0,0,0,0,0,0,0,0
Uniroyal,UNI15443,TIGER PAW TOUR 255/50R20 105V 30.08,15443,https://images.wheelpros.com/m500/mUNTIGJ.png,ST,0,283.00,0.00,04/26/2026 4:06:30 PM,10,0,0,0,0,0,0,0,0,0,0,0,0,0,0
Uniroyal,UNI19679,TIGER PAW TOUR 235/55R20 102V 30.16,19679,https://images.wheelpros.com/m500/mUNTIGJ.png,ST,0,257.00,0.00,04/26/2026 4:06:30 PM,10,0,0,0,0,0,0,0,0,0,0,0,0,0,0
Uniroyal,UNI24129,LAREDO CC TOUR P245/50R20 102T 29.7,24129,https://images.wheelpros.com/m500/mUNLARH.png,ST,0,274.00,0.00,04/26/2026 4:06:30 PM,10,0,0,0,0,0,0,0,0,0,0,0,0,0,0
Uniroyal,UNI24461,LAREDO CC TOUR P235/65R18 104T 30,24461,https://images.wheelpros.com/m500/mUNLARH.png,ST,0,259.00,0.00,04/26/2026 4:06:30 PM,10,0,0,0,0,0,0,0,0,0,0,0,0,0,0
Uniroyal,UNI25336,TIGER PAW TOUR 245/60R18 105V 29.57,25336,https://images.wheelpros.com/m500/mUNTIGJ.png,ST,0,248.00,0.00,04/26/2026 4:06:30 PM,10,0,0,0,0,0,0,0,0,0,0,0,0,0,0
Uniroyal,UNI35428,TIGER PAW TOUR 245/50R20 102V 29.69,35428,https://images.wheelpros.com/m500/mUNTIGJ.png,ST,0,284.00,0.00,04/26/2026 4:06:30 PM,10,0,0,0,0,0,0,0,0,0,0,0,0,0,0
Uniroyal,UNI41360,TIGER PAW TOUR 235/55R20 102H 30.16,41360,https://images.wheelpros.com/m500/mUNTIGJ.png,ST,0,252.00,0.00,04/26/2026 4:06:30 PM,10,0,0,0,0,0,0,0,0,0,0,0,0,0,0
Uniroyal,UNI43774,TIGER PAW TOUR 245/55R19 103V 29.65,43774,https://images.wheelpros.com/m500/mUNTIGJ.png,ST,0,265.00,0.00,04/26/2026 4:06:30 PM,10,0,0,0,0,0,0,0,0,0,0,0,0,0,0
Uniroyal,UNI47225,TIGER PAW TOUR 235/65R18 106V 30.04,47225,https://images.wheelpros.com/m500/mUNTIGJ.png,ST,0,243.00,0.00,04/26/2026 4:06:30 PM,10,0,0,0,0,0,0,0,0,0,0,0,0,0,0
Uniroyal,UNI63165,TIGER PAW TOUR 245/65R17 107H 29.53,63165,https://images.wheelpros.com/m500/mUNTIGJ.png,ST,0,225.00,0.00,04/26/2026 4:06:30 PM,10,0,0,0,0,0,0,0,0,0,0,0,0,0,0
Uniroyal,UNI87325,LAREDO CC TOUR 255/65R17 110T 30.1,87325,https://images.wheelpros.com/m500/mUNLARH.png,ST,0,229.00,0.00,04/26/2026 4:06:30 PM,10,0,0,0,0,0,0,0,0,0,0,0,0,0,0
Uniroyal,UNI88558,LAREDO CC TOUR P235/75R16 109S XL 29.8,88558,https://images.wheelpros.com/m500/mUNLARG.png,ST,0,202.00,0.00,04/26/2026 4:06:30 PM,10,0,0,0,0,0,0,0,0,0,0,0,0,0,0
EFX,W-30-10-14,MOTOMTC 30X10-14 80J 30,W-30-10-14,https://assets.wheelpros.com/transform/0d3b635c-4e50-4e82-a87b-1664dd1ffa70/EFX-MOTO-MTC-26x11x14-A1-png?size=500,ST,40,284.00,284.00,04/26/2026 4:06:30 PM,20,3,0,0,0,16,0,0,0,0,0,0,0,16,5
EFX,W-30-10-16,MOTOMTC 30X10-16 80J 30,W-30-10-16,https://assets.wheelpros.com/transform/0d3b635c-4e50-4e82-a87b-1664dd1ffa70/EFX-MOTO-MTC-26x11x14-A1-png?size=500,ST,28,274.00,274.00,04/26/2026 4:06:30 PM,20,9,0,10,0,9,0,0,0,0,0,0,0,0,0
BKT,000000000094056842,AT 31X9-16 6PR  BKT AT171 TL 31916,,https://images.wheelpros.com/m500/mBTR171.png,N2,0,325.00,0.00,04/26/2026 4:06:30 PM,20,0,0,0,0,0,0,0,0,0,0,0,0,0,0
Falken,F28034737,WDPEAK AT3W 235/75R17 109T SL 31.14,28034737,https://images.wheelpros.com/m500/mFWPK3.png,N2,0,324.00,0.00,04/26/2026 4:06:30 PM,10,0,0,0,0,0,0,0,0,0,0,0,0,0,0
Falken,F28034769,WDPEAK AT3W 255/70R17 112T SL 31.1,28034769,https://images.wheelpros.com/m500/mFWPK3.png,N2,0,324.00,0.00,04/26/2026 4:06:30 PM,10,0,0,0,0,0,0,0,0,0,0,0,0,0,0
Falken,F28041376,ZIEX CT60 255/65R18 111H SL 31,28041376,https://assets.wheelpros.com/transform/9439da7c-0b3d-4cb7-af91-94035543a283/FALKEN-ZIEX-CT60-AS_Standard-png?size=500,SO,0,338.00,0.00,04/26/2026 4:06:30 PM,10,0,0,0,0,0,0,0,0,0,0,0,0,0,0
Falken,F28041777,ZIEX CT60 275/50R20 109H SL 31,28041777,https://assets.wheelpros.com/transform/9439da7c-0b3d-4cb7-af91-94035543a283/FALKEN-ZIEX-CT60-AS_Standard-png?size=500,ST,0,387.00,0.00,04/26/2026 4:06:30 PM,10,0,0,0,0,0,0,0,0,0,0,0,0,0,0
Falken,F28041897,ZIEX CT60 275/60R18 117H XL 31,28041897,https://assets.wheelpros.com/transform/9439da7c-0b3d-4cb7-af91-94035543a283/FALKEN-ZIEX-CT60-AS_Standard-png?size=500,ST,0,357.00,0.00,04/26/2026 4:06:30 PM,10,0,0,0,0,0,0,0,0,0,0,0,0,0,0
Falken,F28042024,ZIEX CT60 285/50R20 112V SL 31,28042024,https://assets.wheelpros.com/transform/9439da7c-0b3d-4cb7-af91-94035543a283/FALKEN-ZIEX-CT60-AS_Standard-png?size=500,ST,0,386.00,0.00,04/26/2026 4:06:30 PM,10,0,0,0,0,0,0,0,0,0,0,0,0,0,0
Falken,F28042032,ZIEX CT60 275/55R19 111V SL 30.9,28042032,https://assets.wheelpros.com/transform/9439da7c-0b3d-4cb7-af91-94035543a283/FALKEN-ZIEX-CT60-AS_Standard-png?size=500,SO,0,422.00,0.00,04/26/2026 4:06:30 PM,10,0,0,0,0,0,0,0,0,0,0,0,0,0,0
Falken,F28042854,ZIEX CT60 265/60R18 110V SL 31,28042854,https://assets.wheelpros.com/transform/9439da7c-0b3d-4cb7-af91-94035543a283/FALKEN-ZIEX-CT60-AS_Standard-png?size=500,ST,0,353.00,0.00,04/26/2026 4:06:30 PM,10,0,0,0,0,0,0,0,0,0,0,0,0,0,0
Falken,F28042950,ZIEX CT60 255/55R20 110V XL 31,28042950,https://assets.wheelpros.com/transform/9439da7c-0b3d-4cb7-af91-94035543a283/FALKEN-ZIEX-CT60-AS_Standard-png?size=500,ST,0,342.00,0.00,04/26/2026 4:06:30 PM,10,0,0,0,0,0,0,0,0,0,0,0,0,0,0
Falken,F28043875,ZIEX CT60 255/55R20 107V SL 31,28043875,https://assets.wheelpros.com/transform/9439da7c-0b3d-4cb7-af91-94035543a283/FALKEN-ZIEX-CT60-AS_Standard-png?size=500,SO,0,356.00,0.00,04/26/2026 4:06:30 PM,10,0,0,0,0,0,0,0,0,0,0,0,0,0,0
Falken,F28045772,ZIEX CT60 255/60R19 109H SL 31,28045772,https://assets.wheelpros.com/transform/9439da7c-0b3d-4cb7-af91-94035543a283/FALKEN-ZIEX-CT60-AS_Standard-png?size=500,SO,0,360.00,0.00,04/26/2026 4:06:30 PM,10,0,0,0,0,0,0,0,0,0,0,0,0,0,0
Falken,F28063777,AZENIS FK510 SUV 275/50R20 113Y XL 31.1,28063777,https://images.wheelpros.com/m500/mFK510.png,SO,0,339.00,0.00,04/26/2026 4:06:30 PM,10,0,0,0,0,0,0,0,0,0,0,0,0,0,0
Falken,F28105018,AZENIS FK460 295/45R20 114Y XL 30.5,28105018,,ST,0,438.00,0.00,04/26/2026 4:06:30 PM,10,0,0,0,0,0,0,0,0,0,0,0,0,0,0
Falken,F28105808,AZENIS FK460 275/45R21 110Y XL 30.7,28105808,https://images.wheelpros.com/m500/mTIRE.png,NW,0,417.00,0.00,04/26/2026 4:06:30 PM,10,0,0,0,0,0,0,0,0,0,0,0,0,0,0
Falken,F28105950,AZENIS FK460 255/55R20 110Y XL 31,28105950,,ST,0,316.00,0.00,04/26/2026 4:06:30 PM,10,0,0,0,0,0,0,0,0,0,0,0,0,0,0
Falken,F28391598,AKLIMATE 255/60R19 109H SL 31.1,28391598,https://images.wheelpros.com/m500/mTIRE.png,NW,0,316.00,0.00,04/26/2026 4:06:30 PM,10,0,0,0,0,0,0,0,0,0,0,0,0,0,0
Falken,F28391599,AKLIMATE 255/65R18 111H SL 31.1,28391599,https://images.wheelpros.com/m500/mTIRE.png,NW,0,303.00,0.00,04/26/2026 4:06:30 PM,10,0,0,0,0,0,0,0,0,0,0,0,0,0,0
Falken,F28391865,AKLIMATE 255/55R20 107H SL 31,28391865,https://images.wheelpros.com/m500/mTIRE.png,NW,0,292.00,0.00,04/26/2026 4:06:30 PM,10,0,0,0,0,0,0,0,0,0,0,0,0,0,0
Falken,F28392243,AKLIMATE 285/50R20 116V XL 31.3,28392243,https://images.wheelpros.com/m500/mTIRE.png,NW,0,350.00,0.00,04/26/2026 4:06:30 PM,10,0,0,0,0,0,0,0,0,0,0,0,0,0,0
Falken,F28392459,AKLIMATE 265/50R20 111V XL 30.5,28392459,https://images.wheelpros.com/m500/mTIRE.png,NW,0,317.00,0.00,04/26/2026 4:06:30 PM,10,0,0,0,0,0,0,0,0,0,0,0,0,0,0
Falken,F28392555,AKLIMATE 265/60R18 110V SL 30.5,28392555,https://images.wheelpros.com/m500/mTIRE.png,NW,0,304.00,0.00,04/26/2026 4:06:30 PM,10,0,0,0,0,0,0,0,0,0,0,0,0,0,0
Falken,F28516322,WDPEAK MT LT31X10.50R15 109Q C 30.75,28516322,https://images.wheelpros.com/m500/mFWPMT.png,SO,0,338.00,0.00,04/26/2026 4:06:30 PM,10,0,0,0,0,0,0,0,0,0,0,0,0,0,0
Falken,F28711813,WDPEAK AT TRL 255/60R19 109H SL 31.1,28711813,https://images.wheelpros.com/m500/mFTWPK.png,SO,0,317.00,0.00,04/26/2026 4:06:30 PM,10,0,0,0,0,0,0,0,0,0,0,0,0,0,0
Falken,F28711822,WDPEAK AT TRL 255/65R18 111H SL 31.1,28711822,https://images.wheelpros.com/m500/mFTWPK.png,SO,1,308.00,0.00,04/26/2026 4:06:30 PM,10,1,0,0,0,0,0,0,0,0,0,0,0,0,0
Falken,F28712011,WDPEAK AT TRL 265/50R20 111V XL 30.6,28712011,https://images.wheelpros.com/m500/mFTWPK.png,SO,0,322.00,0.00,04/26/2026 4:06:30 PM,10,0,0,0,0,0,0,0,0,0,0,0,0,0,0
Falken,F28712950,WDPEAK AT TRL 255/55R20 110V XL 31,28712950,https://images.wheelpros.com/m500/mFTWPK.png,SO,0,294.00,0.00,04/26/2026 4:06:30 PM,10,0,0,0,0,0,0,0,0,0,0,0,0,0,0
Falken,F28821854,WDPEAK HT02 265/60R18 110H SL 30.5,28821854,https://images.wheelpros.com/m500/mFTWPK.png,ST,0,267.00,0.00,04/26/2026 4:06:30 PM,10,0,0,0,0,0,0,0,0,0,0,0,0,0,0
Falken,F28824606,WDPEAK HT02 265/70R16 112T SL 30.6,28824606,https://images.wheelpros.com/m500/mFTWPK.png,SO,0,212.00,0.00,04/26/2026 4:06:30 PM,10,0,0,0,0,0,0,0,0,0,0,0,0,0,0
Falken,F28824617,WDPEAK HT02 245/70R17 110T SL 30.6,28824617,https://images.wheelpros.com/m500/mFTWPK.png,SO,0,229.00,0.00,04/26/2026 4:06:30 PM,10,0,0,0,0,0,0,0,0,0,0,0,0,0,0
Falken,F28824721,WDPEAK HT02 265/65R17 112T SL 30.6,28824721,https://images.wheelpros.com/m500/mFTWPK.png,SO,0,256.00,0.00,04/26/2026 4:06:30 PM,10,0,0,0,0,0,0,0,0,0,0,0,0,0,0
Falken,F28824769,WDPEAK HT02 255/70R17 112T SL 31.1,28824769,https://images.wheelpros.com/m500/mFTWPK.png,SO,0,257.00,0.00,04/26/2026 4:06:30 PM,10,0,0,0,0,0,0,0,0,0,0,0,0,0,0
Falken,F28827718,WDPEAK HT02 LT245/70R17 119/116R E 30.6,28827718,https://images.wheelpros.com/m500/mFTWPK.png,SO,0,287.00,0.00,04/26/2026 4:06:30 PM,10,0,0,0,0,0,0,0,0,0,0,0,0,0,0
Falken,F28840114,WDPEAK AT4W LT31X10.50R15 109S C 31.1,28840114,https://images.wheelpros.com/m500/mFTWPK4.png,ST,0,271.00,0.00,04/26/2026 4:06:30 PM,10,0,0,0,0,0,0,0,0,0,0,0,0,0,0
Falken,F28840718,WDPEAK AT4W LT245/70R17 119/116S E 30.8,28840718,https://images.wheelpros.com/m500/mFTWPK4.png,ST,12,320.00,0.00,04/26/2026 4:06:30 PM,10,0,0,0,0,0,0,0,0,0,0,0,0,4,8
Falken,F28844146,WDPEAK AT4W 245/75R16 115T XL 30.5,28844146,https://images.wheelpros.com/m500/mFTWPK4.png,ST,0,250.00,0.00,04/26/2026 4:06:30 PM,10,0,0,0,0,0,0,0,0,0,0,0,0,0,0
Falken,F28844667,WDPEAK AT4W 265/70R16 112T SL 30.6,28844667,https://images.wheelpros.com/m500/mFTWPK4.png,ST,0,274.00,0.00,04/26/2026 4:06:30 PM,10,0,0,0,0,0,0,0,0,0,0,0,0,0,0
Falken,F28844721,WDPEAK AT4W 265/65R17 116T XL 30.6,28844721,https://images.wheelpros.com/m500/mFTWPK4.png,ST,22,300.00,0.00,04/26/2026 4:06:30 PM,10,0,0,0,0,0,0,0,0,0,0,0,0,6,16
Falken,F28844737,WDPEAK AT4W 235/75R17 109T SL 30.9,28844737,https://images.wheelpros.com/m500/mFTWPK4.png,ST,0,303.00,0.00,04/26/2026 4:06:30 PM,10,0,0,0,0,0,0,0,0,0,0,0,0,0,0
Falken,F28844747,WDPEAK AT4W 245/70R17 114T XL 30.6,28844747,https://images.wheelpros.com/m500/mFTWPK4.png,ST,0,305.00,0.00,04/26/2026 4:06:30 PM,10,0,0,0,0,0,0,0,0,0,0,0,0,0,0
Falken,F28844769,WDPEAK AT4W 255/70R17 112T SL 31.1,28844769,https://images.wheelpros.com/m500/mFTWPK4.png,ST,0,288.00,0.00,04/26/2026 4:06:30 PM,10,0,0,0,0,0,0,0,0,0,0,0,0,0,0
Falken,F28844854,WDPEAK AT4W 265/60R18 114T XL 30.5,28844854,https://images.wheelpros.com/m500/mFTWPK4.png,ST,0,337.00,0.00,04/26/2026 4:06:30 PM,10,0,0,0,0,0,0,0,0,0,0,0,0,0,0
OHTSU,F30270711,AT4000 245/75-17 121S 31.48,,https://images.wheelpros.com/m500/mAT400.png,SO,0,189.00,0.00,04/26/2026 4:06:30 PM,10,0,0,0,0,0,0,0,0,0,0,0,0,0,0
OHTSU,F30270718,AT4000 245/70-17 119Q 30.77,,https://images.wheelpros.com/m500/mAT400.png,SO,0,179.00,0.00,04/26/2026 4:06:30 PM,10,0,0,0,0,0,0,0,0,0,0,0,0,0,0
OHTSU,F30270769,AT4000 255/70-17 112S 31,,https://images.wheelpros.com/m500/mAT400.png,SO,0,170.00,0.00,04/26/2026 4:06:30 PM,10,0,0,0,0,0,0,0,0,0,0,0,0,0,0
OHTSU,F30501024,ST5000 285/50-20 112H 31.34,,https://images.wheelpros.com/m500/mST500.png,SO,2,339.00,0.00,04/26/2026 4:06:30 PM,10,0,0,0,0,0,0,0,0,0,0,0,0,2,0
Falken,F59000470,WDPEAK AT3WA 265/60R18 110H SL 30.6,59000470,https://images.wheelpros.com/m500/mFWPK3.png,SO,0,368.00,0.00,04/26/2026 4:06:30 PM,10,0,0,0,0,0,0,0,0,0,0,0,0,0,0
Falken,F59000960,ZIEX CT60A 275/45R21 107W SL 30.9,59000960,https://images.wheelpros.com/m500/mTIRE.png,NW,0,362.00,0.00,04/26/2026 4:06:30 PM,10,0,0,0,0,0,0,0,0,0,0,0,0,0,0
Falken,F59000970,ZIEX CT60A 275/45R21 110W XL 30.9,59000970,https://images.wheelpros.com/m500/mTIRE.png,NW,8,362.00,0.00,04/26/2026 4:06:30 PM,10,0,0,0,0,0,0,0,0,0,0,0,0,8,0
Falken,F59001000,WDPEAK AT3WA MO 265/60R18 114H 30.5,59001000,https://images.wheelpros.com/m500/mFWPK3B.png,NW,0,384.00,0.00,04/26/2026 4:06:30 PM,10,0,0,0,0,0,0,0,0,0,0,0,0,0,0
Milestar,M22021001,PATAG AT PRO 235/75R17 109T SL 30.9,22021001,,ST,0,126.00,0.00,04/26/2026 4:06:30 PM,10,0,0,0,0,0,0,0,0,0,0,0,0,0,0
Milestar,M22275056,STLPRO MS597 LT245/75R16 120/116Q E 30.5,22275056,,ST,0,101.00,0.00,04/26/2026 4:06:30 PM,10,0,0,0,0,0,0,0,0,0,0,0,0,0,0
Milestar,M24272018,PATAG AT PRO 265/70R16 112T SL 30.6,24272018,,ST,1,122.00,0.00,04/26/2026 4:06:30 PM,10,0,1,0,0,0,0,0,0,0,0,0,0,0,0
Milestar,M24552614,PATAG AT PRO 245/70R17 114T XL 30.6,24552614,,ST,0,130.00,0.00,04/26/2026 4:06:30 PM,10,0,0,0,0,0,0,0,0,0,0,0,0,0,0
Milestar,M24583310,PATAG AT PRO 265/60R18 114T XL 30.5,24583310,,ST,0,136.00,0.00,04/26/2026 4:06:30 PM,10,0,0,0,0,0,0,0,0,0,0,0,0,0,0
Milestar,M24629011,PATAG AT PRO 255/70R17 112T SL 31.1,24629011,,ST,0,130.00,0.00,04/26/2026 4:06:30 PM,10,0,0,0,0,0,0,0,0,0,0,0,0,0,0
Milestar,M24689017,PATAG AT PRO 265/65R17 116T XL 30.6,24689017,,ST,0,127.00,0.00,04/26/2026 4:06:30 PM,10,0,0,0,0,0,0,0,0,0,0,0,0,0,0
Milestar,M24768011,PATAG AT PRO 245/75R16 115T XL 30.5,24768011,,ST,0,113.00,0.00,04/26/2026 4:06:30 PM,10,0,0,0,0,0,0,0,0,0,0,0,0,0,0
EFX,MC-31-10-15,MOTOCLAW 31X10R15 80J 31,MC-31-10-15,https://assets.wheelpros.com/transform/0a72f5d9-b494-4b43-8c1c-142b7eeb0676/EFX-MOTOCLAW-MC-32-10-16-A1-png?size=500,ST,47,287.00,287.00,04/26/2026 4:06:30 PM,20,16,0,15,0,16,0,0,0,0,0,0,0,0,0
EFX,MH-31-10-14,MOTOHAMMER 31X10R14 80J 31,MH-31-10-14,https://assets.wheelpros.com/transform/6def0fb7-44ff-4013-b377-97968ce9eaaf/EFX-MOTOHAMMER-MH-32-10-15-A1-png?size=500,ST,27,352.00,352.00,04/26/2026 4:06:30 PM,20,12,0,2,0,1,0,0,0,0,0,0,0,12,0
EFX,MK-31-85-14,MOTOHAVOK 31X8.5-14 J 31,MK-31-85-14,https://assets.wheelpros.com/transform/5937204d-8e44-4e24-b615-0dc7fe5c42e3/EFX-MOTOHAVOK-MK-30-85-16-A1-png?size=500,ST,12,289.00,289.00,04/26/2026 4:06:30 PM,20,0,0,0,0,12,0,0,0,0,0,0,0,0,0
Mickey Thompson Tire,MTT254475,ET STREET R 315/55R17 116 30.6,90000040949,https://images.wheelpros.com/m500/mMTETTE.png,ST,0,670.00,0.00,04/26/2026 4:06:30 PM,10,0,0,0,0,0,0,0,0,0,0,0,0,0,0
Mickey Thompson Tire,MTT255655,SPORTSMAN SR 31X18.00R15LT 99H B 31,255655,https://images.wheelpros.com/m500/mTIRE.png,ST,0,897.00,896.55,04/26/2026 4:06:30 PM,10,0,0,0,0,0,0,0,0,0,0,0,0,0,0
Mickey Thompson Tire,MTT255672,SPORTSMAN SR 31X16.00R15LT 105H B 31,255672,https://images.wheelpros.com/m500/mTIRE.png,ST,0,838.00,837.96,04/26/2026 4:06:30 PM,10,0,0,0,0,0,0,0,0,0,0,0,0,0,0
Mickey Thompson Tire,MTT315001003,ET STREET SS 305/45R20 112 31.1,90000040946,https://images.wheelpros.com/m500/mMTETTG.png,ST,0,819.00,0.00,04/26/2026 4:06:30 PM,10,0,0,0,0,0,0,0,0,0,0,0,0,0,0
Mickey Thompson Tire,MTT315081004,ET STREET R 315/55R17 116 30.6,90000040949,https://images.wheelpros.com/m500/mMTETTE.png,ST,0,709.00,0.00,04/26/2026 4:06:30 PM,10,0,0,0,0,0,0,0,0,0,0,0,0,0,0
Mickey Thompson Tire,MTT321043004,SPORTSMAN SR LT31X18.00R20 94H 31.1,90000000221,https://images.wheelpros.com/m500/mMTSPOB.png,ST,0,1265.00,0.00,04/26/2026 4:06:30 PM,10,0,0,0,0,0,0,0,0,0,0,0,0,0,0
Mickey Thompson Tire,MTT321059004,SPORTSMAN SR 31X16.00R15LT 105H B 31,255672,https://images.wheelpros.com/m500/mTIRE.png,ST,0,940.00,0.00,04/26/2026 4:06:30 PM,10,0,0,0,0,0,0,0,0,0,0,0,0,0,0
Mickey Thompson Tire,MTT321065004,SPORTSMAN SR 31X18.00R15LT 99H B 31,255655,https://images.wheelpros.com/m500/mTIRE.png,ST,0,1006.00,0.00,04/26/2026 4:06:30 PM,10,0,0,0,0,0,0,0,0,0,0,0,0,0,0
Mickey Thompson Tire,MTT331001001,BAJ BOSS AT LT265/65-17 120Q 30.5,90000036815,https://images.wheelpros.com/m500/mMTBAJB.png,NW,0,379.00,0.00,04/26/2026 4:06:30 PM,10,0,0,0,0,0,0,0,0,0,0,0,0,0,0
Mickey Thompson Tire,MTT331002001,BAJ BOSS AT LT265/60-18 119Q 30.8,90000036825,https://images.wheelpros.com/m500/mMTBAJB.png,NW,0,407.00,0.00,04/26/2026 4:06:30 PM,10,0,0,0,0,0,0,0,0,0,0,0,0,0,0
Mickey Thompson Tire,MTT331055003,BAJ LGND EXP LT31X10.50-15 109Q 30.8,90000067166,https://images.wheelpros.com/m500/mMTBAJD.png,NW,0,271.00,0.00,04/26/2026 4:06:30 PM,10,0,0,0,0,0,0,0,0,0,0,0,0,0,0
Mickey Thompson Tire,MTT331056003,BAJ LGND EXP 265/65R17 120/117Q 30.8,90000067175,https://images.wheelpros.com/m500/mMTBAJD.png,ST,0,330.00,0.00,04/26/2026 4:06:30 PM,10,0,0,0,0,0,0,0,0,0,0,0,0,0,0
Mickey Thompson Tire,MTT331119011,BAJ LGND MTZ LT31X10.50-15 109Q 30.8,90000056178,https://images.wheelpros.com/m500/mMTBAJE.png,NW,0,314.00,0.00,04/26/2026 4:06:30 PM,10,0,0,0,0,0,0,0,0,0,0,0,0,0,0
Mickey Thompson Tire,MTT331228003,BAJ LGND EXP 265/70R16 121/118Q 30.9,90000067170,https://images.wheelpros.com/m500/mMTBAJD.png,ST,0,318.00,0.00,04/26/2026 4:06:30 PM,10,0,0,0,0,0,0,0,0,0,0,0,0,0,0
Mickey Thompson Tire,MTT331310002,BAJ LGND EXP LT265/60R18 119/116Q 30.51,90000119685,https://images.wheelpros.com/m500/mTIRE.png,ST,0,351.00,0.00,04/26/2026 4:06:30 PM,10,0,0,0,0,0,0,0,0,0,0,0,0,0,0
Mickey Thompson Tire,MTT340001003,BAJ BOSS AT 265/70-16 112T 30.8,90000049672,https://images.wheelpros.com/m500/mMTBAJB.png,NW,0,297.00,0.00,04/26/2026 4:06:30 PM,10,0,0,0,0,0,0,0,0,0,0,0,0,0,0
Mickey Thompson Tire,MTT340014003,BAJ BOSS AT 265/60-18 114T 30.8,90000049677,https://images.wheelpros.com/m500/mMTBAJB.png,NW,0,376.00,0.00,04/26/2026 4:06:30 PM,10,0,0,0,0,0,0,0,0,0,0,0,0,0,0
Mickey Thompson Tire,MTT365029011,ET DRAG 31.0/13.0-15 31,90000000871,https://images.wheelpros.com/m500/mMTETTA.png,ST,0,577.00,0.00,04/26/2026 4:06:30 PM,10,0,0,0,0,0,0,0,0,0,0,0,0,0,0
Mickey Thompson Tire,MTT365102011,ET DRAG 31.0/10.5-15 31.3,90000000869,https://images.wheelpros.com/m500/mMTETTA.png,ST,0,557.00,0.00,04/26/2026 4:06:30 PM,10,0,0,0,0,0,0,0,0,0,0,0,0,0,0
Mickey Thompson Tire,MTT90000000221,SPORTSMAN SR LT31X18.00R20 94H 31.1,90000000221,https://images.wheelpros.com/m500/mMTSPOB.png,ST,0,1133.00,1133.01,04/26/2026 4:06:30 PM,10,0,0,0,0,0,0,0,0,0,0,0,0,0,0
Mickey Thompson Tire,MTT90000000869,ET DRAG 31.0/10.5-15 31.3,90000000869,https://images.wheelpros.com/m500/mMTETTA.png,ST,2,497.00,497.02,04/26/2026 4:06:30 PM,10,2,0,0,0,0,0,0,0,0,0,0,0,0,0
Mickey Thompson Tire,MTT90000000871,ET DRAG 31.0/13.0-15 31,90000000871,https://images.wheelpros.com/m500/mMTETTA.png,ST,0,505.00,504.98,04/26/2026 4:06:30 PM,10,0,0,0,0,0,0,0,0,0,0,0,0,0,0
Mickey Thompson Tire,MTT90000036815,BAJ BOSS AT LT265/65-17 120Q 30.5,90000036815,https://images.wheelpros.com/m500/mMTBAJB.png,NW,28,391.00,415.70,04/26/2026 4:06:30 PM,10,16,0,0,0,8,0,0,4,0,0,0,0,0,0
Mickey Thompson Tire,MTT90000036825,BAJ BOSS AT LT265/60-18 119Q 30.8,90000036825,https://images.wheelpros.com/m500/mMTBAJB.png,NW,19,408.00,433.13,04/26/2026 4:06:30 PM,10,16,0,0,0,0,0,0,0,0,0,0,0,0,3
Mickey Thompson Tire,MTT90000040946,ET STREET SS 305/45R20 112 31.1,90000040946,https://images.wheelpros.com/m500/mMTETTG.png,ST,0,723.00,722.88,04/26/2026 4:06:30 PM,10,0,0,0,0,0,0,0,0,0,0,0,0,0,0
Mickey Thompson Tire,MTT90000040949,ET STREET R 315/55R17 116 30.6,90000040949,https://images.wheelpros.com/m500/mMTETTE.png,ST,8,639.00,638.62,04/26/2026 4:06:30 PM,10,0,8,0,0,0,0,0,0,0,0,0,0,0,0
Mickey Thompson Tire,MTT90000049672,BAJ BOSS AT 265/70-16 112T 30.8,90000049672,https://images.wheelpros.com/m500/mMTBAJB.png,NW,4,306.00,325.58,04/26/2026 4:06:30 PM,10,0,4,0,0,0,0,0,0,0,0,0,0,0,0
Mickey Thompson Tire,MTT90000049677,BAJ BOSS AT 265/60-18 114T 30.8,90000049677,https://images.wheelpros.com/m500/mMTBAJB.png,NW,0,377.00,400.21,04/26/2026 4:06:30 PM,10,0,0,0,0,0,0,0,0,0,0,0,0,0,0
Mickey Thompson Tire,MTT90000056178,BAJ LGND MTZ LT31X10.50-15 109Q 30.8,90000056178,https://images.wheelpros.com/m500/mMTBAJE.png,NW,20,324.00,344.55,04/26/2026 4:06:30 PM,10,0,4,0,0,16,0,0,0,0,0,0,0,0,0
Mickey Thompson Tire,MTT90000067166,BAJ LGND EXP LT31X10.50-15 109Q 30.8,90000067166,https://images.wheelpros.com/m500/mMTBAJD.png,NW,19,286.00,304.10,04/26/2026 4:06:30 PM,10,0,3,0,0,16,0,0,0,0,0,0,0,0,0
Mickey Thompson Tire,MTT90000067170,BAJ LGND EXP 265/70R16 121/118Q 30.9,90000067170,https://images.wheelpros.com/m500/mMTBAJD.png,ST,0,336.00,357.11,04/26/2026 4:06:30 PM,10,0,0,0,0,0,0,0,0,0,0,0,0,0,0
Mickey Thompson Tire,MTT90000067175,BAJ LGND EXP 265/65R17 120/117Q 30.8,90000067175,https://images.wheelpros.com/m500/mMTBAJD.png,ST,0,356.00,378.31,04/26/2026 4:06:30 PM,10,0,0,0,0,0,0,0,0,0,0,0,0,0,0
Mickey Thompson Tire,MTT90000067184,265/60R18 BAJA EXP E/10 2656018,90000067184,https://images.wheelpros.com/m500/mMTBAJD.png,N2,0,323.00,0.00,04/26/2026 4:06:30 PM,10,0,0,0,0,0,0,0,0,0,0,0,0,0,0
Mickey Thompson Tire,MTT90000119685,BAJ LGND EXP LT265/60R18 119/116Q 30.51,90000119685,https://images.wheelpros.com/m500/mTIRE.png,ST,0,371.00,394.07,04/26/2026 4:06:30 PM,10,0,0,0,0,0,0,0,0,0,0,0,0,0,0
Nitto,N200-290,NTGAT P235/75R17 112S 30.87,200290,https://images.wheelpros.com/m500/mNT200.png,N2,1,223.00,0.00,04/26/2026 4:06:30 PM,10,0,0,0,0,0,0,0,0,0,0,0,0,0,1
Nitto,N202-480,NT420S 275/55R19 111V 30.99,202480,https://images.wheelpros.com/m500/mNT420.png,N2,8,289.00,0.00,04/26/2026 4:06:30 PM,10,0,0,0,0,0,0,0,0,0,0,0,0,8,0
Nitto,N205-050,DURA GRAP LT245/70R17 119/116R E 30.5,205050,https://assets.wheelpros.com/transform/6e9d4bbd-13b6-4ab4-91ec-e1b6f164d0c1/Nitto-Dura-Grappler_Standard-png?size=500,ST,0,333.00,0.00,04/26/2026 4:06:30 PM,10,0,0,0,0,0,0,0,0,0,0,0,0,0,0
Nitto,N205-160,DURA GRAP 265/60R18 110H SL 30.6,205160,https://assets.wheelpros.com/transform/6e9d4bbd-13b6-4ab4-91ec-e1b6f164d0c1/Nitto-Dura-Grappler_Standard-png?size=500,ST,0,345.00,0.00,04/26/2026 4:06:30 PM,10,0,0,0,0,0,0,0,0,0,0,0,0,0,0
Nitto,N205-170,DURA GRAP 265/65R17 112T SL 30.5,205170,https://assets.wheelpros.com/transform/6e9d4bbd-13b6-4ab4-91ec-e1b6f164d0c1/Nitto-Dura-Grappler_Standard-png?size=500,ST,0,301.00,0.00,04/26/2026 4:06:30 PM,10,0,0,0,0,0,0,0,0,0,0,0,0,0,0
Nitto,N207-480,NT420V 275/40R22 107V XL 30.6,207480,https://assets.wheelpros.com/transform/675d5a8a-c369-41d5-9227-3240429692c5/Nitto-NT420V_Standard-png?size=500,ST,6,439.00,0.00,04/26/2026 4:06:30 PM,10,0,0,0,2,0,0,0,0,0,0,0,0,0,4
Nitto,N207-490,NT420V 285/40R22 110W XL 30.9,207490,https://assets.wheelpros.com/transform/675d5a8a-c369-41d5-9227-3240429692c5/Nitto-NT420V_Standard-png?size=500,ST,35,463.00,0.00,04/26/2026 4:06:30 PM,10,11,0,0,0,0,0,0,0,0,0,0,0,12,12
Nitto,N207-640,NT420V 285/50R20 116V XL 31.2,207640,https://assets.wheelpros.com/transform/675d5a8a-c369-41d5-9227-3240429692c5/Nitto-NT420V_Standard-png?size=500,ST,0,365.00,0.00,04/26/2026 4:06:30 PM,10,0,0,0,0,0,0,0,0,0,0,0,0,0,0
Nitto,N207-760,NT420V 325/35R22 114W XL 30.9,207760,https://assets.wheelpros.com/transform/675d5a8a-c369-41d5-9227-3240429692c5/Nitto-NT420V_Standard-png?size=500,ST,14,569.00,0.00,04/26/2026 4:06:30 PM,10,0,0,0,0,0,0,0,0,0,0,0,0,14,0
Nitto,N208-360,SN3 285/50R20 116H 31.3,208360,https://images.wheelpros.com/m500/mNTSN3.png,SO,24,367.00,0.00,04/26/2026 4:06:30 PM,10,0,0,0,0,0,0,0,0,0,0,0,0,16,8
Nitto,N208-550,SN3 265/60R18 110H 30.5,208550,https://images.wheelpros.com/m500/mNTSN3.png,SO,0,297.00,0.00,04/26/2026 4:06:30 PM,10,0,0,0,0,0,0,0,0,0,0,0,0,0,0
Nitto,N208-610,SN3 265/50R20 107H 30.5,208610,https://images.wheelpros.com/m500/mNTSN3.png,SO,13,347.00,0.00,04/26/2026 4:06:30 PM,10,0,0,0,0,0,0,0,0,0,0,0,0,13,0
Nitto,N210-400,MOTIVO 275/55ZR19 111W SL 31.3,210400,https://images.wheelpros.com/m500/mNTINV.png,N2,10,404.00,0.00,04/26/2026 4:06:30 PM,10,0,0,0,0,0,0,0,0,0,0,0,0,4,6
Nitto,N210-720,NT421Q 265/60R18 114V XL 30.5,210720,https://images.wheelpros.com/m500/mNT421.png,N2,0,311.00,0.00,04/26/2026 4:06:30 PM,10,0,0,0,0,0,0,0,0,0,0,0,0,0,0
Nitto,N210-740,NT421Q 255/65R18 115H XL 31,210740,https://images.wheelpros.com/m500/mNT421.png,N2,12,314.00,0.00,04/26/2026 4:06:30 PM,10,0,0,0,0,0,0,0,0,0,0,0,0,12,0
Nitto,N210-900,NT421Q 255/55R20 110H XL 31,210900,https://images.wheelpros.com/m500/mNT421.png,N2,0,360.00,0.00,04/26/2026 4:06:30 PM,10,0,0,0,0,0,0,0,0,0,0,0,0,0,0
Nitto,N211-980,NOMAD GRAP 245/70R17 114T XL 30.5,211980,https://assets.wheelpros.com/transform/728fb739-8007-4c06-bd8b-96a0b6519ade/NITTO-NOMAD-GRAPPLER_STANDARD-png?size=500,ST,0,278.00,0.00,04/26/2026 4:06:30 PM,10,0,0,0,0,0,0,0,0,0,0,0,0,0,0
Nitto,N211-990,NOMAD GRAP 265/60R18 114H XL 30.5,211990,https://assets.wheelpros.com/transform/728fb739-8007-4c06-bd8b-96a0b6519ade/NITTO-NOMAD-GRAPPLER_STANDARD-png?size=500,ST,0,344.00,0.00,04/26/2026 4:06:30 PM,10,0,0,0,0,0,0,0,0,0,0,0,0,0,0
Nitto,N212-140,NOMAD GRAP 255/65R18 115T XL 31,212140,https://assets.wheelpros.com/transform/728fb739-8007-4c06-bd8b-96a0b6519ade/NITTO-NOMAD-GRAPPLER_STANDARD-png?size=500,ST,0,343.00,0.00,04/26/2026 4:06:30 PM,10,0,0,0,0,0,0,0,0,0,0,0,0,0,0
Nitto,N212-170,NOMAD GRAP 255/55R20 110H XL 31,212170,https://assets.wheelpros.com/transform/728fb739-8007-4c06-bd8b-96a0b6519ade/NITTO-NOMAD-GRAPPLER_STANDARD-png?size=500,ST,0,402.00,0.00,04/26/2026 4:06:30 PM,10,0,0,0,0,0,0,0,0,0,0,0,0,0,0
Nitto,N212-260,NOMAD GRAP 265/65R17 116T XL 30.5,212260,https://assets.wheelpros.com/transform/728fb739-8007-4c06-bd8b-96a0b6519ade/NITTO-NOMAD-GRAPPLER_STANDARD-png?size=500,ST,0,324.00,0.00,04/26/2026 4:06:30 PM,10,0,0,0,0,0,0,0,0,0,0,0,0,0,0
Nitto,N212-340,NOMAD GRAP 285/50R20 116H XL 31.2,212340,https://assets.wheelpros.com/transform/728fb739-8007-4c06-bd8b-96a0b6519ade/NITTO-NOMAD-GRAPPLER_STANDARD-png?size=500,ST,32,449.00,0.00,04/26/2026 4:06:30 PM,10,16,8,0,0,0,0,0,0,0,0,0,0,8,0
Nitto,N212-420,NT420V 295/30R24 104 W 31.02,212420,https://assets.wheelpros.com/transform/675d5a8a-c369-41d5-9227-3240429692c5/Nitto-NT420V_Standard-png?size=500,NW,6,615.00,0.00,04/26/2026 4:06:30 PM,10,0,3,0,0,0,0,0,0,0,0,0,0,3,0
Nitto,N215-260,NTGA2 265/65R17 116S 30.55,215260,https://images.wheelpros.com/m500/mNTGA2.png,N2,0,262.00,0.00,04/26/2026 4:06:30 PM,10,0,0,0,0,0,0,0,0,0,0,0,0,0,0
Nitto,N215-480,NTGA2 285/50R20 111T 31.26,215480,https://images.wheelpros.com/m500/mNTGA2.png,N2,0,369.00,0.00,04/26/2026 4:06:30 PM,10,0,0,0,0,0,0,0,0,0,0,0,0,0,0
Nitto,N216-210,TER GRAP G2 265/50-20 30.5,216210,https://images.wheelpros.com/m500/mNTGA2.png,SO,0,412.00,0.00,04/26/2026 4:06:30 PM,10,0,0,0,0,0,0,0,0,0,0,0,0,0,0
Nitto,N216-440,TER GRAP G2 265/60R18 114T XL 30.5,216440,https://images.wheelpros.com/m500/mNTG2W.png,ST,0,367.00,0.00,04/26/2026 4:06:30 PM,10,0,0,0,0,0,0,0,0,0,0,0,0,0,0
Nitto,N216-450,TER GRAP G2 285/60R18 120S XL 31.4,216450,https://images.wheelpros.com/m500/mNTG2W.png,ST,4,414.00,0.00,04/26/2026 4:06:30 PM,10,0,0,0,0,0,0,0,0,0,0,0,0,4,0
Nitto,N216-580,TER GRAP G2 265/65R17 116T XL 30.5,216580,https://images.wheelpros.com/m500/mNTGA2.png,NW,3,339.00,0.00,04/26/2026 4:06:30 PM,10,0,0,0,0,0,0,0,0,0,0,0,0,3,0
Nitto,N216-650,TER GRAP G2 265/70R16 116T XL 30.6,216650,https://images.wheelpros.com/m500/mNTGA2.png,ST,0,312.00,0.00,04/26/2026 4:06:30 PM,10,0,0,0,0,0,0,0,0,0,0,0,0,0,0
Nitto,N216-680,TER GRAP G2 235/75R17 113S XL 30.8,216680,https://images.wheelpros.com/m500/mNTGA2.png,ST,8,282.00,0.00,04/26/2026 4:06:30 PM,10,0,4,4,0,0,0,0,0,0,0,0,0,0,0
Nitto,N216-690,TER GRAP G2 255/70R17 116S XL 31.1,216690,https://images.wheelpros.com/m500/mNTG2W.png,ST,0,312.00,0.00,04/26/2026 4:06:30 PM,10,0,0,0,0,0,0,0,0,0,0,0,0,0,0
Nitto,N217-700,RIDGE GRAP 265/60R18 114S XL 30.5,217700,https://assets.wheelpros.com/transform/8cd67eb1-99b1-477c-b4b6-3c7d11774b70/Nitto-RidgeGrappler_Standard-png?size=500,ST,1,424.00,0.00,04/26/2026 4:06:30 PM,10,0,0,0,1,0,0,0,0,0,0,0,0,0,0
Nitto,N217-770,RIDGE GRAP 285/50R20 116Q XL 31.2,217770,https://assets.wheelpros.com/transform/8cd67eb1-99b1-477c-b4b6-3c7d11774b70/Nitto-RidgeGrappler_Standard-png?size=500,ST,7,522.00,0.00,04/26/2026 4:06:30 PM,10,3,4,0,0,0,0,0,0,0,0,0,0,0,0
Nitto,N217-800,RIDGE GRAP 285/60R18 120T XL 31.4,217800,https://assets.wheelpros.com/transform/8cd67eb1-99b1-477c-b4b6-3c7d11774b70/Nitto-RidgeGrappler_Standard-png?size=500,ST,0,469.00,0.00,04/26/2026 4:06:30 PM,10,0,0,0,0,0,0,0,0,0,0,0,0,0,0
Nitto,N217-810,RIDGE GRAP 265/65R17 116T XL 30.5,217810,https://assets.wheelpros.com/transform/8cd67eb1-99b1-477c-b4b6-3c7d11774b70/Nitto-RidgeGrappler_Standard-png?size=500,ST,8,388.00,0.00,04/26/2026 4:06:30 PM,10,0,8,0,0,0,0,0,0,0,0,0,0,0,0
Nitto,N217-930,RIDGE GRAP 265/70R16 116T XL 30.6,217930,https://assets.wheelpros.com/transform/8cd67eb1-99b1-477c-b4b6-3c7d11774b70/Nitto-RidgeGrappler_Standard-png?size=500,ST,0,321.00,0.00,04/26/2026 4:06:30 PM,10,0,0,0,0,0,0,0,0,0,0,0,0,0,0
Nitto,N218-430,RECON GRAP 285/50R20 116T XL 31.2,218430,https://assets.wheelpros.com/transform/7c1f1988-dde2-45f8-ad64-a49e2f341b40/ReconGrappler_Standard-png?size=500,ST,6,499.00,0.00,04/26/2026 4:06:30 PM,10,0,0,0,0,0,0,0,0,0,0,0,0,4,2
Nitto,N223-840,TER GRAP G3 LT285/60R18 E 122/119S 31.5,223840,,NW,8,455.00,0.00,04/26/2026 4:06:30 PM,10,0,8,0,0,0,0,0,0,0,0,0,0,0,0
Nitto,N223-870,TER GRAP G3 LT265/65R17 E 120/117S 30.6,223870,,NW,20,419.00,0.00,04/26/2026 4:06:30 PM,10,0,0,8,0,0,0,0,0,0,0,0,0,8,4
Nitto,N223-930,TER GRAP G3 LT245/70R17 E 119/116S 30.6,223930,,NW,11,362.00,0.00,04/26/2026 4:06:30 PM,10,0,3,0,0,0,0,0,0,0,0,0,0,8,0
Nitto,N224-080,TER GRAP G3 265/60R18 114T XL 30.5,224080,,NW,8,397.00,0.00,04/26/2026 4:06:30 PM,10,0,0,0,0,0,0,0,0,0,0,0,0,8,0
Nitto,N224-110,TER GRAP G3 285/60R18 120T XL 31.5,224110,,NW,16,430.00,0.00,04/26/2026 4:06:30 PM,10,0,4,0,0,12,0,0,0,0,0,0,0,0,0
Nitto,N224-130,TER GRAP G3 265/65R17 116T XL 30.6,224130,,NW,43,351.00,0.00,04/26/2026 4:06:30 PM,10,7,8,8,0,0,0,8,0,0,0,0,0,12,0
Nitto,N224-170,TER GRAP G3 255/70R17 116T XL 31.1,224170,,NW,22,323.00,0.00,04/26/2026 4:06:30 PM,10,0,4,6,0,0,0,0,0,0,0,0,0,12,0
Nitto,N224-190,TER GRAP G3 265/70R16 116T XL 30.6,224190,,NW,8,305.00,0.00,04/26/2026 4:06:30 PM,10,4,4,0,0,0,0,0,0,0,0,0,0,0,0
Nitto,N224-240,TER GRAP G3 235/75R17 113T XL 30.9,224240,,NW,0,292.00,0.00,04/26/2026 4:06:30 PM,10,0,0,0,0,0,0,0,0,0,0,0,0,0,0
Nitto,N261-240,MOTIVO 365 255/65R18 115V XL 31.06,261240,https://assets.wheelpros.com/transform/f90000ba-70b3-40f7-99fe-4ab4bbcd47df/NITTO-MOTIVO-356-A1-png?size=500,NW,4,284.00,0.00,04/26/2026 4:06:30 PM,10,0,4,0,0,0,0,0,0,0,0,0,0,0,0
Nitto,N261-500,MOTIVO 365 265/60R18XL 114V 30.51,261500,https://assets.wheelpros.com/transform/f90000ba-70b3-40f7-99fe-4ab4bbcd47df/NITTO-MOTIVO-356-A1-png?size=500,ST,2,309.00,0.00,04/26/2026 4:06:30 PM,10,0,0,0,0,0,0,0,2,0,0,0,0,0,0
Nitto,N261-750,MOTIVO 365 275/55R19XL 115V 30.91,261750,https://assets.wheelpros.com/transform/f90000ba-70b3-40f7-99fe-4ab4bbcd47df/NITTO-MOTIVO-356-A1-png?size=500,ST,12,358.00,0.00,04/26/2026 4:06:30 PM,10,4,4,0,0,0,0,0,0,0,0,0,0,4,0
Nitto,N261-870,MOTIVO 365 255/60R19 113V XL 31.06,261870,https://assets.wheelpros.com/transform/f90000ba-70b3-40f7-99fe-4ab4bbcd47df/NITTO-MOTIVO-356-A1-png?size=500,NW,0,309.00,0.00,04/26/2026 4:06:30 PM,10,0,0,0,0,0,0,0,0,0,0,0,0,0,0
Fuel Tires,QQAT26550R20W,265/50R20 GRIPPER A/T WHT-LOGO 2655020,QQAT26550R20W,,N2,0,256.00,0.00,04/26/2026 4:06:30 PM,10,0,0,0,0,0,0,0,0,0,0,0,0,0,0
Fuel Tires,QQAT26560R18W,265/60R18 GRIPPER A/T WHT-LOGO 2656018,QQAT26560R18W,,N2,0,263.00,0.00,04/26/2026 4:06:30 PM,10,0,0,0,0,0,0,0,0,0,0,0,0,0,0
Fuel Tires,QQAT26565R17W,265/65R17 GRIPPER A/T WHT-LOGO 2656517,QQAT26565R17W,,N2,0,256.00,0.00,04/26/2026 4:06:30 PM,10,0,0,0,0,0,0,0,0,0,0,0,0,0,0
Fuel Tires,RFAT26550R20,GRIPPER AT 265/50R20 112S 30.51,RFAT26550R20,https://assets.wheelpros.com/transform/987bba65-ead2-40b7-9313-3217dfd24996/FUEL-GRIPPER-AT_Standard-png?size=500,N2,3,243.00,0.00,04/26/2026 4:06:30 PM,10,3,0,0,0,0,0,0,0,0,0,0,0,0,0
Fuel Tires,RFAT26560R18,GRIPPER AT 265/60R18 114T 30.5,RFAT26560R18,https://assets.wheelpros.com/transform/987bba65-ead2-40b7-9313-3217dfd24996/FUEL-GRIPPER-AT_Standard-png?size=500,N2,0,258.00,0.00,04/26/2026 4:06:30 PM,10,0,0,0,0,0,0,0,0,0,0,0,0,0,0
Fuel Tires,RFAT26565R17,GRIPPER AT 265/65R17 116T 30.51,RFAT26565R17,https://assets.wheelpros.com/transform/987bba65-ead2-40b7-9313-3217dfd24996/FUEL-GRIPPER-AT_Standard-png?size=500,N2,13,250.00,0.00,04/26/2026 4:06:30 PM,10,1,5,0,0,0,0,7,0,0,0,0,0,0,0
EFX,SS-31-14-15,SANDSLINGER 31X14-15 F 31,SS-31-14-15,https://assets.wheelpros.com/transform/9451a43a-22c7-4fff-bc69-72ed19e29cf0/EFX-SAND-SLINGER-28x14-14-A1-png?size=500,ST,23,363.00,0.00,04/26/2026 4:06:30 PM,20,16,0,4,0,3,0,0,0,0,0,0,0,0,0
Uniroyal,UNI04205,TIGER PAW TOUR 265/60R18 110V 30.51,04205,https://images.wheelpros.com/m500/mUNTIGJ.png,ST,0,255.00,0.00,04/26/2026 4:06:30 PM,10,0,0,0,0,0,0,0,0,0,0,0,0,0,0
Uniroyal,UNI08722,TIGER PAW TOUR 255/55R20 107H 31.02,08722,https://images.wheelpros.com/m500/mUNTIGJ.png,ST,0,263.00,0.00,04/26/2026 4:06:30 PM,10,0,0,0,0,0,0,0,0,0,0,0,0,0,0
Uniroyal,UNI26607,LAREDO CC TOUR 255/65R18 111T 31.1,26607,https://images.wheelpros.com/m500/mUNLARH.png,ST,0,239.00,0.00,04/26/2026 4:06:30 PM,10,0,0,0,0,0,0,0,0,0,0,0,0,0,0
Uniroyal,UNI36288,LAREDO CC TOUR 265/65R17 112T 30.6,36288,https://images.wheelpros.com/m500/mUNLARH.png,ST,0,239.00,0.00,04/26/2026 4:06:30 PM,10,0,0,0,0,0,0,0,0,0,0,0,0,0,0
Uniroyal,UNI60322,TIGER PAW TOUR 255/60R19 109H 31.06,60322,https://images.wheelpros.com/m500/mUNTIGJ.png,ST,0,285.00,0.00,04/26/2026 4:06:30 PM,10,0,0,0,0,0,0,0,0,0,0,0,0,0,0
Uniroyal,UNI65320,TIGER PAW TOUR 265/50R20 107V 30.47,65320,https://images.wheelpros.com/m500/mUNTIGJ.png,ST,0,281.00,0.00,04/26/2026 4:06:30 PM,10,0,0,0,0,0,0,0,0,0,0,0,0,0,0
Uniroyal,UNI68386,LAREDO CC TOUR 265/70R16 112T 30.6,68386,https://images.wheelpros.com/m500/mUNLARH.png,ST,0,233.00,0.00,04/26/2026 4:06:30 PM,10,0,0,0,0,0,0,0,0,0,0,0,0,0,0
Uniroyal,UNI70772,LAREDO CC TOUR 245/75R16 111T 30.5,70772,https://images.wheelpros.com/m500/mUNLARH.png,ST,0,216.00,0.00,04/26/2026 4:06:30 PM,10,0,0,0,0,0,0,0,0,0,0,0,0,0,0
Uniroyal,UNI91266,LAREDO CC TOUR LT31x10.50R15 109R C 30.5,91266,https://images.wheelpros.com/m500/mUNLARG.png,ST,0,252.00,0.00,04/26/2026 4:06:30 PM,10,0,0,0,0,0,0,0,0,0,0,0,0,0,0
Avix,AVX-171260,TRAILTEK RT LT265/70R17 123/120Q E 31.9,AVX-171260,https://images.wheelpros.com/m500/mAVXTR.png,NW,39,265.00,291.00,04/26/2026 4:06:30 PM,10,16,0,4,16,3,0,0,0,0,0,0,0,0,0
Avix,AVX-201290,TRAILTEK RT LT275/55R20 120/117Q E 32.1,AVX-201290,https://images.wheelpros.com/m500/mAVXTR.png,NW,110,283.00,311.00,04/26/2026 4:06:30 PM,10,16,16,16,16,16,0,16,13,0,0,0,0,1,0
Falken,F28034121,WDPEAK AT3W LT285/55R20 122/119T E 32.4,28034121,https://images.wheelpros.com/m500/mFWPK3.png,N2,32,611.00,0.00,04/26/2026 4:06:30 PM,10,7,16,0,0,0,0,4,1,0,0,0,0,4,0
Falken,F28034300,WDPEAK AT3W 265/70R17 115T SL 31.65,28034300,https://images.wheelpros.com/m500/mFWPK3.png,N2,0,320.00,0.00,04/26/2026 4:06:30 PM,10,0,0,0,0,0,0,0,0,0,0,0,0,0,0
Falken,F28034901,WDPEAK AT3W 275/65R18 116T SL 32.09,28034901,https://images.wheelpros.com/m500/mFWPK3.png,N2,1,384.00,0.00,04/26/2026 4:06:30 PM,10,0,0,0,0,0,0,0,0,0,0,0,0,1,0
Falken,F28041021,ZIEX CT60 275/55R20 117H XL 32,28041021,https://assets.wheelpros.com/transform/9439da7c-0b3d-4cb7-af91-94035543a283/FALKEN-ZIEX-CT60-AS_Standard-png?size=500,ST,0,351.00,0.00,04/26/2026 4:06:30 PM,10,0,0,0,0,0,0,0,0,0,0,0,0,0,0
Falken,F28041823,ZIEX CT60 265/65R18 114H SL 32,28041823,https://assets.wheelpros.com/transform/9439da7c-0b3d-4cb7-af91-94035543a283/FALKEN-ZIEX-CT60-AS_Standard-png?size=500,ST,0,342.00,0.00,04/26/2026 4:06:30 PM,10,0,0,0,0,0,0,0,0,0,0,0,0,0,0
Falken,F28041828,ZIEX CT60 245/60R20 107H SL 32,28041828,https://assets.wheelpros.com/transform/9439da7c-0b3d-4cb7-af91-94035543a283/FALKEN-ZIEX-CT60-AS_Standard-png?size=500,ST,0,339.00,0.00,04/26/2026 4:06:30 PM,10,0,0,0,0,0,0,0,0,0,0,0,0,0,0
Falken,F28042856,ZIEX CT60 285/60R18 116V SL 32,28042856,https://assets.wheelpros.com/transform/9439da7c-0b3d-4cb7-af91-94035543a283/FALKEN-ZIEX-CT60-AS_Standard-png?size=500,ST,0,372.00,0.00,04/26/2026 4:06:30 PM,10,0,0,0,0,0,0,0,0,0,0,0,0,0,0
Falken,F28051015,ZIEX STZ05 305/50R20 120H XL 31.91,28051015,https://images.wheelpros.com/m500/mFTZ05.png,N2,0,428.00,0.00,04/26/2026 4:06:30 PM,10,0,0,0,0,0,0,0,0,0,0,0,0,0,0
Falken,F28391421,AKLIMATE 285/45R22 114H XL 32.1,28391421,https://images.wheelpros.com/m500/mTIRE.png,NW,0,384.00,0.00,04/26/2026 4:06:30 PM,10,0,0,0,0,0,0,0,0,0,0,0,0,0,0
Falken,F28391950,AKLIMATE 275/55R20 113H SL 31.9,28391950,https://images.wheelpros.com/m500/mTIRE.png,NW,0,322.00,0.00,04/26/2026 4:06:30 PM,10,0,0,0,0,0,0,0,0,0,0,0,0,0,0
Falken,F28394336,AKLIMATE 265/65R18 114T SL 31.5,28394336,https://images.wheelpros.com/m500/mTIRE.png,NW,0,305.00,0.00,04/26/2026 4:06:30 PM,10,0,0,0,0,0,0,0,0,0,0,0,0,0,0
Falken,F28516616,WDPEAK MT LT235/80R17 120/117Q E 32.1,28516616,https://images.wheelpros.com/m500/mFWPMT.png,SO,3,474.00,0.00,04/26/2026 4:06:30 PM,10,3,0,0,0,0,0,0,0,0,0,0,0,0,0
Falken,F28516639,WDPEAK MT LT265/75R16 123/120Q E 32,28516639,https://images.wheelpros.com/m500/mFWPMT.png,SO,1,431.00,0.00,04/26/2026 4:06:30 PM,10,0,0,0,0,0,0,0,1,0,0,0,0,0,0
Falken,F28516702,WDPEAK MT LT265/70R17 121/118Q E 31.7,28516702,https://images.wheelpros.com/m500/mFWPMT.png,SO,1,438.00,0.00,04/26/2026 4:06:30 PM,10,1,0,0,0,0,0,0,0,0,0,0,0,0,0
Falken,F28516714,WDPEAK MT LT255/75R17 111/108Q C 32.3,28516714,https://images.wheelpros.com/m500/mFWPMT.png,SO,0,422.00,0.00,04/26/2026 4:06:30 PM,10,0,0,0,0,0,0,0,0,0,0,0,0,0,0
Falken,F28516994,WDPEAK MT LT235/85R16 120/116Q E 31.8,28516994,https://images.wheelpros.com/m500/mFWPMT.png,SO,1,386.00,0.00,04/26/2026 4:06:30 PM,10,1,0,0,0,0,0,0,0,0,0,0,0,0,0
Falken,F28711828,WDPEAK AT TRL 245/60R20 107H SL 31.6,28711828,https://images.wheelpros.com/m500/mFTWPK.png,SO,0,334.00,0.00,04/26/2026 4:06:30 PM,10,0,0,0,0,0,0,0,0,0,0,0,0,0,0
Falken,F28757443,WDPEAK RT LT275/65R18 123/120R E 32.3,28757443,https://images.wheelpros.com/m500/mFTWPK.png,SO,7,465.00,0.00,04/26/2026 4:06:30 PM,10,0,0,7,0,0,0,0,0,0,0,0,0,0,0
Falken,F28757467,WDPEAK RT LT265/70R17 121/118R E 31.9,28757467,https://images.wheelpros.com/m500/mFTWPK.png,SO,4,410.00,0.00,04/26/2026 4:06:30 PM,10,0,0,0,0,0,0,0,0,0,0,0,0,4,0
Falken,F28757482,WDPEAK RT LT275/55R20 120/117R E 32.1,28757482,https://images.wheelpros.com/m500/mFTWPK.png,SO,24,454.00,0.00,04/26/2026 4:06:30 PM,10,0,0,0,16,0,0,8,0,0,0,0,0,0,0
Falken,F28757867,WDPEAK RT LT265/75R16 123/120R E 31.9,28757867,https://images.wheelpros.com/m500/mFTWPK.png,SO,0,376.00,0.00,04/26/2026 4:06:30 PM,10,0,0,0,0,0,0,0,0,0,0,0,0,0,0
Falken,F28820474,WDPEAK HT02 LT235/85R16 120/116S E 31.7,28820474,https://images.wheelpros.com/m500/mFTWPK.png,SO,0,266.00,0.00,04/26/2026 4:06:30 PM,10,0,0,0,0,0,0,0,0,0,0,0,0,0,0
Falken,F28820505,WDPEAK HT02 LT265/75R16 123/120S E 31.7,28820505,https://images.wheelpros.com/m500/mFTWPK.png,SO,0,272.00,0.00,04/26/2026 4:06:30 PM,10,0,0,0,0,0,0,0,0,0,0,0,0,0,0
Falken,F28820711,WDPEAK HT02 LT245/75R17 121/118S E 31.5,28820711,https://images.wheelpros.com/m500/mFTWPK.png,SO,0,294.00,0.00,04/26/2026 4:06:30 PM,10,0,0,0,0,0,0,0,0,0,0,0,0,0,0
Falken,F28820712,WDPEAK HT02 LT265/70R17 121/118S E 31.7,28820712,https://images.wheelpros.com/m500/mFTWPK.png,SO,0,295.00,0.00,04/26/2026 4:06:30 PM,10,0,0,0,0,0,0,0,0,0,0,0,0,0,0
Falken,F28820803,WDPEAK HT02 LT275/65R18 123/120S E 32.1,28820803,https://images.wheelpros.com/m500/mFTWPK.png,SO,2,322.00,0.00,04/26/2026 4:06:30 PM,10,0,0,0,0,0,0,0,2,0,0,0,0,0,0
Falken,F28821021,WDPEAK HT02 275/55R20 117H XL 32,28821021,https://images.wheelpros.com/m500/mFTWPK.png,SO,0,279.00,0.00,04/26/2026 4:06:30 PM,10,0,0,0,0,0,0,0,0,0,0,0,0,0,0
Falken,F28821219,WDPEAK HT02 285/45R22 114H XL 32.1,28821219,https://images.wheelpros.com/m500/mFTWPK.png,SO,0,332.00,0.00,04/26/2026 4:06:30 PM,10,0,0,0,0,0,0,0,0,0,0,0,0,0,0
Falken,F28821823,WDPEAK HT02 265/65R18 114H SL 31.5,28821823,https://images.wheelpros.com/m500/mFTWPK.png,ST,0,269.00,0.00,04/26/2026 4:06:30 PM,10,0,0,0,0,0,0,0,0,0,0,0,0,0,0
Falken,F28821841,WDPEAK HT02 255/70R18 113H SL 32.1,28821841,https://images.wheelpros.com/m500/mFTWPK.png,ST,0,271.00,0.00,04/26/2026 4:06:30 PM,10,0,0,0,0,0,0,0,0,0,0,0,0,0,0
Falken,F28821901,WDPEAK HT02 275/65R18 116H SL 32.1,28821901,https://images.wheelpros.com/m500/mFTWPK.png,ST,0,282.00,0.00,04/26/2026 4:06:30 PM,10,0,0,0,0,0,0,0,0,0,0,0,0,0,0
Falken,F28824607,WDPEAK HT02 265/75R16 116T XL 31.7,28824607,https://images.wheelpros.com/m500/mFTWPK.png,SO,0,231.00,0.00,04/26/2026 4:06:30 PM,10,0,0,0,0,0,0,0,0,0,0,0,0,0,0
Falken,F28824701,WDPEAK HT02 265/70R17 115H SL 31.7,28824701,https://images.wheelpros.com/m500/mFTWPK.png,ST,0,245.00,0.00,04/26/2026 4:06:30 PM,10,0,0,0,0,0,0,0,0,0,0,0,0,0,0
Falken,F28827616,WDPEAK HT02 LT235/80R17 120/117R E 31.8,28827616,https://images.wheelpros.com/m500/mFTWPK.png,SO,0,291.00,0.00,04/26/2026 4:06:30 PM,10,0,0,0,0,0,0,0,0,0,0,0,0,0,0
Falken,F28840008,WDPEAK AT4W LT275/55R20 115/112S D 32.1,28840008,https://images.wheelpros.com/m500/mFTWPK4.png,ST,32,410.00,0.00,04/26/2026 4:06:30 PM,10,0,0,0,0,0,0,0,0,0,0,0,0,16,16
Falken,F28840601,WDPEAK AT4W LT245/75R17 121/118S E 31.8,28840601,https://images.wheelpros.com/m500/mFTWPK4.png,ST,14,350.00,0.00,04/26/2026 4:06:30 PM,10,0,0,0,0,0,0,0,0,0,0,0,0,12,2
Falken,F28840639,WDPEAK AT4W LT265/75R16 123/120S E 31.9,28840639,https://images.wheelpros.com/m500/mFTWPK4.png,ST,16,349.00,0.00,04/26/2026 4:06:30 PM,10,0,0,0,0,0,0,0,0,0,0,0,0,16,0
Falken,F28840712,WDPEAK AT4W LT265/70R17 123/120S E 31.8,28840712,https://images.wheelpros.com/m500/mFTWPK4.png,ST,19,376.00,0.00,04/26/2026 4:06:30 PM,10,0,0,0,0,0,0,0,0,0,0,0,0,16,3
Falken,F28840722,WDPEAK AT4W LT275/70R17 114/110S C 32.2,28840722,https://images.wheelpros.com/m500/mFTWPK4.png,ST,32,384.00,0.00,04/26/2026 4:06:30 PM,10,0,0,0,0,0,0,0,0,0,0,0,0,16,16
Falken,F28840803,WDPEAK AT4W LT275/65R18 123/120S E 32.2,28840803,https://images.wheelpros.com/m500/mFTWPK4.png,ST,24,419.00,0.00,04/26/2026 4:06:30 PM,10,0,0,0,0,0,0,0,0,0,0,0,0,16,8
Falken,F28840994,WDPEAK AT4W LT235/85R16 120/116S E 31.7,28840994,https://images.wheelpros.com/m500/mFTWPK4.png,ST,2,290.00,0.00,04/26/2026 4:06:30 PM,10,0,0,0,0,0,0,0,0,0,0,0,0,2,0
Falken,F28844021,WDPEAK AT4W 275/55R20 117T XL 31.9,28844021,https://images.wheelpros.com/m500/mFTWPK4.png,ST,4,357.00,0.00,04/26/2026 4:06:30 PM,10,0,0,0,0,0,0,0,0,0,0,0,0,4,0
Falken,F28844097,WDPEAK AT4W 285/55R20 114T SL 32.4,28844097,https://images.wheelpros.com/m500/mFTWPK4.png,ST,16,504.00,0.00,04/26/2026 4:06:30 PM,10,0,0,0,0,0,0,0,0,0,0,0,0,0,16
Falken,F28844219,WDPEAK AT4W 285/45R22 114T XL 32.1,28844219,https://images.wheelpros.com/m500/mFTWPK4.png,ST,28,462.00,0.00,04/26/2026 4:06:30 PM,10,0,0,0,12,0,0,0,0,0,0,0,0,16,0
Falken,F28844300,WDPEAK AT4W 265/70R17 115T SL 31.7,28844300,https://images.wheelpros.com/m500/mFTWPK4.png,ST,2,290.00,0.00,04/26/2026 4:06:30 PM,10,0,0,0,0,0,0,0,2,0,0,0,0,0,0
Falken,F28844301,WDPEAK AT4W 265/75R16 116T SL 31.7,28844301,https://images.wheelpros.com/m500/mFTWPK4.png,ST,6,274.00,0.00,04/26/2026 4:06:30 PM,10,0,0,0,0,0,0,0,0,0,0,0,0,6,0
Falken,F28844823,WDPEAK AT4W 265/65R18 114T SL 31.5,28844823,https://images.wheelpros.com/m500/mFTWPK4.png,ST,4,342.00,0.00,04/26/2026 4:06:30 PM,10,0,0,0,0,0,0,0,0,0,0,0,0,4,0
Falken,F28844841,WDPEAK AT4W 255/70R18 113T SL 32.1,28844841,https://images.wheelpros.com/m500/mFTWPK4.png,ST,0,319.00,0.00,04/26/2026 4:06:30 PM,10,0,0,0,0,0,0,0,0,0,0,0,0,0,0
Falken,F28844901,WDPEAK AT4W 275/65R18 116T SL 32.1,28844901,https://images.wheelpros.com/m500/mFTWPK4.png,ST,16,373.00,0.00,04/26/2026 4:06:30 PM,10,0,0,0,0,0,0,0,0,0,0,0,0,0,16
Falken,F28847115,WDPEAK AT4W LT32X11.50R15 113R C 32.1,28847115,https://images.wheelpros.com/m500/mFTWPK4.png,ST,0,324.00,0.00,04/26/2026 4:06:30 PM,10,0,0,0,0,0,0,0,0,0,0,0,0,0,0
Falken,F28847324,WDPEAK AT4W LT265/65R18 122/119R E 31.7,28847324,https://images.wheelpros.com/m500/mFTWPK4.png,ST,0,390.00,0.00,04/26/2026 4:06:30 PM,10,0,0,0,0,0,0,0,0,0,0,0,0,0,0
Falken,F28847616,WDPEAK AT4W LT235/80R17 120/117R E 31.8,28847616,https://images.wheelpros.com/m500/mFTWPK4.png,ST,10,352.00,0.00,04/26/2026 4:06:30 PM,10,0,0,0,0,0,0,0,0,0,0,0,0,4,6
OHTSU,F30274015,AT4000 305/50-20 120T 32,,https://images.wheelpros.com/m500/mAT400.png,N2,0,217.00,0.00,04/26/2026 4:06:30 PM,10,0,0,0,0,0,0,0,0,0,0,0,0,0,0
OHTSU,F30501021,ST5000 275/55-20 117H 32,,https://images.wheelpros.com/m500/mST500.png,SO,0,336.00,0.00,04/26/2026 4:06:30 PM,10,0,0,0,0,0,0,0,0,0,0,0,0,0,0
OHTSU,F30501220,ST5000 305/40-22 114H 31.58,,https://images.wheelpros.com/m500/mST500.png,SO,0,323.00,0.00,04/26/2026 4:06:30 PM,10,0,0,0,0,0,0,0,0,0,0,0,0,0,0
OHTSU,F30501402,ST5000 305/35-24 112H 32.44,,https://images.wheelpros.com/m500/mST500.png,SO,0,381.00,0.00,04/26/2026 4:06:30 PM,10,0,0,0,0,0,0,0,0,0,0,0,0,0,0
OHTSU,F30501856,ST5000 285/60-18 116H 31.56,,https://images.wheelpros.com/m500/mST500.png,SO,0,350.00,0.00,04/26/2026 4:06:30 PM,10,0,0,0,0,0,0,0,0,0,0,0,0,0,0
OHTSU,F30504701,ST5000 265/70-17 113T 31.71,,https://images.wheelpros.com/m500/mST500.png,SO,0,287.00,0.00,04/26/2026 4:06:30 PM,10,0,0,0,0,0,0,0,0,0,0,0,0,0,0
Falken,F59000540,WDPEAK P255/70R18 112T SL 32.3,59000540,https://images.wheelpros.com/m500/mFTWPK.png,SO,0,300.00,0.00,04/26/2026 4:06:30 PM,10,0,0,0,0,0,0,0,0,0,0,0,0,0,0
Falken,F59000570,WDPEAK AT3W LT275/65R18 113/110S C 32.2,59000570,https://images.wheelpros.com/m500/mFWPK3.png,ST,0,456.00,0.00,04/26/2026 4:06:30 PM,10,0,0,0,0,0,0,0,0,0,0,0,0,0,0
Falken,F59000850,WDPEAK AT3WA 285/45R22 114H XL 32,59000850,https://images.wheelpros.com/m500/mFWPK3.png,SO,0,475.00,0.00,04/26/2026 4:06:30 PM,10,0,0,0,0,0,0,0,0,0,0,0,0,0,0
Falken,F59000860,WDPEAK AT3WA 275/55R20 113T 32,59000860,https://images.wheelpros.com/m500/mFWPK3A.png,NW,0,406.00,0.00,04/26/2026 4:06:30 PM,10,0,0,0,0,0,0,0,0,0,0,0,0,0,0
Milestar,M22270055,STLPRO MS597 LT235/85R16 120/116Q E 31.7,22270055,,ST,0,98.00,0.00,04/26/2026 4:06:30 PM,10,0,0,0,0,0,0,0,0,0,0,0,0,0,0
Milestar,M22275514,PATAG XT LT245/75R17 121/118Q E 31.7,22275514,https://assets.wheelpros.com/transform/b509fcce-ede2-4039-bca6-d98679d13ccd/MILESTAR-PATAGONIA-XT_STANDARD-png?size=500,ST,0,142.00,0.00,04/26/2026 4:06:30 PM,10,0,0,0,0,0,0,0,0,0,0,0,0,0,0
Milestar,M22279052,PATAG MT02 LT265/75R16 123/120Q E 31.9,22279052,https://images.wheelpros.com/m500/mMIPMT.png,ST,0,142.00,0.00,04/26/2026 4:06:30 PM,10,0,0,0,0,0,0,0,0,0,0,0,0,0,0
Milestar,M22279053,STLPRO MS597 LT265/75R16 123/120Q E 31.7,22279053,,ST,0,109.00,0.00,04/26/2026 4:06:30 PM,10,0,0,0,0,0,0,0,0,0,0,0,0,0,0
Milestar,M22772511,PATAG MT02 LT275/65R18 123/120Q E 32.3,22772511,https://images.wheelpros.com/m500/mMIPMT.png,ST,0,173.00,0.00,04/26/2026 4:06:30 PM,10,0,0,0,0,0,0,0,0,0,0,0,0,0,0
Milestar,M22810020,PATAG ATR LT265/70R17 123/120S E 31.7,22810020,https://assets.wheelpros.com/transform/da9b2e3b-89e7-4d1c-bb54-82606ce0a529/MILESTAR-PATAGONIA-ATR_STANDARD-png?size=500,ST,0,117.00,0.00,04/26/2026 4:06:30 PM,10,0,0,0,0,0,0,0,0,0,0,0,0,0,0
Milestar,M22810024,PATAG MT02 LT265/70R17 123/120Q E 31.9,22810024,,ST,0,151.00,0.00,04/26/2026 4:06:30 PM,10,0,0,0,0,0,0,0,0,0,0,0,0,0,0
Milestar,M22810025,PATAG HT LT265/70R17 123/120Q E 31.7,22810025,,ST,0,121.00,0.00,04/26/2026 4:06:30 PM,10,0,0,0,0,0,0,0,0,0,0,0,0,0,0
Milestar,M22810029,PATAG XT LT265/70R17 123/120Q E 31.9,22810029,https://assets.wheelpros.com/transform/b509fcce-ede2-4039-bca6-d98679d13ccd/MILESTAR-PATAGONIA-XT_STANDARD-png?size=500,ST,0,141.00,0.00,04/26/2026 4:06:30 PM,10,0,0,0,0,0,0,0,0,0,0,0,0,0,0
Milestar,M24459904,PATAG HT P285/45R22 114T XL 32.1,24459904,,ST,0,120.00,0.00,04/26/2026 4:06:30 PM,10,0,0,0,0,0,0,0,0,0,0,0,0,0,0
Milestar,M24499003,PATAG AT PRO 255/70R18 113T SL 32.1,24499003,,ST,0,148.00,0.00,04/26/2026 4:06:30 PM,10,0,0,0,0,0,0,0,0,0,0,0,0,0,0
Milestar,M24651007,PATAG AT PRO 265/65R18 114T SL 31.5,24651007,,ST,0,152.00,0.00,04/26/2026 4:06:30 PM,10,0,0,0,0,0,0,0,0,0,0,0,0,0,0
Milestar,M24660009,PATAG AT PRO 275/55R20 117T XL 31.9,24660009,,ST,0,156.00,0.00,04/26/2026 4:06:30 PM,10,0,0,0,0,0,0,0,0,0,0,0,0,0,0
Milestar,M24689220,PATAG AT PRO 265/70R17 115T SL 31.7,24689220,,ST,0,133.00,0.00,04/26/2026 4:06:30 PM,10,0,0,0,0,0,0,0,0,0,0,0,0,0,0
Milestar,M29900008,STEELPRO AST ST235/85R16 132/127L G 31.7,29900008,,ST,0,118.00,0.00,04/26/2026 4:06:30 PM,10,0,0,0,0,0,0,0,0,0,0,0,0,0,0
EFX,MB-32-10-15,MOTOBOSS 32X10-15 80F 32,MB-32-10-15,https://assets.wheelpros.com/transform/8ddf6be0-b460-4ff0-86d8-571897d871f3/EFX-MotoBoss-Standard-png?size=500,N2,0,401.00,0.00,04/26/2026 4:06:30 PM,20,0,0,0,0,0,0,0,0,0,0,0,0,0,0
EFX,MC-32-10-14,MOTOCLAW 32X10R14 80J 32,MC-32-10-14,https://assets.wheelpros.com/transform/0a72f5d9-b494-4b43-8c1c-142b7eeb0676/EFX-MOTOCLAW-MC-32-10-16-A1-png?size=500,ST,51,313.00,313.00,04/26/2026 4:06:30 PM,20,16,0,16,0,8,0,0,0,0,0,0,0,11,0
EFX,MC-32-10-16,MOTOCLAW 32X10R16 80K 30,MC-32-10-16,https://assets.wheelpros.com/transform/0a72f5d9-b494-4b43-8c1c-142b7eeb0676/EFX-MOTOCLAW-MC-32-10-16-A1-png?size=500,ST,9,302.00,302.00,04/26/2026 4:06:30 PM,20,4,0,2,0,0,0,0,0,0,0,0,0,1,2
EFX,MCR-32-10-14,MOTOCRUSHER 32X10.00R14 71M 32,MCR-32-10-14,https://assets.wheelpros.com/transform/d00bc089-ae19-49e2-a6a5-ae373b8da3a1/EFX-MOTOCRUSHER-MCR-32x10x15-A1-png?size=500,NW,72,384.00,384.00,04/26/2026 4:06:30 PM,20,12,0,16,0,16,0,0,0,0,0,0,0,12,16
EFX,MCR-32-10-15,MOTOCRUSHER 32X10.00R15 71M 32,MCR-32-10-15,https://assets.wheelpros.com/transform/d00bc089-ae19-49e2-a6a5-ae373b8da3a1/EFX-MOTOCRUSHER-MCR-32x10x15-A1-png?size=500,NW,30,370.00,370.00,04/26/2026 4:06:30 PM,20,6,0,0,0,8,0,0,0,0,0,0,0,0,16
EFX,MH-32-10-15,MOTOHAMMER 32X10R15 80J 32,MH-32-10-15,https://assets.wheelpros.com/transform/6def0fb7-44ff-4013-b377-97968ce9eaaf/EFX-MOTOHAMMER-MH-32-10-15-A1-png?size=500,ST,41,379.00,0.00,04/26/2026 4:06:30 PM,20,16,0,9,0,16,0,0,0,0,0,0,0,0,0
EFX,MK-32-85-16,MOTOHAVOK 32X8.5-16 J 32,MK-32-85-16,https://assets.wheelpros.com/transform/5937204d-8e44-4e24-b615-0dc7fe5c42e3/EFX-MOTOHAVOK-MK-30-85-16-A1-png?size=500,N2,0,285.00,0.00,04/26/2026 4:06:30 PM,20,0,0,0,0,0,0,0,0,0,0,0,0,0,0
EFX,MK-32-85-18,MOTOHAVOK 32X8.5-18 J 32,MK-32-85-18,https://assets.wheelpros.com/transform/5937204d-8e44-4e24-b615-0dc7fe5c42e3/EFX-MOTOHAVOK-MK-30-85-16-A1-png?size=500,ST,45,277.00,277.00,04/26/2026 4:06:30 PM,20,1,0,16,0,4,0,0,0,0,0,0,0,8,16
EFX,MR-32-10-14,MOTORAVAGE 32X10R14 M 32,MR-32-10-14,https://assets.wheelpros.com/transform/5c97bb05-527f-402d-bca3-1996121f594c/EFX-MOTORAVAGE-MR-32-10-18-A1-png?size=500,ST,45,309.00,309.00,04/26/2026 4:06:30 PM,20,16,0,4,0,16,0,0,0,0,0,0,0,9,0
EFX,MR-32-10-15,MOTORAVAGE 32X10R15 M 32,MR-32-10-15,https://assets.wheelpros.com/transform/5c97bb05-527f-402d-bca3-1996121f594c/EFX-MOTORAVAGE-MR-32-10-18-A1-png?size=500,N2,0,313.00,0.00,04/26/2026 4:06:30 PM,20,0,0,0,0,0,0,0,0,0,0,0,0,0,0
EFX,MR-32-10-15XL,MOTORAVAGE XL 32X10R15 32,MR-32-10-15XL,https://assets.wheelpros.com/transform/e8f991df-77b1-4033-9f80-52351d2cac3c/EFX-MOTORAVAGE-XL-MR-32-10-15XL-A1-png?size=500,ST,18,355.00,355.00,04/26/2026 4:06:30 PM,20,0,0,0,0,2,0,0,0,0,0,0,0,0,16
EFX,MR-32-10-16,MOTORAVAGE 32X10R16 M 32,MR-32-10-16,https://assets.wheelpros.com/transform/5c97bb05-527f-402d-bca3-1996121f594c/EFX-MOTORAVAGE-MR-32-10-18-A1-png?size=500,N2,0,317.00,0.00,04/26/2026 4:06:30 PM,20,0,0,0,0,0,0,0,0,0,0,0,0,0,0
EFX,MR-32-10-18,MOTORAVAGE 32X10R18 M 32,MR-32-10-18,https://assets.wheelpros.com/transform/5c97bb05-527f-402d-bca3-1996121f594c/EFX-MOTORAVAGE-MR-32-10-18-A1-png?size=500,ST,18,315.00,315.00,04/26/2026 4:06:30 PM,20,0,0,16,0,2,0,0,0,0,0,0,0,0,0
EFX,MS-32-95-18,MOTOSLAYER 32X9.5-18 78J 32,MS-32-95-18,https://assets.wheelpros.com/transform/d8f0c0a5-a940-4501-9a26-b023809b2a03/EFX-MOTOSLAYER-MS-30-95-18-A1-png?size=500,ST,51,299.00,299.00,04/26/2026 4:06:30 PM,20,4,0,16,0,0,0,0,0,0,0,0,0,15,16
Mickey Thompson Tire,MTT250110,PRO X 32X10.0-15 32,250110,https://images.wheelpros.com/m500/mTIRE.png,ST,4,521.00,553.80,04/26/2026 4:06:30 PM,20,0,0,0,0,4,0,0,0,0,0,0,0,0,0
Mickey Thompson Tire,MTT250115,PRO X 32X10.0-14 32.2,250115,https://images.wheelpros.com/m500/mTIRE.png,ST,0,513.00,545.43,04/26/2026 4:06:30 PM,20,0,0,0,0,0,0,0,0,0,0,0,0,0,0
Mickey Thompson Tire,MTT250300,ET DRAG 31.25/12.2-15W NHS 31.5,250300,https://images.wheelpros.com/m500/mTIRE.png,ST,0,523.00,522.97,04/26/2026 4:06:30 PM,10,0,0,0,0,0,0,0,0,0,0,0,0,0,0
Mickey Thompson Tire,MTT250740,ET STREET S/S P325/45R20 31.9,250740,,NW,0,767.00,767.24,04/26/2026 4:06:30 PM,10,0,0,0,0,0,0,0,0,0,0,0,0,0,0
Mickey Thompson Tire,MTT250795,PRO BRACKET RAD 31.0/13.5R15 NHS 31.9,250795,https://images.wheelpros.com/m500/mTIRE.png,ST,0,600.00,599.98,04/26/2026 4:06:30 PM,10,0,0,0,0,0,0,0,0,0,0,0,0,0,0
Mickey Thompson Tire,MTT250968,ET STREET R 32X17.50-15LT B 32.2,250968,https://images.wheelpros.com/m500/mTIRE.png,ST,0,625.00,624.95,04/26/2026 4:06:30 PM,10,0,0,0,0,0,0,0,0,0,0,0,0,0,0
Mickey Thompson Tire,MTT250969,ET STREET R 31X16.50-15LT B 31.9,250969,https://images.wheelpros.com/m500/mTIRE.png,ST,0,576.00,576.12,04/26/2026 4:06:30 PM,10,0,0,0,0,0,0,0,0,0,0,0,0,0,0
Mickey Thompson Tire,MTT255635,SPORTSMAN SR 33X22.00R20LT 97H SL 32.1,255635,https://images.wheelpros.com/m500/mTIRE.png,ST,0,1284.00,1284.36,04/26/2026 4:06:30 PM,10,0,0,0,0,0,0,0,0,0,0,0,0,0,0
Mickey Thompson Tire,MTT255671,SPORTSMAN SR 33X22.00R15LT 107H SL 32.1,255671,https://images.wheelpros.com/m500/mTIRE.png,ST,0,1057.00,1057.40,04/26/2026 4:06:30 PM,10,0,0,0,0,0,0,0,0,0,0,0,0,0,0
Mickey Thompson Tire,MTT315014003,ET STREET S/S P325/45R20 31.9,250740,,NW,0,869.00,0.00,04/26/2026 4:06:30 PM,10,0,0,0,0,0,0,0,0,0,0,0,0,0,0
Mickey Thompson Tire,MTT315019006,PRO BRACKET RAD 31.0/13.5R15 NHS 31.9,250795,https://images.wheelpros.com/m500/mTIRE.png,ST,0,659.00,0.00,04/26/2026 4:06:30 PM,10,0,0,0,0,0,0,0,0,0,0,0,0,0,0
Mickey Thompson Tire,MTT315040007,PRO DRAG RAD 32.0/14.0R15 32.5,90000040166,https://images.wheelpros.com/m500/mMTPROB.png,ST,0,770.00,0.00,04/26/2026 4:06:30 PM,10,0,0,0,0,0,0,0,0,0,0,0,0,0,0
Mickey Thompson Tire,MTT321037004,SPORTSMAN SR 33X22.00R15LT 107H SL 32.1,255671,https://images.wheelpros.com/m500/mTIRE.png,ST,0,1150.00,0.00,04/26/2026 4:06:30 PM,10,0,0,0,0,0,0,0,0,0,0,0,0,0,0
Mickey Thompson Tire,MTT321042004,SPORTSMAN SR 33X22.00R20LT 97H SL 32.1,255635,https://images.wheelpros.com/m500/mTIRE.png,ST,0,1437.00,0.00,04/26/2026 4:06:30 PM,10,0,0,0,0,0,0,0,0,0,0,0,0,0,0
Mickey Thompson Tire,MTT331003001,BAJ BOSS AT LT265/70-17 121Q 31.9,90000036816,https://images.wheelpros.com/m500/mMTBAJB.png,NW,0,396.00,0.00,04/26/2026 4:06:30 PM,10,0,0,0,0,0,0,0,0,0,0,0,0,0,0
Mickey Thompson Tire,MTT331004001,BAJ BOSS AT LT265/75-16 123Q 32,90000036811,https://images.wheelpros.com/m500/mMTBAJB.png,NW,0,356.00,0.00,04/26/2026 4:06:30 PM,10,0,0,0,0,0,0,0,0,0,0,0,0,0,0
Mickey Thompson Tire,MTT331005001,BAJ BOSS AT LT275/55-20 120Q 32.2,90000036833,https://images.wheelpros.com/m500/mMTBAJB.png,NW,0,444.00,0.00,04/26/2026 4:06:30 PM,10,0,0,0,0,0,0,0,0,0,0,0,0,0,0
Mickey Thompson Tire,MTT331058003,BAJ LGND EXP LT265/75-16 123Q 31.9,90000067171,https://images.wheelpros.com/m500/mMTBAJD.png,NW,0,319.00,0.00,04/26/2026 4:06:30 PM,10,0,0,0,0,0,0,0,0,0,0,0,0,0,0
Mickey Thompson Tire,MTT331060003,BAJ LGND EXP LT275/65-18 123Q 32.3,90000067185,https://images.wheelpros.com/m500/mMTBAJD.png,NW,0,387.00,0.00,04/26/2026 4:06:30 PM,10,0,0,0,0,0,0,0,0,0,0,0,0,0,0
Mickey Thompson Tire,MTT331061003,BAJ LGND EXP LT305/60-18 126Q 32.5,90000067189,https://images.wheelpros.com/m500/mMTBAJD.png,NW,0,477.00,0.00,04/26/2026 4:06:30 PM,10,0,0,0,0,0,0,0,0,0,0,0,0,0,0
Mickey Thompson Tire,MTT331120011,BAJ LGND MTZ LT265/75-16 123Q 31.9,90000057342,https://images.wheelpros.com/m500/mMTBAJE.png,NW,0,366.00,0.00,04/26/2026 4:06:30 PM,10,0,0,0,0,0,0,0,0,0,0,0,0,0,0
Mickey Thompson Tire,MTT331121011,BAJ LGND MTZ LT265/70-17 121Q 31.9,90000057346,https://images.wheelpros.com/m500/mMTBAJE.png,NW,0,390.00,0.00,04/26/2026 4:06:30 PM,10,0,0,0,0,0,0,0,0,0,0,0,0,0,0
Mickey Thompson Tire,MTT331267019,PRO X 32X10.0-15 32,250110,https://images.wheelpros.com/m500/mTIRE.png,ST,0,630.00,0.00,04/26/2026 4:06:30 PM,20,0,0,0,0,0,0,0,0,0,0,0,0,0,0
Mickey Thompson Tire,MTT331272019,PRO X 32X10.0-14 32.2,250115,https://images.wheelpros.com/m500/mTIRE.png,ST,0,621.00,0.00,04/26/2026 4:06:30 PM,20,0,0,0,0,0,0,0,0,0,0,0,0,0,0
Mickey Thompson Tire,MTT331295003,BAJ LGND EXP LT265/70R17 121/118Q 31.89,90000119686,https://images.wheelpros.com/m500/mTIRE.png,ST,0,345.00,0.00,04/26/2026 4:06:30 PM,10,0,0,0,0,0,0,0,0,0,0,0,0,0,0
Mickey Thompson Tire,MTT331306002,BAJ LGND EXP LT275/55R20 120/117Q 32.32,90000120118,https://images.wheelpros.com/m500/mTIRE.png,ST,0,380.00,0.00,04/26/2026 4:06:30 PM,10,0,0,0,0,0,0,0,0,0,0,0,0,0,0
Mickey Thompson Tire,MTT340008003,BAJ BOSS AT 265/75-16 116T 31.7,90000049673,https://images.wheelpros.com/m500/mMTBAJB.png,NW,0,310.00,0.00,04/26/2026 4:06:30 PM,10,0,0,0,0,0,0,0,0,0,0,0,0,0,0
Mickey Thompson Tire,MTT340010003,BAJ BOSS AT 275/65-18 116T 32.4,90000049679,https://images.wheelpros.com/m500/mMTBAJB.png,NW,0,396.00,0.00,04/26/2026 4:06:30 PM,10,0,0,0,0,0,0,0,0,0,0,0,0,0,0
Mickey Thompson Tire,MTT340011003,BAJ BOSS AT 305/50R20 120T 32.2,90000049722,https://images.wheelpros.com/m500/mMTBAJB.png,ST,0,543.00,0.00,04/26/2026 4:06:30 PM,10,0,0,0,0,0,0,0,0,0,0,0,0,0,0
Mickey Thompson Tire,MTT340015003,BAJ BOSS AT 265/65-18 116T 31.5,90000049678,https://images.wheelpros.com/m500/mMTBAJB.png,NW,0,381.00,0.00,04/26/2026 4:06:30 PM,10,0,0,0,0,0,0,0,0,0,0,0,0,0,0
Mickey Thompson Tire,MTT340016003,BAJ BOSS AT 265/70-17 116T 31.9,90000049675,https://images.wheelpros.com/m500/mMTBAJB.png,NW,0,322.00,0.00,04/26/2026 4:06:30 PM,10,0,0,0,0,0,0,0,0,0,0,0,0,0,0
Mickey Thompson Tire,MTT340018003,BAJ BOSS AT 275/55-20 117T 32.2,90000049721,https://images.wheelpros.com/m500/mMTBAJB.png,NW,0,414.00,0.00,04/26/2026 4:06:30 PM,10,0,0,0,0,0,0,0,0,0,0,0,0,0,0
Mickey Thompson Tire,MTT340019003,BAJ BOSS AT 285/45-22 114T 32.3,90000049724,https://images.wheelpros.com/m500/mMTBAJB.png,NW,0,587.00,0.00,04/26/2026 4:06:30 PM,10,0,0,0,0,0,0,0,0,0,0,0,0,0,0
Mickey Thompson Tire,MTT365018011,ET DRAG 32.0/14.0-15 32.2,90000000878,https://images.wheelpros.com/m500/mMTETTA.png,ST,0,685.00,0.00,04/26/2026 4:06:30 PM,10,0,0,0,0,0,0,0,0,0,0,0,0,0,0
Mickey Thompson Tire,MTT365028011,ET DRAG 32.0/14.0-15 31.8,90000000875,https://images.wheelpros.com/m500/mMTETTA.png,ST,0,645.00,0.00,04/26/2026 4:06:30 PM,10,0,0,0,0,0,0,0,0,0,0,0,0,0,0
Mickey Thompson Tire,MTT365089011,ET DRAG 31.25/12.2-15W NHS 31.5,250300,https://images.wheelpros.com/m500/mTIRE.png,ST,0,604.00,0.00,04/26/2026 4:06:30 PM,10,0,0,0,0,0,0,0,0,0,0,0,0,0,0
Mickey Thompson Tire,MTT365100011,ET DRAG 32.0/14.0-15 32.2,90000000877,https://images.wheelpros.com/m500/mMTETTA.png,ST,0,657.00,0.00,04/26/2026 4:06:30 PM,10,0,0,0,0,0,0,0,0,0,0,0,0,0,0
Mickey Thompson Tire,MTT365105011,ET DRAG 32.0/16.0-15 32,90000022013,https://images.wheelpros.com/m500/mMTETTA.png,ST,0,702.00,0.00,04/26/2026 4:06:30 PM,10,0,0,0,0,0,0,0,0,0,0,0,0,0,0
Mickey Thompson Tire,MTT365117004,ET STREET R 32X17.50-15LT B 32.2,250968,https://images.wheelpros.com/m500/mTIRE.png,ST,0,705.00,0.00,04/26/2026 4:06:30 PM,10,0,0,0,0,0,0,0,0,0,0,0,0,0,0
Mickey Thompson Tire,MTT365119004,ET STREET R 31X16.50-15LT B 31.9,250969,https://images.wheelpros.com/m500/mTIRE.png,ST,0,653.00,0.00,04/26/2026 4:06:30 PM,10,0,0,0,0,0,0,0,0,0,0,0,0,0,0
Mickey Thompson Tire,MTT90000000875,ET DRAG 32.0/14.0-15 31.8,90000000875,https://images.wheelpros.com/m500/mMTETTA.png,ST,0,575.00,575.01,04/26/2026 4:06:30 PM,10,0,0,0,0,0,0,0,0,0,0,0,0,0,0
Mickey Thompson Tire,MTT90000000877,ET DRAG 32.0/14.0-15 32.2,90000000877,https://images.wheelpros.com/m500/mMTETTA.png,ST,0,578.00,578.49,04/26/2026 4:06:30 PM,10,0,0,0,0,0,0,0,0,0,0,0,0,0,0
Mickey Thompson Tire,MTT90000000878,ET DRAG 32.0/14.0-15 32.2,90000000878,https://images.wheelpros.com/m500/mMTETTA.png,ST,0,590.00,589.65,04/26/2026 4:06:30 PM,10,0,0,0,0,0,0,0,0,0,0,0,0,0,0
Mickey Thompson Tire,MTT90000022013,ET DRAG 32.0/16.0-15 32,90000022013,https://images.wheelpros.com/m500/mMTETTA.png,ST,0,631.00,631.36,04/26/2026 4:06:30 PM,10,0,0,0,0,0,0,0,0,0,0,0,0,0,0
Mickey Thompson Tire,MTT90000036811,BAJ BOSS AT LT265/75-16 123Q 32,90000036811,https://images.wheelpros.com/m500/mMTBAJB.png,NW,24,367.00,390.17,04/26/2026 4:06:30 PM,10,0,4,1,6,9,0,0,0,0,0,0,0,0,4
Mickey Thompson Tire,MTT90000036816,BAJ BOSS AT LT265/70-17 121Q 31.9,90000036816,https://images.wheelpros.com/m500/mMTBAJB.png,NW,48,401.00,425.74,04/26/2026 4:06:30 PM,10,16,0,0,0,4,16,0,0,0,0,0,0,12,0
Mickey Thompson Tire,MTT90000036833,BAJ BOSS AT LT275/55-20 120Q 32.2,90000036833,https://images.wheelpros.com/m500/mMTBAJB.png,NW,47,450.00,477.77,04/26/2026 4:06:30 PM,10,12,4,0,0,12,0,0,15,0,0,0,0,4,0
Mickey Thompson Tire,MTT90000040166,PRO DRAG RAD 32.0/14.0R15 32.5,90000040166,https://images.wheelpros.com/m500/mMTPROB.png,ST,0,671.00,671.40,04/26/2026 4:06:30 PM,10,0,0,0,0,0,0,0,0,0,0,0,0,0,0
Mickey Thompson Tire,MTT90000049673,BAJ BOSS AT 265/75-16 116T 31.7,90000049673,https://images.wheelpros.com/m500/mMTBAJB.png,NW,21,320.00,339.81,04/26/2026 4:06:30 PM,10,0,0,0,0,16,0,1,0,0,0,0,0,4,0
Mickey Thompson Tire,MTT90000049675,BAJ BOSS AT 265/70-17 116T 31.9,90000049675,https://images.wheelpros.com/m500/mMTBAJB.png,NW,75,326.00,346.78,04/26/2026 4:06:30 PM,10,16,8,2,0,16,0,8,0,0,0,0,0,13,12
Mickey Thompson Tire,MTT90000049678,BAJ BOSS AT 265/65-18 116T 31.5,90000049678,https://images.wheelpros.com/m500/mMTBAJB.png,NW,24,393.00,417.65,04/26/2026 4:06:30 PM,10,16,0,0,0,8,0,0,0,0,0,0,0,0,0
Mickey Thompson Tire,MTT90000049679,BAJ BOSS AT 275/65-18 116T 32.4,90000049679,https://images.wheelpros.com/m500/mMTBAJB.png,NW,36,409.00,434.11,04/26/2026 4:06:30 PM,10,16,0,4,0,8,0,0,0,0,0,0,0,0,8
Mickey Thompson Tire,MTT90000049721,BAJ BOSS AT 275/55-20 117T 32.2,90000049721,https://images.wheelpros.com/m500/mMTBAJB.png,NW,40,415.00,441.09,04/26/2026 4:06:30 PM,10,0,8,4,8,16,0,0,4,0,0,0,0,0,0
Mickey Thompson Tire,MTT90000049722,BAJ BOSS AT 305/50R20 120T 32.2,90000049722,https://images.wheelpros.com/m500/mMTBAJB.png,ST,14,550.00,584.35,04/26/2026 4:06:30 PM,10,4,8,0,0,2,0,0,0,0,0,0,0,0,0
Mickey Thompson Tire,MTT90000049724,BAJ BOSS AT 285/45-22 114T 32.3,90000049724,https://images.wheelpros.com/m500/mMTBAJB.png,NW,14,583.00,619.37,04/26/2026 4:06:30 PM,10,0,8,0,0,2,0,0,0,0,0,0,0,4,0
Mickey Thompson Tire,MTT90000057342,BAJ LGND MTZ LT265/75-16 123Q 31.9,90000057342,https://images.wheelpros.com/m500/mMTBAJE.png,NW,0,378.00,401.75,04/26/2026 4:06:30 PM,10,0,0,0,0,0,0,0,0,0,0,0,0,0,0
Mickey Thompson Tire,MTT90000057346,BAJ LGND MTZ LT265/70-17 121Q 31.9,90000057346,https://images.wheelpros.com/m500/mMTBAJE.png,NW,0,403.00,428.25,04/26/2026 4:06:30 PM,10,0,0,0,0,0,0,0,0,0,0,0,0,0,0
Mickey Thompson Tire,MTT90000067171,BAJ LGND EXP LT265/75-16 123Q 31.9,90000067171,https://images.wheelpros.com/m500/mMTBAJD.png,NW,10,334.00,355.01,04/26/2026 4:06:30 PM,10,4,0,0,0,6,0,0,0,0,0,0,0,0,0
Mickey Thompson Tire,MTT90000067176,LT265/70R17 121Q BAJA LEGEND EXP 2657017,90000067176,https://images.wheelpros.com/m500/mMTBAJD.png,N2,0,326.00,0.00,04/26/2026 4:06:30 PM,10,0,0,0,0,0,0,0,0,0,0,0,0,0,0
Mickey Thompson Tire,MTT90000067185,BAJ LGND EXP LT275/65-18 123Q 32.3,90000067185,https://images.wheelpros.com/m500/mMTBAJD.png,NW,4,408.00,433.83,04/26/2026 4:06:30 PM,10,0,0,0,0,4,0,0,0,0,0,0,0,0,0
Mickey Thompson Tire,MTT90000067189,BAJ LGND EXP LT305/60-18 126Q 32.5,90000067189,https://images.wheelpros.com/m500/mMTBAJD.png,NW,0,499.00,530.37,04/26/2026 4:06:30 PM,10,0,0,0,0,0,0,0,0,0,0,0,0,0,0
Mickey Thompson Tire,MTT90000067193,LT275/55R20 120/117Q BAJ LEG EXP 2755520,90000067193,https://images.wheelpros.com/m500/mMTBAJD.png,N2,0,360.00,0.00,04/26/2026 4:06:30 PM,10,0,0,0,0,0,0,0,0,0,0,0,0,0,0
Mickey Thompson Tire,MTT90000119686,BAJ LGND EXP LT265/70R17 121/118Q 31.89,90000119686,https://images.wheelpros.com/m500/mTIRE.png,ST,5,365.00,387.38,04/26/2026 4:06:30 PM,10,0,4,0,0,0,0,0,0,0,0,0,0,0,1
Mickey Thompson Tire,MTT90000120118,BAJ LGND EXP LT275/55R20 120/117Q 32.32,90000120118,https://images.wheelpros.com/m500/mTIRE.png,ST,0,409.00,434.81,04/26/2026 4:06:30 PM,10,0,0,0,0,0,0,0,0,0,0,0,0,0,0
EFX,MV-32-95-14,MOTOVATOR 32X9.5R14 88G 32,MV-32-95-14,https://assets.wheelpros.com/transform/6218e826-bc40-40a6-94e6-50d5c43c5989/EFX-MOTOVATOR-MV-32-9-5-15-A1-png?size=500,ST,39,340.00,340.00,04/26/2026 4:06:30 PM,20,7,0,16,0,16,0,0,0,0,0,0,0,0,0
EFX,MV-32-95-15,MOTOVATOR 32X9.5R15 88G 32,MV-32-95-15,https://assets.wheelpros.com/transform/6218e826-bc40-40a6-94e6-50d5c43c5989/EFX-MOTOVATOR-MV-32-9-5-15-A1-png?size=500,ST,59,379.00,379.00,04/26/2026 4:06:30 PM,20,16,0,16,0,16,0,0,0,0,0,0,0,11,0
EFX,MV-32-95-16,MOTOVATOR 32X9.5R16 80G 32,MV-32-95-16,https://assets.wheelpros.com/transform/6218e826-bc40-40a6-94e6-50d5c43c5989/EFX-MOTOVATOR-MV-32-9-5-15-A1-png?size=500,ST,27,339.00,339.00,04/26/2026 4:06:30 PM,20,8,0,3,0,16,0,0,0,0,0,0,0,0,0
EFX,MVR-32-95-15,MOTOVATOR R/T 32X9.5R15 R 32,MVR-32-95-15,https://images.wheelpros.com/m500/mEFMVR.png,N2,0,329.00,0.00,04/26/2026 4:06:30 PM,20,0,0,0,0,0,0,0,0,0,0,0,0,0,0
EFX,MY-32-10-14,MOTORALLY 32X10R14 675R 32,MY-32-10-14,https://assets.wheelpros.com/transform/0bc0e178-22a1-421f-82fd-5493dbe86336/EFX-MOTORALLY-MY-32-10-15-A1-png?size=500,ST,56,329.00,329.00,04/26/2026 4:06:30 PM,20,12,0,12,0,16,0,0,0,0,0,0,0,0,16
EFX,MY-32-10-15,MOTORALLY 32X10R15 660R 32,MY-32-10-15,https://assets.wheelpros.com/transform/0bc0e178-22a1-421f-82fd-5493dbe86336/EFX-MOTORALLY-MY-32-10-15-A1-png?size=500,ST,27,322.00,322.00,04/26/2026 4:06:30 PM,20,3,0,8,0,16,0,0,0,0,0,0,0,0,0
EFX,MY-32-10-16,MOTORALLY 32X10R16 640R 32,MY-32-10-16,https://assets.wheelpros.com/transform/0bc0e178-22a1-421f-82fd-5493dbe86336/EFX-MOTORALLY-MY-32-10-15-A1-png?size=500,ST,35,335.00,335.00,04/26/2026 4:06:30 PM,20,7,0,12,0,16,0,0,0,0,0,0,0,0,0
Nitto,N108-570,NT555RII 305/40R22 114W XL 31.6,108570,https://assets.wheelpros.com/transform/9b82714c-4bdc-49de-b8e0-f14d167aa947/NITTO-NT555RII_STANDARD-png?size=500,ST,8,704.00,0.00,04/26/2026 4:06:30 PM,10,0,0,4,0,0,0,0,0,0,0,0,0,4,0
Nitto,N108-820,NT555RII 305/50R20 116V SL 32,108820,https://assets.wheelpros.com/transform/9b82714c-4bdc-49de-b8e0-f14d167aa947/NITTO-NT555RII_STANDARD-png?size=500,ST,12,588.00,0.00,04/26/2026 4:06:30 PM,10,0,0,0,0,0,0,0,0,0,0,0,0,4,8
Nitto,N111-030,NT555RII 315/60R17 116W SL 31.8,111030,https://assets.wheelpros.com/transform/9b82714c-4bdc-49de-b8e0-f14d167aa947/NITTO-NT555RII_STANDARD-png?size=500,ST,2,580.00,0.00,04/26/2026 4:06:30 PM,10,0,0,0,0,0,0,0,0,0,0,0,0,2,0
Nitto,N200-400,NTGAT P265/70R17 110S 31.57,200400,https://images.wheelpros.com/m500/mNT200.png,N2,0,310.72,0.00,04/26/2026 4:06:30 PM,10,0,0,0,0,0,0,0,0,0,0,0,0,0,0
Nitto,N200-880,NTGAT LT285/60R18 120R 31.5,200880,https://images.wheelpros.com/m500/mNT200.png,N2,0,267.00,0.00,04/26/2026 4:06:30 PM,10,0,0,0,0,0,0,0,0,0,0,0,0,0,0
Nitto,N201-320,EXO GRAP AWT LT275/55R20 120/117Q E 32.1,201320,https://assets.wheelpros.com/transform/e651b3c0-5638-4f6f-9e04-15e666610152/Nitto-ExoGrappler_Standard-png?size=500,ST,2,532.00,0.00,04/26/2026 4:06:30 PM,10,0,0,0,0,0,0,0,0,0,0,0,0,2,0
Nitto,N203-920,NT420V 275/55R20 117H XL 31.8,203920,https://assets.wheelpros.com/transform/675d5a8a-c369-41d5-9227-3240429692c5/Nitto-NT420V_Standard-png?size=500,ST,26,346.00,0.00,04/26/2026 4:06:30 PM,10,2,0,0,0,0,4,0,2,0,0,0,0,6,12
Nitto,N203-930,NT420V 285/45R22 114H XL 32,203930,https://assets.wheelpros.com/transform/675d5a8a-c369-41d5-9227-3240429692c5/Nitto-NT420V_Standard-png?size=500,ST,86,422.00,0.00,04/26/2026 4:06:30 PM,10,13,6,16,0,4,11,12,8,0,0,0,0,16,0
Nitto,N203-950,NT420V 305/50R20 120H XL 32,203950,https://assets.wheelpros.com/transform/675d5a8a-c369-41d5-9227-3240429692c5/Nitto-NT420V_Standard-png?size=500,ST,41,379.00,0.00,04/26/2026 4:06:30 PM,10,14,1,0,0,0,0,0,0,0,0,0,0,10,16
Nitto,N203-960,NT420V 305/40R22 114H XL 31.6,203960,https://assets.wheelpros.com/transform/675d5a8a-c369-41d5-9227-3240429692c5/Nitto-NT420V_Standard-png?size=500,ST,96,481.00,0.00,04/26/2026 4:06:30 PM,10,16,16,16,0,7,10,12,4,0,0,0,0,4,11
Nitto,N205-130,DURA GRAP LT235/80R17 120/117R E 31.7,205130,https://assets.wheelpros.com/transform/6e9d4bbd-13b6-4ab4-91ec-e1b6f164d0c1/Nitto-Dura-Grappler_Standard-png?size=500,ST,3,348.00,0.00,04/26/2026 4:06:30 PM,10,0,0,0,0,0,0,0,0,0,0,0,0,3,0
Nitto,N205-140,DURA GRAP LT235/85R16 120R E 31.6,205140,https://assets.wheelpros.com/transform/6e9d4bbd-13b6-4ab4-91ec-e1b6f164d0c1/Nitto-Dura-Grappler_Standard-png?size=500,ST,0,301.00,0.00,04/26/2026 4:06:30 PM,10,0,0,0,0,0,0,0,0,0,0,0,0,0,0
Nitto,N205-150,DURA GRAP 275/55R20 117H XL 31.8,205150,https://assets.wheelpros.com/transform/6e9d4bbd-13b6-4ab4-91ec-e1b6f164d0c1/Nitto-Dura-Grappler_Standard-png?size=500,ST,0,379.00,0.00,04/26/2026 4:06:30 PM,10,0,0,0,0,0,0,0,0,0,0,0,0,0,0
Nitto,N205-200,DURA GRAP P265/70R17 113S SL 31.5,205200,https://assets.wheelpros.com/transform/6e9d4bbd-13b6-4ab4-91ec-e1b6f164d0c1/Nitto-Dura-Grappler_Standard-png?size=500,ST,0,292.00,0.00,04/26/2026 4:06:30 PM,10,0,0,0,0,0,0,0,0,0,0,0,0,0,0
Nitto,N205-350,DURA GRAP 255/70R18 117S XL 32.1,205350,https://assets.wheelpros.com/transform/6e9d4bbd-13b6-4ab4-91ec-e1b6f164d0c1/Nitto-Dura-Grappler_Standard-png?size=500,ST,0,353.00,0.00,04/26/2026 4:06:30 PM,10,0,0,0,0,0,0,0,0,0,0,0,0,0,0
Nitto,N205-440,TRAIL GRAP LT265/75R16 123/120P E 31.8,205440,https://assets.wheelpros.com/transform/884b5afc-14aa-40c4-9f6e-937bbe0c9d2e/NITTO-TRAIL-GRAPPLER-MT_STANDARD-png?size=500,ST,7,451.00,0.00,04/26/2026 4:06:30 PM,10,7,0,0,0,0,0,0,0,0,0,0,0,0,0
Nitto,N205-620,DURA GRAP LT265/75R16 123/120Q E 31.6,205620,https://assets.wheelpros.com/transform/6e9d4bbd-13b6-4ab4-91ec-e1b6f164d0c1/Nitto-Dura-Grappler_Standard-png?size=500,ST,0,336.00,0.00,04/26/2026 4:06:30 PM,10,0,0,0,0,0,0,0,0,0,0,0,0,0,0
Nitto,N205-630,DURA GRAP LT265/70R17 121/118Q E 31.6,205630,https://assets.wheelpros.com/transform/6e9d4bbd-13b6-4ab4-91ec-e1b6f164d0c1/Nitto-Dura-Grappler_Standard-png?size=500,ST,0,369.00,0.00,04/26/2026 4:06:30 PM,10,0,0,0,0,0,0,0,0,0,0,0,0,0,0
Nitto,N205-640,DURA GRAP LT275/65R18 123/120Q E 32,205640,https://assets.wheelpros.com/transform/6e9d4bbd-13b6-4ab4-91ec-e1b6f164d0c1/Nitto-Dura-Grappler_Standard-png?size=500,ST,0,432.00,0.00,04/26/2026 4:06:30 PM,10,0,0,0,0,0,0,0,0,0,0,0,0,0,0
Nitto,N205-650,DURA GRAP LT245/75R17 121/118Q E 31.5,205650,https://assets.wheelpros.com/transform/6e9d4bbd-13b6-4ab4-91ec-e1b6f164d0c1/Nitto-Dura-Grappler_Standard-png?size=500,ST,0,339.00,0.00,04/26/2026 4:06:30 PM,10,0,0,0,0,0,0,0,0,0,0,0,0,0,0
Nitto,N205-770,TRAIL GRAP LT285/70R16 125/122P E 31.8,205770,https://assets.wheelpros.com/transform/884b5afc-14aa-40c4-9f6e-937bbe0c9d2e/NITTO-TRAIL-GRAPPLER-MT_STANDARD-png?size=500,ST,15,489.00,0.00,04/26/2026 4:06:30 PM,10,11,0,4,0,0,0,0,0,0,0,0,0,0,0
Nitto,N205-860,TRAIL GRAP LT265/70R17 121/118Q E 31.9,205860,https://assets.wheelpros.com/transform/884b5afc-14aa-40c4-9f6e-937bbe0c9d2e/NITTO-TRAIL-GRAPPLER-MT_STANDARD-png?size=500,ST,2,489.00,0.00,04/26/2026 4:06:30 PM,10,0,2,0,0,0,0,0,0,0,0,0,0,0,0
Nitto,N205-890,TRAIL GRAP LT255/75R17 111/108Q C 32.1,205890,https://assets.wheelpros.com/transform/884b5afc-14aa-40c4-9f6e-937bbe0c9d2e/NITTO-TRAIL-GRAPPLER-MT_STANDARD-png?size=500,ST,0,451.00,0.00,04/26/2026 4:06:30 PM,10,0,0,0,0,0,0,0,0,0,0,0,0,0,0
Nitto,N206-590,EXO GRAP AWT LT265/65R18 122/119Q E 31.7,206590,https://assets.wheelpros.com/transform/e651b3c0-5638-4f6f-9e04-15e666610152/Nitto-ExoGrappler_Standard-png?size=500,ST,2,452.00,0.00,04/26/2026 4:06:30 PM,10,0,0,0,0,0,0,0,0,0,0,0,0,2,0
Nitto,N206-870,EXO GRAP AWT LT265/70R17 121/118Q E 31.8,206870,https://assets.wheelpros.com/transform/e651b3c0-5638-4f6f-9e04-15e666610152/Nitto-ExoGrappler_Standard-png?size=500,ST,16,454.00,0.00,04/26/2026 4:06:30 PM,10,0,0,0,0,0,0,0,0,0,0,0,0,16,0
Nitto,N206-890,EXO GRAP AWT LT235/80R17 120/117Q E 32,206890,https://assets.wheelpros.com/transform/e651b3c0-5638-4f6f-9e04-15e666610152/Nitto-ExoGrappler_Standard-png?size=500,ST,16,430.00,0.00,04/26/2026 4:06:30 PM,10,0,0,0,0,0,0,0,0,0,0,0,0,16,0
Nitto,N206-910,EXO GRAP AWT LT275/65R18 123/120Q E 32.3,206910,https://assets.wheelpros.com/transform/e651b3c0-5638-4f6f-9e04-15e666610152/Nitto-ExoGrappler_Standard-png?size=500,ST,16,504.00,0.00,04/26/2026 4:06:30 PM,10,0,0,0,0,0,0,0,0,0,0,0,0,16,0
Nitto,N206-940,EXO GRAP AWT LT245/75R17 121/118Q E 31.7,206940,https://assets.wheelpros.com/transform/e651b3c0-5638-4f6f-9e04-15e666610152/Nitto-ExoGrappler_Standard-png?size=500,ST,4,422.00,0.00,04/26/2026 4:06:30 PM,10,0,0,0,0,0,0,0,0,0,0,0,0,4,0
Nitto,N206-980,NT420V 275/45R22 112V XL 31.7,206980,https://assets.wheelpros.com/transform/675d5a8a-c369-41d5-9227-3240429692c5/Nitto-NT420V_Standard-png?size=500,ST,14,418.00,0.00,04/26/2026 4:06:30 PM,10,0,4,0,0,8,0,0,0,0,0,0,0,0,2
Nitto,N207-680,NT420V 295/35R24 110H XL 32.1,207680,https://assets.wheelpros.com/transform/675d5a8a-c369-41d5-9227-3240429692c5/Nitto-NT420V_Standard-png?size=500,ST,20,611.00,0.00,04/26/2026 4:06:30 PM,10,5,4,0,0,0,0,0,0,0,0,0,0,0,11
Nitto,N207-690,NT420V 305/35R24 112H XL 32.4,207690,https://assets.wheelpros.com/transform/675d5a8a-c369-41d5-9227-3240429692c5/Nitto-NT420V_Standard-png?size=500,ST,27,626.00,0.00,04/26/2026 4:06:30 PM,10,0,12,0,0,4,0,0,0,0,0,0,0,9,2
Nitto,N207-700,TRL GRAP SXS 32x9.50R15LT NHS 31.7,207700,https://assets.wheelpros.com/transform/f0ba9094-3f5c-4541-b2af-4ac9598f972d/Nitto-TrailGrappler-SxS_Standard-png?size=500,ST,0,406.00,282.00,04/26/2026 4:06:30 PM,20,0,0,0,0,0,0,0,0,0,0,0,0,0,0
Nitto,N207-730,NT420V 285/35R24 108V XL 31.8,207730,https://assets.wheelpros.com/transform/675d5a8a-c369-41d5-9227-3240429692c5/Nitto-NT420V_Standard-png?size=500,ST,36,584.00,0.00,04/26/2026 4:06:30 PM,10,16,4,0,0,0,0,4,0,0,0,0,0,12,0
Nitto,N208-080,SN3 265/70R17 115H 31.7,208080,https://images.wheelpros.com/m500/mNTSN3.png,SO,12,253.00,0.00,04/26/2026 4:06:30 PM,10,0,0,0,0,0,0,0,0,0,0,0,0,12,0
Nitto,N208-180,SN3 275/55R20 113H 31.9,208180,https://images.wheelpros.com/m500/mNTSN3.png,SO,8,336.00,0.00,04/26/2026 4:06:30 PM,10,0,0,0,0,0,0,0,0,0,0,0,0,8,0
Nitto,N208-590,SN3 285/45R22 114H 32.1,208590,https://images.wheelpros.com/m500/mNTSN3.png,SO,0,456.00,0.00,04/26/2026 4:06:30 PM,10,0,0,0,0,0,0,0,0,0,0,0,0,0,0
Nitto,N208-620,SN3 275/50R21 113H 31.9,208620,https://images.wheelpros.com/m500/mNTSN3.png,SO,8,368.00,0.00,04/26/2026 4:06:30 PM,10,0,0,0,0,0,0,0,0,0,0,0,0,0,8
Nitto,N208-630,NTCD 225/70R19.5 128/126N 32.3,208630,https://images.wheelpros.com/m500/mNTCD.png,ST,16,583.00,0.00,04/26/2026 4:06:30 PM,10,0,0,0,0,0,0,0,0,0,0,0,0,16,0
Nitto,N208-750,NT420V LT305/50R20 122/119S F 32,208750,https://assets.wheelpros.com/transform/675d5a8a-c369-41d5-9227-3240429692c5/Nitto-NT420V_Standard-png?size=500,ST,1,646.00,0.00,04/26/2026 4:06:30 PM,10,0,0,0,0,0,0,0,0,0,0,0,0,1,0
Nitto,N210-910,NT421Q 275/55R20 117V XL 31.8,210910,https://images.wheelpros.com/m500/mNT421.png,N2,4,374.00,0.00,04/26/2026 4:06:30 PM,10,0,0,0,0,0,0,0,0,0,0,0,0,4,0
Nitto,N210-930,NT421Q 285/45R22 114V XL 32,210930,https://images.wheelpros.com/m500/mNT421.png,N2,0,394.00,0.00,04/26/2026 4:06:30 PM,10,0,0,0,0,0,0,0,0,0,0,0,0,0,0
Nitto,N212-210,NOMAD GRAP 245/60R20 111H XL 31.5,212210,https://assets.wheelpros.com/transform/728fb739-8007-4c06-bd8b-96a0b6519ade/NITTO-NOMAD-GRAPPLER_STANDARD-png?size=500,ST,2,389.00,0.00,04/26/2026 4:06:30 PM,10,0,0,0,0,0,2,0,0,0,0,0,0,0,0
Nitto,N212-250,NOMAD GRAP 265/70R17 115T SL 31.6,212250,https://assets.wheelpros.com/transform/728fb739-8007-4c06-bd8b-96a0b6519ade/NITTO-NOMAD-GRAPPLER_STANDARD-png?size=500,ST,0,306.00,279.00,04/26/2026 4:06:30 PM,10,0,0,0,0,0,0,0,0,0,0,0,0,0,0
Nitto,N212-310,NOMAD GRAP 275/55R20 117H XL 31.8,212310,https://assets.wheelpros.com/transform/728fb739-8007-4c06-bd8b-96a0b6519ade/NITTO-NOMAD-GRAPPLER_STANDARD-png?size=500,ST,13,416.00,0.00,04/26/2026 4:06:30 PM,10,0,8,0,0,0,0,1,0,0,0,0,0,4,0
Nitto,N213-730,NT90W 265/70-17 90W 31.61,213730,https://images.wheelpros.com/m500/mNT90W.png,SO,0,175.00,0.00,04/26/2026 4:06:30 PM,10,0,0,0,0,0,0,0,0,0,0,0,0,0,0
Nitto,N215-220,NTGA2 275/55R20 123S 31.9,215220,https://images.wheelpros.com/m500/mNTGA2.png,N2,0,233.00,0.00,04/26/2026 4:06:30 PM,10,0,0,0,0,0,0,0,0,0,0,0,0,0,0
Nitto,N215-530,NTGA2 285/45R22 116T 32.09,215530,https://images.wheelpros.com/m500/mNTGA2.png,N2,0,307.00,0.00,04/26/2026 4:06:30 PM,10,0,0,0,0,0,0,0,0,0,0,0,0,0,0
Nitto,N215-540,NTGA2 265/60R18 114H 32.09,215540,https://images.wheelpros.com/m500/mNTGA2.png,N2,0,285.00,0.00,04/26/2026 4:06:30 PM,10,0,0,0,0,0,0,0,0,0,0,0,0,0,0
Nitto,N216-070,NTGA2 255/70R18 116S 32.32,216070,https://images.wheelpros.com/m500/mNTGA2.png,N2,0,321.00,0.00,04/26/2026 4:06:30 PM,10,0,0,0,0,0,0,0,0,0,0,0,0,0,0
Nitto,N216-110,TER GRAP G2 LT275/65R18 123/120S E 32,216110,https://images.wheelpros.com/m500/mNTG2W.png,ST,2,433.00,0.00,04/26/2026 4:06:30 PM,10,0,0,0,0,0,0,0,0,0,0,0,0,2,0
Nitto,N216-130,NTGA2 LT265/70R17 126/123S 31.7,216130,https://images.wheelpros.com/m500/mNTG2W.png,N2,0,389.00,0.00,04/26/2026 4:06:30 PM,10,0,0,0,0,0,0,0,0,0,0,0,0,0,0
Nitto,N216-180,TER GRAP G2 LT245/75R17 121/118R E 31.5,216180,https://images.wheelpros.com/m500/mNTG2W.png,ST,0,356.00,0.00,04/26/2026 4:06:30 PM,10,0,0,0,0,0,0,0,0,0,0,0,0,0,0
Nitto,N216-200,TER GRAP G2 285/45R22 114H 32.1,216200,https://images.wheelpros.com/m500/mNT200.png,SO,1,542.00,0.00,04/26/2026 4:06:30 PM,10,0,0,0,0,0,0,0,0,0,0,0,0,0,1
Nitto,N216-220,TER GRAP G2 275/55R20 117T 31.9,216220,https://images.wheelpros.com/m500/mNT200.png,SO,0,424.00,0.00,04/26/2026 4:06:30 PM,10,0,0,0,0,0,0,0,0,0,0,0,0,0,0
Nitto,N216-240,TER GRAP G2 265/65R18 116T XL 31.5,216240,https://images.wheelpros.com/m500/mNTG2W.png,ST,0,381.00,0.00,04/26/2026 4:06:30 PM,10,0,0,0,0,0,0,0,0,0,0,0,0,0,0
Nitto,N216-250,TER GRAP G2 275/65R18 116T XL 32,216250,https://images.wheelpros.com/m500/mNTGA2.png,ST,0,400.00,0.00,04/26/2026 4:06:30 PM,10,0,0,0,0,0,0,0,0,0,0,0,0,0,0
Nitto,N216-260,TER GRAP G2 265/70R17 115T SL 31.6,216260,https://images.wheelpros.com/m500/mNTG2W.png,N2,0,330.00,0.00,04/26/2026 4:06:30 PM,10,0,0,0,0,0,0,0,0,0,0,0,0,0,0
Nitto,N216-400,TER GRAP G2 LT235/80R17 120/117R E 31.8,216400,https://images.wheelpros.com/m500/mNTG2W.png,N2,1,355.00,0.00,04/26/2026 4:06:30 PM,10,0,0,0,0,0,0,0,0,0,0,0,0,1,0
Nitto,N216-520,TER GRAP G2 LT265/65R18 122/119R E 31.5,216520,https://images.wheelpros.com/m500/mNTG2W.png,ST,0,385.00,0.00,04/26/2026 4:06:30 PM,10,0,0,0,0,0,0,0,0,0,0,0,0,0,0
Nitto,N216-660,TER GRAP G2 LT265/75R16 123/120Q E 31.6,216660,https://images.wheelpros.com/m500/mNTG2W.png,ST,2,357.00,359.00,04/26/2026 4:06:30 PM,10,0,0,0,0,0,0,0,2,0,0,0,0,0,0
Nitto,N217-090,RIDGE GRAP LT275/65R18 123/120Q E 32,217090,https://assets.wheelpros.com/transform/8cd67eb1-99b1-477c-b4b6-3c7d11774b70/Nitto-RidgeGrappler_Standard-png?size=500,ST,12,490.00,0.00,04/26/2026 4:06:30 PM,10,0,12,0,0,0,0,0,0,0,0,0,0,0,0
Nitto,N217-100,RIDGE GRAP LT265/70R17 121/118Q E 31.6,217100,https://assets.wheelpros.com/transform/8cd67eb1-99b1-477c-b4b6-3c7d11774b70/Nitto-RidgeGrappler_Standard-png?size=500,ST,4,452.00,0.00,04/26/2026 4:06:30 PM,10,0,0,0,0,0,0,0,0,0,0,0,0,4,0
Nitto,N217-300,NTGRG LT265/70R17 124Q 31.89,217300,https://images.wheelpros.com/m500/mNTGRT.png,N2,1,407.00,0.00,04/26/2026 4:06:30 PM,10,0,0,0,0,0,0,0,0,0,0,0,0,0,1
Nitto,N217-330,RIDGE GRAP LT275/55R20 120/117Q E 32.1,217330,https://assets.wheelpros.com/transform/8cd67eb1-99b1-477c-b4b6-3c7d11774b70/Nitto-RidgeGrappler_Standard-png?size=500,ST,19,568.00,0.00,04/26/2026 4:06:30 PM,10,0,4,0,0,4,4,0,0,0,0,0,0,4,3
Nitto,N217-470,RIDGE GRAP LT265/65R18 122/119Q E 31.7,217470,https://assets.wheelpros.com/transform/8cd67eb1-99b1-477c-b4b6-3c7d11774b70/Nitto-RidgeGrappler_Standard-png?size=500,ST,59,447.00,0.00,04/26/2026 4:06:30 PM,10,5,8,16,4,12,0,8,2,0,0,0,0,4,0
Nitto,N217-510,RIDGE GRAP LT285/60R18 122/119Q E 31.6,217510,https://assets.wheelpros.com/transform/8cd67eb1-99b1-477c-b4b6-3c7d11774b70/Nitto-RidgeGrappler_Standard-png?size=500,ST,27,508.00,0.00,04/26/2026 4:06:30 PM,10,16,8,0,0,0,0,1,2,0,0,0,0,0,0
Nitto,N217-650,RIDGE GRAP LT265/75R16 123/120Q E 31.6,217650,https://assets.wheelpros.com/transform/8cd67eb1-99b1-477c-b4b6-3c7d11774b70/Nitto-RidgeGrappler_Standard-png?size=500,ST,0,411.00,0.00,04/26/2026 4:06:30 PM,10,0,0,0,0,0,0,0,0,0,0,0,0,0,0
Nitto,N217-670,RIDGE GRAP 275/55R20 117T XL 31.8,217670,https://assets.wheelpros.com/transform/8cd67eb1-99b1-477c-b4b6-3c7d11774b70/Nitto-RidgeGrappler_Standard-png?size=500,ST,106,472.00,0.00,04/26/2026 4:06:30 PM,10,16,13,16,7,4,16,14,4,0,0,0,0,4,12
Nitto,N217-690,RIDGE GRAP 255/70R18 116T XL 32,217690,https://assets.wheelpros.com/transform/8cd67eb1-99b1-477c-b4b6-3c7d11774b70/Nitto-RidgeGrappler_Standard-png?size=500,ST,4,389.00,0.00,04/26/2026 4:06:30 PM,10,0,0,0,0,0,0,0,0,0,0,0,0,0,4
Nitto,N217-720,RIDGE GRAP 305/60R18 116Q SL 32.4,217720,https://assets.wheelpros.com/transform/8cd67eb1-99b1-477c-b4b6-3c7d11774b70/Nitto-RidgeGrappler_Standard-png?size=500,ST,0,541.00,0.00,04/26/2026 4:06:30 PM,10,0,0,0,0,0,0,0,0,0,0,0,0,0,0
Nitto,N217-730,RIDGE GRAP 275/65R18 116T XL 32,217730,https://assets.wheelpros.com/transform/8cd67eb1-99b1-477c-b4b6-3c7d11774b70/Nitto-RidgeGrappler_Standard-png?size=500,ST,17,437.00,0.00,04/26/2026 4:06:30 PM,10,0,12,0,0,0,0,1,0,0,0,0,0,4,0
Nitto,N217-750,RIDGE GRAP 285/45R22 114Q XL 32,217750,https://assets.wheelpros.com/transform/8cd67eb1-99b1-477c-b4b6-3c7d11774b70/Nitto-RidgeGrappler_Standard-png?size=500,ST,13,600.00,0.00,04/26/2026 4:06:30 PM,10,0,12,0,0,0,0,0,0,0,0,0,0,1,0
Nitto,N217-790,RIDGE GRAP 305/50R20 120Q XL 32,217790,https://assets.wheelpros.com/transform/8cd67eb1-99b1-477c-b4b6-3c7d11774b70/Nitto-RidgeGrappler_Standard-png?size=500,ST,35,601.00,0.00,04/26/2026 4:06:30 PM,10,4,8,0,0,4,8,1,0,0,0,0,0,9,1
Nitto,N217-820,RIDGE GRAP 265/65R18 116T XL 31.5,217820,https://assets.wheelpros.com/transform/8cd67eb1-99b1-477c-b4b6-3c7d11774b70/Nitto-RidgeGrappler_Standard-png?size=500,ST,4,414.00,0.00,04/26/2026 4:06:30 PM,10,0,0,0,0,0,0,0,0,0,0,0,0,0,4
Nitto,N217-890,RIDGE GRAP 265/75R16 116T SL 31.6,217890,https://assets.wheelpros.com/transform/8cd67eb1-99b1-477c-b4b6-3c7d11774b70/Nitto-RidgeGrappler_Standard-png?size=500,ST,8,345.00,0.00,04/26/2026 4:06:30 PM,10,0,4,0,0,0,0,0,0,0,0,0,0,4,0
Nitto,N217-940,RIDGE GRAP 265/70R17 115T SL 31.6,217940,https://assets.wheelpros.com/transform/8cd67eb1-99b1-477c-b4b6-3c7d11774b70/Nitto-RidgeGrappler_Standard-png?size=500,ST,28,359.00,0.00,04/26/2026 4:06:30 PM,10,16,12,0,0,0,0,0,0,0,0,0,0,0,0
Nitto,N217-990,RIDGE GRAP LT275/70R17 121/118Q E 32.2,217990,https://assets.wheelpros.com/transform/8cd67eb1-99b1-477c-b4b6-3c7d11774b70/Nitto-RidgeGrappler_Standard-png?size=500,ST,68,474.00,0.00,04/26/2026 4:06:30 PM,10,7,8,16,0,4,16,8,2,0,0,0,0,3,4
Nitto,N218-010,RECON GRAP 275/55R20 117T XL 31.8,218010,https://assets.wheelpros.com/transform/7c1f1988-dde2-45f8-ad64-a49e2f341b40/ReconGrappler_Standard-png?size=500,ST,70,451.00,0.00,04/26/2026 4:06:30 PM,10,10,8,16,8,8,0,8,4,0,0,0,0,8,0
Nitto,N218-230,RECON GRAP LT285/55R20 122/119S E 32.3,218230,https://assets.wheelpros.com/transform/7c1f1988-dde2-45f8-ad64-a49e2f341b40/ReconGrappler_Standard-png?size=500,ST,20,611.00,0.00,04/26/2026 4:06:30 PM,10,4,12,0,0,0,0,0,0,0,0,0,0,4,0
Nitto,N218-260,RECON GRAP LT275/55R20 120/117S E 31.8,218260,https://assets.wheelpros.com/transform/7c1f1988-dde2-45f8-ad64-a49e2f341b40/ReconGrappler_Standard-png?size=500,ST,18,557.00,0.00,04/26/2026 4:06:30 PM,10,0,0,0,0,2,0,8,0,0,0,0,0,4,4
Nitto,N218-390,RECON GRAP 285/45R22 114H XL 32,218390,https://assets.wheelpros.com/transform/7c1f1988-dde2-45f8-ad64-a49e2f341b40/ReconGrappler_Standard-png?size=500,ST,8,583.00,0.00,04/26/2026 4:06:30 PM,10,0,8,0,0,0,0,0,0,0,0,0,0,0,0
Nitto,N218-420,RECON GRAP 305/50R20 120S XL 32,218420,https://assets.wheelpros.com/transform/7c1f1988-dde2-45f8-ad64-a49e2f341b40/ReconGrappler_Standard-png?size=500,ST,16,579.00,0.00,04/26/2026 4:06:30 PM,10,0,8,0,0,0,4,0,0,0,0,0,0,4,0
Nitto,N218-440,RECON GRAP 305/35R24 112S XL 32.4,218440,https://assets.wheelpros.com/transform/7c1f1988-dde2-45f8-ad64-a49e2f341b40/ReconGrappler_Standard-png?size=500,ST,0,772.00,0.00,04/26/2026 4:06:30 PM,10,0,0,0,0,0,0,0,0,0,0,0,0,0,0
Nitto,N218-470,RECON GRAP 305/40R22 114S XL 31.6,218470,https://assets.wheelpros.com/transform/7c1f1988-dde2-45f8-ad64-a49e2f341b40/ReconGrappler_Standard-png?size=500,ST,12,669.00,0.00,04/26/2026 4:06:30 PM,10,0,4,0,0,4,0,4,0,0,0,0,0,0,0
Nitto,N218-740,RECON GRAP LT265/70R17 123/120S E 31.6,218740,https://assets.wheelpros.com/transform/7c1f1988-dde2-45f8-ad64-a49e2f341b40/ReconGrappler_Standard-png?size=500,ST,7,414.00,385.00,04/26/2026 4:06:30 PM,10,3,4,0,0,0,0,0,0,0,0,0,0,0,0
Nitto,N218-830,RECON GRAP 285/55R20 116T XL 32.3,218830,https://assets.wheelpros.com/transform/7c1f1988-dde2-45f8-ad64-a49e2f341b40/ReconGrappler_Standard-png?size=500,ST,11,481.00,0.00,04/26/2026 4:06:30 PM,10,7,4,0,0,0,0,0,0,0,0,0,0,0,0
Nitto,N218-840,RECON GRAP 305/60R18 116S SL 32.4,218840,https://assets.wheelpros.com/transform/7c1f1988-dde2-45f8-ad64-a49e2f341b40/ReconGrappler_Standard-png?size=500,ST,1,524.00,487.00,04/26/2026 4:06:30 PM,10,1,0,0,0,0,0,0,0,0,0,0,0,0,0
Nitto,N222-760,TER GRAP G3 285/55R20 116/T 32.36,222-760,https://images.wheelpros.com/m500/mNT200.png,NW,8,470.00,0.00,04/26/2026 4:06:30 PM,10,0,0,0,0,0,0,0,0,0,0,0,0,8,0
Nitto,N223-800,TER GRAP G3 LT275/55R20 E 120/117T 31.9,223800,,NW,49,476.00,0.00,04/26/2026 4:06:30 PM,10,4,8,12,0,6,0,0,4,0,0,0,0,15,0
Nitto,N223-810,TER GRAP G3 LT285/55R20 E 122/119T 32.4,223810,,NW,24,528.00,0.00,04/26/2026 4:06:30 PM,10,0,8,8,0,4,0,0,0,0,0,0,0,4,0
Nitto,N223-880,TER GRAP G3 LT265/65R18 E 122/119R 31.5,223880,,NW,7,409.00,0.00,04/26/2026 4:06:30 PM,10,0,0,7,0,0,0,0,0,0,0,0,0,0,0
Nitto,N223-890,TER GRAP G3 LT275/65R18 E 123/120S 32.1,223890,,NW,57,435.00,0.00,04/26/2026 4:06:30 PM,10,0,11,4,0,8,4,4,0,0,0,0,0,16,10
Nitto,N223-940,TER GRAP G3 LT265/70R17 E 123/120S 31.7,223940,,NW,24,404.00,0.00,04/26/2026 4:06:30 PM,10,4,4,1,0,0,4,4,0,0,0,0,0,7,0
Nitto,N223-960,TER GRAP G3 LT275/70R17 E 124/121S 32.2,223960,,NW,20,414.00,0.00,04/26/2026 4:06:30 PM,10,8,0,0,0,1,0,4,0,0,0,0,0,3,4
Nitto,N224-010,TER GRAP G3 LT245/75R17 E 121/118S 31.5,224010,,NW,16,368.00,0.00,04/26/2026 4:06:30 PM,10,0,8,8,0,0,0,0,0,0,0,0,0,0,0
Nitto,N224-020,TER GRAP G3 LT265/75R16 E 123/120S 31.7,224020,,NW,0,373.00,0.00,04/26/2026 4:06:30 PM,10,0,0,0,0,0,0,0,0,0,0,0,0,0,0
Nitto,N224-040,TER GRAP G3 LT235/80R17 E 120/117R 31.8,224040,,NW,33,375.00,0.00,04/26/2026 4:06:30 PM,10,0,8,5,0,0,0,4,0,0,0,0,0,16,0
Nitto,N224-050,TER GRAP G3 285/45R22 114H XL 32.1,224050,,NW,59,518.00,0.00,04/26/2026 4:06:30 PM,10,0,4,0,8,12,3,0,4,0,0,0,0,16,12
Nitto,N224-060,TER GRAP G3 275/55R20 117T XL 31.9,224060,,NW,68,439.00,0.00,04/26/2026 4:06:30 PM,10,12,8,4,1,8,4,4,0,0,0,0,0,11,16
Nitto,N224-140,TER GRAP G3 265/65R18 116T XL 31.5,224140,,NW,23,394.00,0.00,04/26/2026 4:06:30 PM,10,3,8,0,0,0,0,0,0,0,0,0,0,4,8
Nitto,N224-150,TER GRAP G3 275/65R18 116T 32.1,224150,,NW,51,397.00,0.00,04/26/2026 4:06:30 PM,10,8,8,7,0,12,0,0,0,0,0,0,0,0,16
Nitto,N224-180,TER GRAP G3 255/70R18 116T XL 32.1,224180,,NW,10,367.00,0.00,04/26/2026 4:06:30 PM,10,4,4,2,0,0,0,0,0,0,0,0,0,0,0
Nitto,N224-200,TER GRAP G3 265/70R17 116T XL 31.7,224200,,NW,85,336.00,0.00,04/26/2026 4:06:30 PM,10,0,12,12,4,12,16,8,4,0,0,0,0,8,9
Nitto,N224-250,TER GRAP G3 245/75R17 116T XL 31.5,224250,,NW,12,305.00,0.00,04/26/2026 4:06:30 PM,10,12,0,0,0,0,0,0,0,0,0,0,0,0,0
Nitto,N224-260,TER GRAP G3 265/75R16 116T 31.7,224260,,NW,8,311.00,0.00,04/26/2026 4:06:30 PM,10,0,8,0,0,0,0,0,0,0,0,0,0,0,0
Nitto,N224-280,TER GRAPG3 LT275/65R18 113/110/T 32.09,224-280,https://images.wheelpros.com/m500/mNT200.png,NW,24,415.00,0.00,04/26/2026 4:06:30 PM,10,0,8,0,0,4,0,0,0,0,0,0,0,12,0
Nitto,N261-360,MOTIVO 365 275/55R20XL 117V 31.89,261360,https://assets.wheelpros.com/transform/f90000ba-70b3-40f7-99fe-4ab4bbcd47df/NITTO-MOTIVO-356-A1-png?size=500,ST,18,371.00,0.00,04/26/2026 4:06:30 PM,10,0,4,0,4,0,0,0,10,0,0,0,0,0,0
Fuel Tires,QQAT26570R17W,LT265/70R17 GRPR A/T2 121/118S E 2657017,QQAT26570R17W,,N2,0,293.00,0.00,04/26/2026 4:06:30 PM,10,0,0,0,0,0,0,0,0,0,0,0,0,0,0
Fuel Tires,QQAT27555R20W,P275/55R20 GRIPPER A/T WHT-LOGO 2755520,QQAT27555R20W,,N2,0,308.00,0.00,04/26/2026 4:06:30 PM,10,0,0,0,0,0,0,0,0,0,0,0,0,0,0
Fuel Tires,QQAT27565R18W,P275/65R18 GRIPPER A/T WHT-LOGO 2756518,QQAT27565R18W,,N2,0,289.00,0.00,04/26/2026 4:06:30 PM,10,0,0,0,0,0,0,0,0,0,0,0,0,0,0
Fuel Tires,QQAT28555R20W,LT285/55R20 GRIPPER A/T WHT-LOGO 2855520,QQAT28555R20W,,N2,0,369.00,0.00,04/26/2026 4:06:30 PM,10,0,0,0,0,0,0,0,0,0,0,0,0,0,0
Fuel Tires,RFAT26570R17,GRIPPER AT LT265/70R17 S 31.7,RFAT26570R17,https://assets.wheelpros.com/transform/987bba65-ead2-40b7-9313-3217dfd24996/FUEL-GRIPPER-AT_Standard-png?size=500,N2,27,268.00,0.00,04/26/2026 4:06:30 PM,10,0,0,0,0,0,0,0,0,0,0,0,0,16,11
Fuel Tires,RFAT27555R20,GRIPPER AT 275/55R20 117S 31.9,RFAT27555R20,https://assets.wheelpros.com/transform/987bba65-ead2-40b7-9313-3217dfd24996/FUEL-GRIPPER-AT_Standard-png?size=500,N2,16,288.00,0.00,04/26/2026 4:06:30 PM,10,16,0,0,0,0,0,0,0,0,0,0,0,0,0
Fuel Tires,RFAT27565R18,GRIPPER AT 275/65R18 114T 32.1,RFAT27565R18,https://assets.wheelpros.com/transform/987bba65-ead2-40b7-9313-3217dfd24996/FUEL-GRIPPER-AT_Standard-png?size=500,N2,20,269.00,0.00,04/26/2026 4:06:30 PM,10,0,0,0,0,0,0,0,0,0,0,0,0,16,4
Fuel Tires,RFAT28555R20,GRIPPER AT 285/55R20 S 32.4,RFAT28555R20,https://assets.wheelpros.com/transform/987bba65-ead2-40b7-9313-3217dfd24996/FUEL-GRIPPER-AT_Standard-png?size=500,N2,3,335.00,0.00,04/26/2026 4:06:30 PM,10,0,0,0,0,0,0,0,0,0,0,0,0,3,0
EFX,RFTR321000R14,GRIPPER UT2 R 32X10R14 N 32,,https://images.wheelpros.com/m500/mFGRTR.png,N2,0,273.00,0.00,04/26/2026 4:06:30 PM,20,0,0,0,0,0,0,0,0,0,0,0,0,0,0
EFX,RFTR321000R14E,GRIPPER T/R/K UTV 32X10R14 N 32,RFTR321000R14E,https://images.wheelpros.com/m500/mFGRTT.png,ST,1,352.00,0.00,04/26/2026 4:06:30 PM,20,0,0,0,0,0,0,0,0,0,0,0,0,1,0
EFX,RFTR321000R15E,GRIPPER T/R/K UTV 32X10R15 N 32,RFTR321000R15E,https://images.wheelpros.com/m500/mFGRTT.png,ST,0,357.00,0.00,04/26/2026 4:06:30 PM,20,0,0,0,0,0,0,0,0,0,0,0,0,0,0
EFX,RFTT321000R14E,GRIPPER R/T UTV 32X10R14 N 32,RFTT321000R14E,https://images.wheelpros.com/m500/mFGRTT.png,ST,3,323.00,0.00,04/26/2026 4:06:30 PM,20,0,0,0,0,0,0,0,0,0,0,0,0,3,0
EFX,RFTT321000R15,GRIPPER UT2 32X10R15 N 32,,https://images.wheelpros.com/m500/mFGRTT.png,N2,0,237.00,0.00,04/26/2026 4:06:30 PM,20,0,0,0,0,0,0,0,0,0,0,0,0,0,0
EFX,RFTT321000R15E,GRIPPER R/T UTV 32X10R15 N 32,RFTT321000R15E,https://assets.wheelpros.com/transform/4403773d-a2a0-4b00-ab75-eeb4c0b4fb1e/EFX-GRIPPER-UTV-30x10x15-A1-png?size=500,ST,0,325.00,0.00,04/26/2026 4:06:30 PM,20,0,0,0,0,0,0,0,0,0,0,0,0,0,0
EFX,RFUT321000R14,GRIPPER UT 32X10R14 N 32,,https://assets.wheelpros.com/transform/3f8dad1b-626c-4c99-8703-5be4807b4f93/EFX-GRIPPER-UT-30x10x15-A1-png?size=500,N2,0,237.00,0.00,04/26/2026 4:06:30 PM,20,0,0,0,0,0,0,0,0,0,0,0,0,0,0
EFX,RFUT321000R14E,GRIPPER UTV 32X10-14 N 32,RFUT321000R14E,https://images.wheelpros.com/m500/mFGRTT.png,N2,2,309.00,0.00,04/26/2026 4:06:30 PM,20,0,0,0,0,0,0,0,0,0,0,0,0,2,0
Fuel Tires,RSAT28555R20,GRIPPER AT 285/55R20 124/121S 32.4,RSAT28555R20,https://assets.wheelpros.com/transform/987bba65-ead2-40b7-9313-3217dfd24996/FUEL-GRIPPER-AT_Standard-png?size=500,N2,0,335.00,0.00,04/26/2026 4:06:30 PM,10,0,0,0,0,0,0,0,0,0,0,0,0,0,0
EFX,SS-31-11-15,SANDSLINGER 31X11-15 F 31,SS-31-11-15,https://assets.wheelpros.com/transform/b011ad00-e79d-466c-9b0b-c64c76d1d0d7/EFX-SAND-SLINGER-30x11-14-A1-png?size=500,ST,20,309.00,0.00,04/26/2026 4:06:30 PM,20,16,0,0,0,4,0,0,0,0,0,0,0,0,0
Uniroyal,UNI33585,LAREDO CC TOUR 265/70R17 115T 31.7,33585,https://images.wheelpros.com/m500/mUNLARH.png,ST,0,247.00,0.00,04/26/2026 4:06:30 PM,10,0,0,0,0,0,0,0,0,0,0,0,0,0,0
Uniroyal,UNI44394,TIGER PAW TOUR 245/60R20 107H 31.57,44394,https://images.wheelpros.com/m500/mUNTIGJ.png,ST,0,276.00,0.00,04/26/2026 4:06:30 PM,10,0,0,0,0,0,0,0,0,0,0,0,0,0,0
Uniroyal,UNI93470,LAREDO CC TOUR P265/75R16 114S 31.7,93470,https://images.wheelpros.com/m500/mUNLARG.png,ST,0,272.00,0.00,04/26/2026 4:06:30 PM,10,0,0,0,0,0,0,0,0,0,0,0,0,0,0
EFX,W-32-10-18,MOTOMTC 32X10-18 80J 32,W-32-10-18,https://assets.wheelpros.com/transform/0d3b635c-4e50-4e82-a87b-1664dd1ffa70/EFX-MOTO-MTC-26x11x14-A1-png?size=500,ST,18,289.00,289.00,04/26/2026 4:06:30 PM,20,0,0,16,0,0,0,0,0,0,0,0,0,2,0
BKT,000000000094004782,8X18 4PR BKT TR 171 TT 333818,,https://images.wheelpros.com/m500/mBTR171.png,N2,0,345.00,0.00,04/26/2026 4:06:30 PM,20,0,0,0,0,0,0,0,0,0,0,0,0,0,0
BKT,000000000094040506,9.5X16 6PR BKT TR 171 TT 3339516,,https://images.wheelpros.com/m500/mBTR171.png,N2,0,396.00,0.00,04/26/2026 4:06:30 PM,20,0,0,0,0,0,0,0,0,0,0,0,0,0,0
BKT,000000000094056835,AT 33X8-18 6PR  BKT AT171 TL 33818,,https://images.wheelpros.com/m500/mBTR171.png,N2,0,345.00,0.00,04/26/2026 4:06:30 PM,20,0,0,0,0,0,0,0,0,0,0,0,0,0,0
BKT,000000000094056880,AT 33X9-20 6PR  BKT AT171 TL 33920,,https://images.wheelpros.com/m500/mBTR171.png,N2,1,332.00,0.00,04/26/2026 4:06:30 PM,20,0,0,0,0,0,0,0,0,0,0,0,0,0,1
Avix,AVX-171370,TRAILTEK RT LT285/70R17 126/123Q E 33,AVX-171370,https://images.wheelpros.com/m500/mAVXTR.png,NW,16,280.00,309.00,04/26/2026 4:06:30 PM,10,16,0,0,0,0,0,0,0,0,0,0,0,0,0
Avix,AVX-201330,TRAILTEK RT LT285/55R20 122/119Q E 32.6,AVX-201330,https://images.wheelpros.com/m500/mAVXTR.png,NW,107,318.00,349.00,04/26/2026 4:06:30 PM,10,0,16,6,16,16,3,12,16,0,0,0,0,6,16
Avix,AVX-201400,TRAILTEK RT 33x12.50R20LT 119Q F 32.8,AVX-201400,https://images.wheelpros.com/m500/mAVXTR.png,NW,121,340.00,374.00,04/26/2026 4:06:30 PM,10,16,16,8,16,16,16,16,16,0,0,0,0,1,0
Avix,AVX-201401,TRAILTEK RT LT275/60R20 123/120Q E 33.2,AVX-201401,https://images.wheelpros.com/m500/mAVXTR.png,NW,34,293.00,322.00,04/26/2026 4:06:30 PM,10,16,0,0,2,2,0,11,3,0,0,0,0,0,0
Avix,AVX-201420,TRAILTEK RT LT305/55R20 125/122Q F 33.5,AVX-201420,https://images.wheelpros.com/m500/mAVXTR.png,NW,120,338.00,372.00,04/26/2026 4:06:30 PM,10,16,16,16,16,16,5,16,16,0,0,0,0,3,0
Falken,F28030128,WDPEAK AT3W LT265/60R20 121/118S E 32.5,28030128,https://images.wheelpros.com/m500/mFWPK3.png,N2,1,496.00,0.00,04/26/2026 4:06:30 PM,10,0,0,0,0,0,0,0,0,0,0,0,0,1,0
Falken,F28030385,WDPEAK AT3W LT305/55R20 125/122S F 33.2,28030385,https://images.wheelpros.com/m500/mFWPK3.png,N2,1,617.00,0.00,04/26/2026 4:06:30 PM,10,0,0,0,0,0,0,0,0,0,0,0,0,1,0
Falken,F28041003,ZIEX CT60 275/60R20 116H XL 33,28041003,https://assets.wheelpros.com/transform/9439da7c-0b3d-4cb7-af91-94035543a283/FALKEN-ZIEX-CT60-AS_Standard-png?size=500,ST,0,371.00,0.00,04/26/2026 4:06:30 PM,10,0,0,0,0,0,0,0,0,0,0,0,0,0,0
Falken,F28391713,AKLIMATE 275/60R20 115H SL 33,28391713,https://images.wheelpros.com/m500/mTIRE.png,NW,0,329.00,0.00,04/26/2026 4:06:30 PM,10,0,0,0,0,0,0,0,0,0,0,0,0,0,0
Falken,F28516036,WDPEAK MT LT255/85R16 123/120Q E 33.1,28516036,https://images.wheelpros.com/m500/mFTWPK.png,ST,0,374.00,0.00,04/26/2026 4:06:30 PM,10,0,0,0,0,0,0,0,0,0,0,0,0,0,0
Falken,F28516518,WDPEAK MT LT33X12.50R15 108Q C 32.62,28516518,https://images.wheelpros.com/m500/mFWPMT.png,SO,0,413.00,0.00,04/26/2026 4:06:30 PM,10,0,0,0,0,0,0,0,0,0,0,0,0,0,0
Falken,F28516611,WDPEAK MT LT285/75R16 126/123Q E 32.7,28516611,https://images.wheelpros.com/m500/mFWPMT.png,SO,0,435.00,0.00,04/26/2026 4:06:30 PM,10,0,0,0,0,0,0,0,0,0,0,0,0,0,0
Falken,F28516612,WDPEAK MT LT285/70R17 121/118Q E 32.9,28516612,https://images.wheelpros.com/m500/mFWPMT.png,SO,0,521.00,0.00,04/26/2026 4:06:30 PM,10,0,0,0,0,0,0,0,0,0,0,0,0,0,0
Falken,F28516703,WDPEAK MT LT275/70R18 125/122Q E 33.4,28516703,https://images.wheelpros.com/m500/mFWPMT.png,SO,0,563.00,0.00,04/26/2026 4:06:30 PM,10,0,0,0,0,0,0,0,0,0,0,0,0,0,0
Falken,F28516710,WDPEAK MT LT33X12.50R17 120Q E 32.72,28516710,https://images.wheelpros.com/m500/mFWPMT.png,SO,23,569.00,0.00,04/26/2026 4:06:30 PM,10,0,0,0,4,4,2,2,11,0,0,0,0,0,0
Falken,F28516827,WDPEAK MT LT285/65R18 125/122Q E 32.8,28516827,https://images.wheelpros.com/m500/mFWPMT.png,SO,0,565.00,0.00,04/26/2026 4:06:30 PM,10,0,0,0,0,0,0,0,0,0,0,0,0,0,0
Falken,F28516906,WDPEAK MT LT33X12.50R20 114Q E 32.8,28516906,https://images.wheelpros.com/m500/mFWPMT.png,SO,23,626.00,0.00,04/26/2026 4:06:30 PM,10,0,0,0,3,4,0,0,16,0,0,0,0,0,0
Falken,F28516936,WDPEAK MT LT295/70R17 121/118Q E 33.4,28516936,https://images.wheelpros.com/m500/mFWPMT.png,SO,1,528.00,0.00,04/26/2026 4:06:30 PM,10,0,0,0,0,0,0,0,1,0,0,0,0,0,0
Falken,F28516952,WDPEAK MT LT305/55R20 121/118Q E 33.4,28516952,https://images.wheelpros.com/m500/mFWPMT.png,SO,37,693.00,0.00,04/26/2026 4:06:30 PM,10,0,7,4,8,8,0,0,6,0,0,0,0,4,0
Falken,F28757159,WDPEAK RT LT33X12.50R20 114R E 32.8,28757159,https://images.wheelpros.com/m500/mFTWPK.png,SO,0,569.00,0.00,04/26/2026 4:06:30 PM,10,0,0,0,0,0,0,0,0,0,0,0,0,0,0
Falken,F28757187,WDPEAK RT LT255/80R17 121/118R E 33.3,28757187,https://images.wheelpros.com/m500/mFTWPK.png,SO,0,405.00,0.00,04/26/2026 4:06:30 PM,10,0,0,0,0,0,0,0,0,0,0,0,0,0,0
Falken,F28757204,WDPEAK RT LT285/55R20 122/119R E 32.6,28757204,https://images.wheelpros.com/m500/mFTWPK.png,SO,20,599.00,0.00,04/26/2026 4:06:30 PM,10,0,0,0,16,0,0,4,0,0,0,0,0,0,0
Falken,F28757431,WDPEAK RT LT275/70R18 125/122R E 33.4,28757431,https://images.wheelpros.com/m500/mFTWPK.png,SO,3,503.00,0.00,04/26/2026 4:06:30 PM,10,0,0,0,0,0,0,0,0,0,0,0,0,3,0
Falken,F28757499,WDPEAK RT LT285/75R16 126/123R E 33.1,28757499,https://images.wheelpros.com/m500/mFTWPK.png,SO,0,408.00,0.00,04/26/2026 4:06:30 PM,10,0,0,0,0,0,0,0,0,0,0,0,0,0,0
Falken,F28757550,WDPEAK RT LT33X12.50R18 118R E 32.8,28757550,https://images.wheelpros.com/m500/mFTWPK.png,SO,0,511.00,0.00,04/26/2026 4:06:30 PM,10,0,0,0,0,0,0,0,0,0,0,0,0,0,0
Falken,F28757747,WDPEAK RT LT285/70R17 116/113R C 33,28757747,https://images.wheelpros.com/m500/mFTWPK.png,SO,0,450.00,0.00,04/26/2026 4:06:30 PM,10,0,0,0,0,0,0,0,0,0,0,0,0,0,0
Falken,F28757753,WDPEAK RT LT33X12.50R17 120R E 32.8,28757753,https://images.wheelpros.com/m500/mFTWPK.png,SO,1,473.00,0.00,04/26/2026 4:06:30 PM,10,0,0,0,0,1,0,0,0,0,0,0,0,0,0
Falken,F28757779,WDPEAK RT LT275/60R20 123/120R E 33.2,28757779,https://images.wheelpros.com/m500/mFTWPK.png,SO,0,476.00,0.00,04/26/2026 4:06:30 PM,10,0,0,0,0,0,0,0,0,0,0,0,0,0,0
Falken,F28757808,WDPEAK RT LT285/70R17 121/118R E 33,28757808,https://images.wheelpros.com/m500/mFTWPK.png,SO,0,474.00,0.00,04/26/2026 4:06:30 PM,10,0,0,0,0,0,0,0,0,0,0,0,0,0,0
Falken,F28757880,WDPEAK RT LT295/55R20 123/120R E 33,28757880,https://images.wheelpros.com/m500/mFTWPK.png,SO,0,556.00,0.00,04/26/2026 4:06:30 PM,10,0,0,0,0,0,0,0,0,0,0,0,0,0,0
Falken,F28757935,WDPEAK RT LT285/65R18 125/122R E 32.8,28757935,https://images.wheelpros.com/m500/mFTWPK.png,SO,8,541.00,0.00,04/26/2026 4:06:30 PM,10,0,0,0,0,0,0,0,0,0,0,0,0,8,0
Falken,F28820127,WDPEAK HT02 LT265/70R18 124/121S E 32.6,28820127,https://images.wheelpros.com/m500/mFTWPK.png,SO,0,334.00,0.00,04/26/2026 4:06:30 PM,10,0,0,0,0,0,0,0,0,0,0,0,0,0,0
Falken,F28820128,WDPEAK HT02 LT265/60R20 121/118S E 32.5,28820128,https://images.wheelpros.com/m500/mFTWPK.png,SO,0,390.00,0.00,04/26/2026 4:06:30 PM,10,0,0,0,0,0,0,0,0,0,0,0,0,0,0
Falken,F28820611,WDPEAK HT02 LT285/75R16 126/123S E 32.8,28820611,https://images.wheelpros.com/m500/mFTWPK.png,SO,0,324.00,0.00,04/26/2026 4:06:30 PM,10,0,0,0,0,0,0,0,0,0,0,0,0,0,0
Falken,F28820703,WDPEAK HT02 LT275/70R18 125/122S E 33.2,28820703,https://images.wheelpros.com/m500/mFTWPK.png,SO,0,349.00,0.00,04/26/2026 4:06:30 PM,10,0,0,0,0,0,0,0,0,0,0,0,0,0,0
Falken,F28821035,WDPEAK HT02 275/50R22 111H SL 32.9,28821035,https://images.wheelpros.com/m500/mFTWPK.png,SO,0,340.00,0.00,04/26/2026 4:06:30 PM,10,0,0,0,0,0,0,0,0,0,0,0,0,0,0
Falken,F28824809,WDPEAK HT02 265/70R18 116T SL 32.6,28824809,https://images.wheelpros.com/m500/mFTWPK.png,SO,0,277.00,0.00,04/26/2026 4:06:30 PM,10,0,0,0,0,0,0,0,0,0,0,0,0,0,0
Falken,F28840009,WDPEAK AT4W LT275/60R20 119/116S D 33.1,28840009,https://images.wheelpros.com/m500/mFTWPK4.png,ST,42,458.00,0.00,04/26/2026 4:06:30 PM,10,0,0,0,0,0,0,0,10,0,0,0,0,16,16
Falken,F28840034,WDPEAK AT4W LT255/85R16 112/109S C 33.1,28840034,https://images.wheelpros.com/m500/mFTWPK4.png,ST,0,364.00,0.00,04/26/2026 4:06:30 PM,10,0,0,0,0,0,0,0,0,0,0,0,0,0,0
Falken,F28840128,WDPEAK AT4W LT265/60R20 121/118S E 32.5,28840128,https://images.wheelpros.com/m500/mFTWPK4.png,ST,10,463.00,0.00,04/26/2026 4:06:30 PM,10,0,0,0,0,0,0,0,8,0,0,0,0,2,0
Falken,F28840233,WDPEAK AT4W LT265/70R18 124/121S E 33.0,28840233,https://images.wheelpros.com/m500/mFTWPK4.png,ST,16,382.00,0.00,04/26/2026 4:06:30 PM,10,0,0,0,0,0,0,0,0,0,0,0,0,0,16
Falken,F28840338,WDPEAK AT4W LT255/80R17 123/120S E 33,28840338,https://images.wheelpros.com/m500/mFTWPK4.png,ST,32,368.00,0.00,04/26/2026 4:06:30 PM,10,0,0,0,0,0,0,0,0,0,0,0,0,16,16
Falken,F28840598,WDPEAK AT4W LT33X12.50R20 119S F 32.9,28840598,https://images.wheelpros.com/m500/mFTWPK4.png,ST,17,600.00,0.00,04/26/2026 4:06:30 PM,10,0,0,0,0,0,0,1,0,0,0,0,0,0,16
Falken,F28840612,WDPEAK AT4W LT285/70R17 126/123S E 33,28840612,https://images.wheelpros.com/m500/mFTWPK4.png,ST,19,404.00,0.00,04/26/2026 4:06:30 PM,10,0,0,0,0,0,0,0,0,0,0,0,0,16,3
Falken,F28840827,WDPEAK AT4W LT285/65R18 125/122S E 32.6,28840827,https://images.wheelpros.com/m500/mFTWPK4.png,ST,24,494.00,0.00,04/26/2026 4:06:30 PM,10,0,0,0,0,0,0,0,0,0,0,0,0,16,8
Falken,F28840886,WDPEAK AT4W LT275/70R18 125/122S E,28840886,https://images.wheelpros.com/m500/mFTWPK4.png,ST,24,450.00,0.00,04/26/2026 4:06:30 PM,10,0,0,0,0,0,0,0,0,0,0,0,0,16,8
Falken,F28844003,WDPEAK AT4W 275/60R20 115T SL 33,28844003,https://images.wheelpros.com/m500/mFTWPK4.png,ST,43,378.00,0.00,04/26/2026 4:06:30 PM,10,0,0,0,0,0,0,0,12,0,0,0,0,15,16
Falken,F28844121,WDPEAK AT4W LT285/55R20 122/119T E 32.6,28844121,https://images.wheelpros.com/m500/mFTWPK4.png,ST,15,531.00,0.00,04/26/2026 4:06:30 PM,10,0,0,0,0,0,0,0,0,0,0,0,0,3,12
Falken,F28844386,WDPEAK AT4W 305/55R20 116T SL 33.2,28844386,https://images.wheelpros.com/m500/mFTWPK4.png,ST,16,541.00,0.00,04/26/2026 4:06:30 PM,10,0,0,0,0,0,0,0,0,0,0,0,0,0,16
Falken,F28844456,WDPEAK AT4W 265/60R20 112T SL 32.5,28844456,https://images.wheelpros.com/m500/mFTWPK4.png,ST,8,444.00,0.00,04/26/2026 4:06:30 PM,10,0,0,0,0,0,0,0,8,0,0,0,0,0,0
Falken,F28844595,WDPEAK AT4W LT295/55R20 123/120T E 33,28844595,https://images.wheelpros.com/m500/mFTWPK4.png,ST,8,549.00,0.00,04/26/2026 4:06:30 PM,10,0,0,0,0,0,0,0,0,0,0,0,0,4,4
Falken,F28844809,WDPEAK AT4W 265/70R18 116T SL 32.6,28844809,https://images.wheelpros.com/m500/mFTWPK4.png,ST,0,335.00,0.00,04/26/2026 4:06:30 PM,10,0,0,0,0,0,0,0,0,0,0,0,0,0,0
Falken,F28844888,WDPEAK AT4W 285/65R18 116T SL 32.6,28844888,https://images.wheelpros.com/m500/mFTWPK4.png,ST,19,478.00,0.00,04/26/2026 4:06:30 PM,10,0,0,0,0,0,0,0,3,0,0,0,0,0,16
Falken,F28844913,WDPEAK AT4W 285/70R17 116T SL 32.8,28844913,https://images.wheelpros.com/m500/mFTWPK4.png,ST,24,367.00,0.00,04/26/2026 4:06:30 PM,10,0,0,0,0,3,0,0,0,0,0,0,0,16,5
Falken,F28847116,WDPEAK AT4W LT33X12.50R15 108R C 33.1,28847116,https://images.wheelpros.com/m500/mFTWPK4.png,ST,0,346.00,0.00,04/26/2026 4:06:30 PM,10,0,0,0,0,0,0,0,0,0,0,0,0,0,0
Falken,F28847543,WDPEAK AT4W LT285/70R17 116/113R C 33,28847543,https://images.wheelpros.com/m500/mFTWPK4.png,ST,35,396.00,0.00,04/26/2026 4:06:30 PM,10,8,0,0,0,0,0,0,0,0,0,0,0,16,11
Falken,F28847611,WDPEAK AT4W LT285/75R16 126/123R E 33.1,28847611,https://images.wheelpros.com/m500/mFTWPK4.png,ST,16,380.00,0.00,04/26/2026 4:06:30 PM,10,0,0,0,0,0,0,0,0,0,0,0,0,16,0
Falken,F28847641,WDPEAK AT4W LT305/70R16 124/121R E 32.8,28847641,https://images.wheelpros.com/m500/mFTWPK4.png,ST,0,397.00,0.00,04/26/2026 4:06:30 PM,10,0,0,0,0,0,0,0,0,0,0,0,0,0,0
OHTSU,F30270809,AT4000 265/70-18 116S 32.6,,https://images.wheelpros.com/m500/mAT400.png,SO,0,181.00,0.00,04/26/2026 4:06:30 PM,10,0,0,0,0,0,0,0,0,0,0,0,0,0,0
OHTSU,F30501215,ST5000 305/45-22 118H 32.73,,https://images.wheelpros.com/m500/mST500.png,SO,0,330.00,0.00,04/26/2026 4:06:30 PM,10,0,0,0,0,0,0,0,0,0,0,0,0,0,0
OHTSU,F30501405,ST5000 305/30-26 109H 33.38,,https://images.wheelpros.com/m500/mST500.png,SO,0,405.00,0.00,04/26/2026 4:06:30 PM,10,0,0,0,0,0,0,0,0,0,0,0,0,0,0
OHTSU,F30501623,ST5000 275/60-20 114H 33.02,,https://images.wheelpros.com/m500/mST500.png,SO,0,366.00,0.00,04/26/2026 4:06:30 PM,10,0,0,0,0,0,0,0,0,0,0,0,0,0,0
Falken,F59000350,WDPEAK AT3W LT285/70R17 116/113Q C 32.8,59000350,https://images.wheelpros.com/m500/mFWPK3.png,SO,0,441.00,0.00,04/26/2026 4:06:30 PM,10,0,0,0,0,0,0,0,0,0,0,0,0,0,0
Falken,F59000770,WDPEAK AT3W 285/65R18 116T SL 32.56,59000770,https://images.wheelpros.com/m500/mFWPK3.png,ST,0,571.00,0.00,04/26/2026 4:06:30 PM,10,0,0,0,0,0,0,0,0,0,0,0,0,0,0
Falken,F59000780,WDPEAK AT3WA 265/60R20 112H SL 32.5,59000780,https://images.wheelpros.com/m500/mFWPK3.png,SO,0,497.00,0.00,04/26/2026 4:06:30 PM,10,0,0,0,0,0,0,0,0,0,0,0,0,0,0
Milestar,M22247203,PATAG MT02 33X12.50R22LT 114Q F 32.8,22247203,https://images.wheelpros.com/m500/mMIPMT.png,ST,0,203.00,0.00,04/26/2026 4:06:30 PM,10,0,0,0,0,0,0,0,0,0,0,0,0,0,0
Milestar,M22401510,PATAG MT02 LT285/55R20 122/119Q E 32.6,22401510,https://images.wheelpros.com/m500/mMIPMT.png,ST,0,287.00,0.00,04/26/2026 4:06:30 PM,10,0,0,0,0,0,0,0,0,0,0,0,0,0,0
Milestar,M22688024,PATAG XT LT285/70R17 126/123Q E 33,22688024,https://assets.wheelpros.com/transform/b509fcce-ede2-4039-bca6-d98679d13ccd/MILESTAR-PATAGONIA-XT_STANDARD-png?size=500,ST,0,166.00,0.00,04/26/2026 4:06:30 PM,10,0,0,0,0,0,0,0,0,0,0,0,0,0,0
Milestar,M22797014,PATAG MT02 LT275/70R18 125/122Q E 33.4,22797014,https://images.wheelpros.com/m500/mMIPMT.png,ST,0,171.00,0.00,04/26/2026 4:06:30 PM,10,0,0,0,0,0,0,0,0,0,0,0,0,0,0
Milestar,M22800007,PATAG MT02 LT305/70R16 124/121Q E 33.1,22800007,https://images.wheelpros.com/m500/mMIPMT.png,ST,0,178.00,0.00,04/26/2026 4:06:30 PM,10,0,0,0,0,0,0,0,0,0,0,0,0,0,0
Milestar,M22815006,PATAG HT LT265/70R18 124/121Q E 32.6,22815006,https://images.wheelpros.com/m500/mMIPHT.png,ST,0,124.00,0.00,04/26/2026 4:06:30 PM,10,0,0,0,0,0,0,0,0,0,0,0,0,0,0
Milestar,M24466010,PATAG AT PRO 275/60R20 115T SL 33,24466010,,ST,3,160.00,0.00,04/26/2026 4:06:30 PM,10,0,3,0,0,0,0,0,0,0,0,0,0,0,0
Milestar,M24695004,PATAG AT PRO 285/70R17 116T SL 32.8,24695004,,ST,4,151.00,0.00,04/26/2026 4:06:30 PM,10,0,4,0,0,0,0,0,0,0,0,0,0,0,0
Milestar,M24890007,PATAG HT P265/70R18 114T SL 32.6,24890007,https://images.wheelpros.com/m500/mMIPHT.png,ST,0,113.00,0.00,04/26/2026 4:06:30 PM,10,0,0,0,0,0,0,0,0,0,0,0,0,0,0
Milestar,M24890008,PATAG AT PRO 265/70R18 116T SL 32.6,24890008,,ST,16,166.00,0.00,04/26/2026 4:06:30 PM,10,0,16,0,0,0,0,0,0,0,0,0,0,0,0
EFX,MC-33-10-18,MOTOCLAW 33X10R18 80K 33,MC-33-10-18,https://assets.wheelpros.com/transform/0a72f5d9-b494-4b43-8c1c-142b7eeb0676/EFX-MOTOCLAW-MC-32-10-16-A1-png?size=500,ST,30,322.00,322.00,04/26/2026 4:06:30 PM,20,10,0,16,0,4,0,0,0,0,0,0,0,0,0
EFX,MC-33-10-20,MOTOCLAW 33X10R20 M 33,MC-33-10-20,https://assets.wheelpros.com/transform/0a72f5d9-b494-4b43-8c1c-142b7eeb0676/EFX-MOTOCLAW-MC-32-10-16-A1-png?size=500,ST,44,339.00,339.00,04/26/2026 4:06:30 PM,20,0,0,16,0,12,0,0,0,0,0,0,0,12,4
EFX,MCR-33-10-15,MOTOCRUSHER 33X10.00R15 71M 33,MCR-33-10-15,https://assets.wheelpros.com/transform/d00bc089-ae19-49e2-a6a5-ae373b8da3a1/EFX-MOTOCRUSHER-MCR-32x10x15-A1-png?size=500,NW,59,373.00,373.00,04/26/2026 4:06:30 PM,20,16,0,16,0,16,0,0,0,0,0,0,0,0,11
EFX,MH-33-10-18,MOTOHAMMER 33X10R18 M 33,MH-33-10-18,https://assets.wheelpros.com/transform/6def0fb7-44ff-4013-b377-97968ce9eaaf/EFX-MOTOHAMMER-MH-32-10-15-A1-png?size=500,ST,16,403.00,403.00,04/26/2026 4:06:30 PM,20,0,0,16,0,0,0,0,0,0,0,0,0,0,0
EFX,MK-33-85-20,MOTOHAVOK 33X8.5-20 62J 33,MK-33-85-20,https://assets.wheelpros.com/transform/5937204d-8e44-4e24-b615-0dc7fe5c42e3/EFX-MOTOHAVOK-MK-30-85-16-A1-png?size=500,ST,39,304.00,304.00,04/26/2026 4:06:30 PM,20,0,0,16,0,15,0,0,0,0,0,0,0,8,0
EFX,MS-33-95-20,MOTOSLAYER 33X9.5-20 77J 33,MS-33-95-20,https://assets.wheelpros.com/transform/d8f0c0a5-a940-4501-9a26-b023809b2a03/EFX-MOTOSLAYER-MS-30-95-18-A1-png?size=500,ST,2,304.00,304.00,04/26/2026 4:06:30 PM,20,0,0,2,0,0,0,0,0,0,0,0,0,0,0
Mickey Thompson Tire,MTT250796,PRO BRACKET RAD 32.0/14.0R15 NHS 32.6,250796,https://images.wheelpros.com/m500/mTIRE.png,ST,0,647.00,647.27,04/26/2026 4:06:30 PM,10,0,0,0,0,0,0,0,0,0,0,0,0,0,0
Mickey Thompson Tire,MTT315035006,PRO BRACKET RAD 32.0/14.0R15 NHS 32.6,250796,https://images.wheelpros.com/m500/mTIRE.png,ST,0,711.00,0.00,04/26/2026 4:06:30 PM,10,0,0,0,0,0,0,0,0,0,0,0,0,0,0
Mickey Thompson Tire,MTT331006001,BAJ BOSS AT 33X13.50R20 120Q 32.5,90000036839,https://images.wheelpros.com/m500/mMTBAJB.png,ST,0,652.00,0.00,04/26/2026 4:06:30 PM,10,0,0,0,0,0,0,0,0,0,0,0,0,0,0
Mickey Thompson Tire,MTT331007001,BAJ BOSS AT LT305/60-18 126Q 32.6,90000036829,https://images.wheelpros.com/m500/mMTBAJB.png,NW,0,536.00,0.00,04/26/2026 4:06:30 PM,10,0,0,0,0,0,0,0,0,0,0,0,0,0,0
Mickey Thompson Tire,MTT331008001,BAJ BOSS AT LT33X12.50-18 118Q 32.6,90000036828,https://images.wheelpros.com/m500/mMTBAJB.png,NW,0,525.00,0.00,04/26/2026 4:06:30 PM,10,0,0,0,0,0,0,0,0,0,0,0,0,0,0
Mickey Thompson Tire,MTT331010001,BAJ BOSS AT LT33X12.50-20 114Q 32.8,90000036837,https://images.wheelpros.com/m500/mMTBAJB.png,NW,0,575.00,0.00,04/26/2026 4:06:30 PM,10,0,0,0,0,0,0,0,0,0,0,0,0,0,0
Mickey Thompson Tire,MTT331010002,BAJ LGND EXP LT33X12.50-20 114Q 32.8,90000067198,https://images.wheelpros.com/m500/mMTBAJD.png,NW,0,528.00,0.00,04/26/2026 4:06:30 PM,10,0,0,0,0,0,0,0,0,0,0,0,0,0,0
Mickey Thompson Tire,MTT331010005,BAJ LGND MTZ 33X12.50R20 114Q 32.8,90000057362,https://images.wheelpros.com/m500/mMTBAJE.png,ST,0,571.00,0.00,04/26/2026 4:06:30 PM,10,0,0,0,0,0,0,0,0,0,0,0,0,0,0
Mickey Thompson Tire,MTT331011001,BAJ BOSS AT LT305/65-17 121Q 32.8,90000036819,https://images.wheelpros.com/m500/mMTBAJB.png,NW,0,509.00,0.00,04/26/2026 4:06:30 PM,10,0,0,0,0,0,0,0,0,0,0,0,0,0,0
Mickey Thompson Tire,MTT331012001,BAJ BOSS AT LT33X12.50-17 114Q 32.8,90000036818,https://images.wheelpros.com/m500/mMTBAJB.png,NW,0,486.00,0.00,04/26/2026 4:06:30 PM,10,0,0,0,0,0,0,0,0,0,0,0,0,0,0
Mickey Thompson Tire,MTT331013001,BAJ BOSS AT LT285/75-16 126Q 32.9,90000036812,https://images.wheelpros.com/m500/mMTBAJB.png,NW,0,405.00,0.00,04/26/2026 4:06:30 PM,10,0,0,0,0,0,0,0,0,0,0,0,0,0,0
Mickey Thompson Tire,MTT331015001,BAJ BOSS AT LT33X12.50-22 114Q 33,90000036847,https://images.wheelpros.com/m500/mMTBAJB.png,NW,0,666.00,0.00,04/26/2026 4:06:30 PM,10,0,0,0,0,0,0,0,0,0,0,0,0,0,0
Mickey Thompson Tire,MTT331016001,BAJ BOSS AT LT285/65-18 125Q 33.2,90000036827,https://images.wheelpros.com/m500/mMTBAJB.png,NW,0,528.00,0.00,04/26/2026 4:06:30 PM,10,0,0,0,0,0,0,0,0,0,0,0,0,0,0
Mickey Thompson Tire,MTT331017001,BAJ BOSS AT LT295/55-20 123Q 33.2,90000036836,https://images.wheelpros.com/m500/mMTBAJB.png,NW,0,576.00,0.00,04/26/2026 4:06:30 PM,10,0,0,0,0,0,0,0,0,0,0,0,0,0,0
Mickey Thompson Tire,MTT331017002,BAJ LGND EXP 295/55R20 123/120Q 33.1,90000067197,https://images.wheelpros.com/m500/mMTBAJD.png,ST,0,503.00,0.00,04/26/2026 4:06:30 PM,10,0,0,0,0,0,0,0,0,0,0,0,0,0,0
Mickey Thompson Tire,MTT331018001,BAJ BOSS AT LT275/60-20 123Q 33.4,90000036834,https://images.wheelpros.com/m500/mMTBAJB.png,NW,0,457.00,0.00,04/26/2026 4:06:30 PM,10,0,0,0,0,0,0,0,0,0,0,0,0,0,0
Mickey Thompson Tire,MTT331019001,BAJ BOSS AT LT275/70-18 125Q 33.4,90000036826,https://images.wheelpros.com/m500/mMTBAJB.png,NW,0,453.00,0.00,04/26/2026 4:06:30 PM,10,0,0,0,0,0,0,0,0,0,0,0,0,0,0
Mickey Thompson Tire,MTT331063003,BAJ LGND EXP 265/70R18 124/121Q 32.9,90000067186,https://images.wheelpros.com/m500/mMTBAJD.png,ST,0,360.00,0.00,04/26/2026 4:06:30 PM,10,0,0,0,0,0,0,0,0,0,0,0,0,0,0
Mickey Thompson Tire,MTT331064003,BAJ LGND EXP LT305/65-17 121Q 32.9,90000067179,https://images.wheelpros.com/m500/mMTBAJD.png,NW,0,443.00,0.00,04/26/2026 4:06:30 PM,10,0,0,0,0,0,0,0,0,0,0,0,0,0,0
Mickey Thompson Tire,MTT331065002,BAJ LGND EXP 265/60R20 121/118Q 32.9,90000067194,https://images.wheelpros.com/m500/mMTBAJD.png,ST,0,421.00,0.00,04/26/2026 4:06:30 PM,10,0,0,0,0,0,0,0,0,0,0,0,0,0,0
Mickey Thompson Tire,MTT331066003,BAJ LGND EXP LT33X12.50-15 108Q 32.9,90000067167,https://images.wheelpros.com/m500/mMTBAJD.png,NW,0,339.00,0.00,04/26/2026 4:06:30 PM,10,0,0,0,0,0,0,0,0,0,0,0,0,0,0
Mickey Thompson Tire,MTT331067003,BAJ LGND EXP LT285/75-16 126Q 33,90000067172,https://images.wheelpros.com/m500/mMTBAJD.png,NW,0,361.00,0.00,04/26/2026 4:06:30 PM,10,0,0,0,0,0,0,0,0,0,0,0,0,0,0
Mickey Thompson Tire,MTT331068003,BAJ LGND EXP LT285/65-18 125Q 33,90000067188,https://images.wheelpros.com/m500/mMTBAJD.png,NW,0,461.00,0.00,04/26/2026 4:06:30 PM,10,0,0,0,0,0,0,0,0,0,0,0,0,0,0
Mickey Thompson Tire,MTT331070003,BAJ LGND EXP 305/70R16 124/121Q 33.1,90000067173,https://images.wheelpros.com/m500/mMTBAJD.png,ST,0,373.00,0.00,04/26/2026 4:06:30 PM,10,0,0,0,0,0,0,0,0,0,0,0,0,0,0
Mickey Thompson Tire,MTT331072002,BAJ LGND EXP 305/55R20 125/122Q 33.4,90000067199,https://images.wheelpros.com/m500/mMTBAJD.png,ST,0,555.00,0.00,04/26/2026 4:06:30 PM,10,0,0,0,0,0,0,0,0,0,0,0,0,0,0
Mickey Thompson Tire,MTT331087004,BAJ BOSS MT LT33X13.50R20 120Q 32.6,90000036643,https://images.wheelpros.com/m500/mMTBAJA.png,ST,0,598.00,0.00,04/26/2026 4:06:30 PM,10,0,0,0,0,0,0,0,0,0,0,0,0,0,0
Mickey Thompson Tire,MTT331088004,BAJ BOSS MT LT305/60R18 126/123Q 32.7,90000036639,https://images.wheelpros.com/m500/mMTBAJA.png,ST,0,556.00,0.00,04/26/2026 4:06:30 PM,10,0,0,0,0,0,0,0,0,0,0,0,0,0,0
Mickey Thompson Tire,MTT331089004,BAJ BOSS MT LT305/65R17 121/118Q 32.7,90000036636,https://images.wheelpros.com/m500/mMTBAJA.png,ST,0,488.00,0.00,04/26/2026 4:06:30 PM,10,0,0,0,0,0,0,0,0,0,0,0,0,0,0
Mickey Thompson Tire,MTT331090004,BAJ BOSS MT LT33X12.50-18 118Q 32.7,90000036638,https://images.wheelpros.com/m500/mMTBAJA.png,NW,0,481.00,0.00,04/26/2026 4:06:30 PM,10,0,0,0,0,0,0,0,0,0,0,0,0,0,0
Mickey Thompson Tire,MTT331091004,BAJ BOSS MT LT33X12.50-15 108Q 32.7,90000036630,https://images.wheelpros.com/m500/mMTBAJA.png,NW,0,371.00,0.00,04/26/2026 4:06:30 PM,10,0,0,0,0,0,0,0,0,0,0,0,0,0,0
Mickey Thompson Tire,MTT331092004,BAJ BOSS MT LT33X12.50-20 114Q 32.7,90000036641,https://images.wheelpros.com/m500/mMTBAJA.png,NW,0,554.00,0.00,04/26/2026 4:06:30 PM,10,0,0,0,0,0,0,0,0,0,0,0,0,0,0
Mickey Thompson Tire,MTT331093004,BAJ BOSS MT LT33X12.50-22 114Q 32.7,90000036644,https://images.wheelpros.com/m500/mMTBAJA.png,NW,0,599.00,0.00,04/26/2026 4:06:30 PM,10,0,0,0,0,0,0,0,0,0,0,0,0,0,0
Mickey Thompson Tire,MTT331094004,BAJ BOSS MT LT285/75-16 126Q 33,90000036632,https://images.wheelpros.com/m500/mMTBAJA.png,NW,0,407.00,0.00,04/26/2026 4:06:30 PM,10,0,0,0,0,0,0,0,0,0,0,0,0,0,0
Mickey Thompson Tire,MTT331095004,BAJ BOSS MT LT33X12.50-17 114Q 33,90000036635,https://images.wheelpros.com/m500/mMTBAJA.png,NW,0,471.00,0.00,04/26/2026 4:06:30 PM,10,0,0,0,0,0,0,0,0,0,0,0,0,0,0
Mickey Thompson Tire,MTT331096004,BAJ BOSS MT LT285/70-17 121Q 33,90000036634,https://images.wheelpros.com/m500/mMTBAJA.png,NW,0,445.00,0.00,04/26/2026 4:06:30 PM,10,0,0,0,0,0,0,0,0,0,0,0,0,0,0
Mickey Thompson Tire,MTT331097004,BAJ BOSS MT LT295/55-20 123Q 33.1,90000033658,https://images.wheelpros.com/m500/mMTBAJA.png,NW,0,574.00,0.00,04/26/2026 4:06:30 PM,10,0,0,0,0,0,0,0,0,0,0,0,0,0,0
Mickey Thompson Tire,MTT331098004,BAJ BOSS MT LT285/65R18 125/122Q 33.4,90000036637,https://images.wheelpros.com/m500/mMTBAJA.png,ST,0,543.00,0.00,04/26/2026 4:06:30 PM,10,0,0,0,0,0,0,0,0,0,0,0,0,0,0
Mickey Thompson Tire,MTT331122011,BAJ LGND MTZ LT305/60-18 126Q 32.7,90000057356,https://images.wheelpros.com/m500/mMTBAJE.png,NW,0,546.00,0.00,04/26/2026 4:06:30 PM,10,0,0,0,0,0,0,0,0,0,0,0,0,0,0
Mickey Thompson Tire,MTT331123005,BAJ LGND MTZ LT305/65-17 121Q 32.7,90000057348,https://images.wheelpros.com/m500/mMTBAJE.png,NW,0,488.00,0.00,04/26/2026 4:06:30 PM,10,0,0,0,0,0,0,0,0,0,0,0,0,0,0
Mickey Thompson Tire,MTT331124011,BAJ LGND MTZ LT33X12.50-15 108Q 32.7,90000057340,https://images.wheelpros.com/m500/mMTBAJE.png,NW,0,383.00,0.00,04/26/2026 4:06:30 PM,10,0,0,0,0,0,0,0,0,0,0,0,0,0,0
Mickey Thompson Tire,MTT331125011,BAJ LGND MTZ LT285/75-16 126Q 33,90000057343,https://images.wheelpros.com/m500/mMTBAJE.png,NW,0,387.00,0.00,04/26/2026 4:06:30 PM,10,0,0,0,0,0,0,0,0,0,0,0,0,0,0
Mickey Thompson Tire,MTT331126011,BAJ LGND MTZ LT305/70-16 124Q 33,90000057344,https://images.wheelpros.com/m500/mMTBAJE.png,NW,0,421.00,0.00,04/26/2026 4:06:30 PM,10,0,0,0,0,0,0,0,0,0,0,0,0,0,0
Mickey Thompson Tire,MTT331127011,BAJ LGND MTZ LT285/70-17 121Q 33,90000057347,https://images.wheelpros.com/m500/mMTBAJE.png,NW,0,439.00,0.00,04/26/2026 4:06:30 PM,10,0,0,0,0,0,0,0,0,0,0,0,0,0,0
Mickey Thompson Tire,MTT331128005,BAJ LGND MTZ 295/55R20 123/120Q 33.1,90000057361,https://images.wheelpros.com/m500/mMTBAJE.png,ST,0,539.00,0.00,04/26/2026 4:06:30 PM,10,0,0,0,0,0,0,0,0,0,0,0,0,0,0
Mickey Thompson Tire,MTT331130011,BAJ LGND MTZ 295/70R17 121/118Q 33.5,90000057349,https://images.wheelpros.com/m500/mMTBAJE.png,ST,0,456.00,0.00,04/26/2026 4:06:30 PM,10,0,0,0,0,0,0,0,0,0,0,0,0,0,0
Mickey Thompson Tire,MTT331186011,BAJ LGND MTZ 33X10.50R15 114Q 32.8,90000056179,https://images.wheelpros.com/m500/mMTBAJE.png,ST,0,375.00,0.00,04/26/2026 4:06:30 PM,10,0,0,0,0,0,0,0,0,0,0,0,0,0,0
Mickey Thompson Tire,MTT331285001,BAJ BOSS AT LT285/70R17 121/118Q 32.99,90000120112,https://images.wheelpros.com/m500/mTIRE.png,ST,0,468.00,0.00,04/26/2026 4:06:30 PM,10,0,0,0,0,0,0,0,0,0,0,0,0,0,0
Mickey Thompson Tire,MTT331294001,BAJ BOSS AT LT285/55R20 122/119Q 32.68,90000120110,https://images.wheelpros.com/m500/mTIRE.png,ST,0,582.00,0.00,04/26/2026 4:06:30 PM,10,0,0,0,0,0,0,0,0,0,0,0,0,0,0
Mickey Thompson Tire,MTT331294004,BAJ BOSS MT LT285/55R20 122/119Q 32.6,90000119689,https://images.wheelpros.com/m500/mTIRE.png,ST,0,571.00,0.00,04/26/2026 4:06:30 PM,10,0,0,0,0,0,0,0,0,0,0,0,0,0,0
Mickey Thompson Tire,MTT331296003,BAJ LGND EXP LT275/70R17 121/118Q 32.52,90000119687,https://images.wheelpros.com/m500/mTIRE.png,ST,0,368.00,0.00,04/26/2026 4:06:30 PM,10,0,0,0,0,0,0,0,0,0,0,0,0,0,0
Mickey Thompson Tire,MTT331297003,BAJ LGND EXP LT285/70R17 121/118Q 33.07,90000120113,https://images.wheelpros.com/m500/mTIRE.png,ST,0,400.00,0.00,04/26/2026 4:06:30 PM,10,0,0,0,0,0,0,0,0,0,0,0,0,0,0
Mickey Thompson Tire,MTT331299003,BAJ LGND EXP LT275/70R18 125/122Q 33.43,90000119688,https://images.wheelpros.com/m500/mTIRE.png,ST,0,404.00,0.00,04/26/2026 4:06:30 PM,10,0,0,0,0,0,0,0,0,0,0,0,0,0,0
Mickey Thompson Tire,MTT331300002,BAJ LGND EXP LT285/55R20 122/119Q 32.6,90000120111,https://images.wheelpros.com/m500/mTIRE.png,ST,0,508.00,0.00,04/26/2026 4:06:30 PM,10,0,0,0,0,0,0,0,0,0,0,0,0,0,0
Mickey Thompson Tire,MTT331302011,BAJ LGND MTZ LT275/70R18 125/122P 33.31,90000119683,https://images.wheelpros.com/m500/mTIRE.png,ST,0,460.00,0.00,04/26/2026 4:06:30 PM,10,0,0,0,0,0,0,0,0,0,0,0,0,0,0
Mickey Thompson Tire,MTT331307002,BAJ LGND EXP LT275/60R20 123/117Q 32.91,90000120119,https://images.wheelpros.com/m500/mTIRE.png,ST,0,418.00,0.00,04/26/2026 4:06:30 PM,10,0,0,0,0,0,0,0,0,0,0,0,0,0,0
Mickey Thompson Tire,MTT340012003,BAJ BOSS AT 305/45-22 118T 33,90000049725,https://images.wheelpros.com/m500/mMTBAJB.png,NW,0,613.00,0.00,04/26/2026 4:06:30 PM,10,0,0,0,0,0,0,0,0,0,0,0,0,0,0
Mickey Thompson Tire,MTT340020003,BAJ BOSS AT 285/70-17 116T 32.8,90000049676,https://images.wheelpros.com/m500/mMTBAJB.png,NW,0,355.00,0.00,04/26/2026 4:06:30 PM,10,0,0,0,0,0,0,0,0,0,0,0,0,0,0
Mickey Thompson Tire,MTT340021003,BAJ BOSS AT 275/60-20 115T 33.4,90000049723,https://images.wheelpros.com/m500/mMTBAJB.png,NW,0,433.00,0.00,04/26/2026 4:06:30 PM,10,0,0,0,0,0,0,0,0,0,0,0,0,0,0
Mickey Thompson Tire,MTT365027011,ET DRAG 14.5/32.0-15 33,90000000880,https://images.wheelpros.com/m500/mMTETTA.png,ST,0,652.00,0.00,04/26/2026 4:06:30 PM,10,0,0,0,0,0,0,0,0,0,0,0,0,0,0
Mickey Thompson Tire,MTT365101011,ET DRAG 33.0/10.5-15 32.9,90000000870,https://images.wheelpros.com/m500/mMTETTA.png,ST,0,575.00,0.00,04/26/2026 4:06:30 PM,10,0,0,0,0,0,0,0,0,0,0,0,0,0,0
Mickey Thompson Tire,MTT365108011,ET DRAG 33.0/10.5-16 33,90000000893,https://images.wheelpros.com/m500/mMTETTA.png,ST,0,615.00,0.00,04/26/2026 4:06:30 PM,10,0,0,0,0,0,0,0,0,0,0,0,0,0,0
Mickey Thompson Tire,MTT90000000870,ET DRAG 33.0/10.5-15 32.9,90000000870,https://images.wheelpros.com/m500/mMTETTA.png,ST,0,514.00,514.46,04/26/2026 4:06:30 PM,10,0,0,0,0,0,0,0,0,0,0,0,0,0,0
Mickey Thompson Tire,MTT90000000880,ET DRAG 14.5/32.0-15 33,90000000880,https://images.wheelpros.com/m500/mMTETTA.png,ST,0,562.00,562.45,04/26/2026 4:06:30 PM,10,0,0,0,0,0,0,0,0,0,0,0,0,0,0
Mickey Thompson Tire,MTT90000000885,PRO DRAG RAD 33.0/14.5R15 33,90000000885,https://images.wheelpros.com/m500/mMTPROB.png,ST,0,606.00,0.00,04/26/2026 4:06:30 PM,10,0,0,0,0,0,0,0,0,0,0,0,0,0,0
Mickey Thompson Tire,MTT90000000893,ET DRAG 33.0/10.5-16 33,90000000893,https://images.wheelpros.com/m500/mMTETTA.png,ST,0,534.00,534.27,04/26/2026 4:06:30 PM,10,0,0,0,0,0,0,0,0,0,0,0,0,0,0
Mickey Thompson Tire,MTT90000033658,BAJ BOSS MT LT295/55-20 123Q 33.1,90000033658,https://images.wheelpros.com/m500/mMTBAJA.png,NW,41,605.00,643.08,04/26/2026 4:06:30 PM,10,16,0,5,0,4,0,0,10,0,0,0,0,2,4
Mickey Thompson Tire,MTT90000036630,BAJ BOSS MT LT33X12.50-15 108Q 32.7,90000036630,https://images.wheelpros.com/m500/mMTBAJA.png,NW,16,421.00,447.78,04/26/2026 4:06:30 PM,10,0,0,0,0,0,0,0,0,0,0,0,0,16,0
Mickey Thompson Tire,MTT90000036632,BAJ BOSS MT LT285/75-16 126Q 33,90000036632,https://images.wheelpros.com/m500/mMTBAJA.png,NW,3,429.00,456.15,04/26/2026 4:06:30 PM,10,0,0,0,1,1,0,0,0,0,0,0,0,0,1
Mickey Thompson Tire,MTT90000036634,BAJ BOSS MT LT285/70-17 121Q 33,90000036634,https://images.wheelpros.com/m500/mMTBAJA.png,NW,26,492.00,523.11,04/26/2026 4:06:30 PM,10,8,0,0,0,7,0,1,5,0,0,0,0,5,0
Mickey Thompson Tire,MTT90000036635,BAJ BOSS MT LT33X12.50-17 114Q 33,90000036635,https://images.wheelpros.com/m500/mMTBAJA.png,NW,6,525.00,557.99,04/26/2026 4:06:30 PM,10,0,0,0,0,0,1,0,0,0,0,0,0,5,0
Mickey Thompson Tire,MTT90000036636,BAJ BOSS MT LT305/65R17 121/118Q 32.7,90000036636,https://images.wheelpros.com/m500/mMTBAJA.png,ST,0,547.00,581.70,04/26/2026 4:06:30 PM,10,0,0,0,0,0,0,0,0,0,0,0,0,0,0
Mickey Thompson Tire,MTT90000036637,BAJ BOSS MT LT285/65R18 125/122Q 33.4,90000036637,https://images.wheelpros.com/m500/mMTBAJA.png,ST,16,554.00,588.68,04/26/2026 4:06:30 PM,10,16,0,0,0,0,0,0,0,0,0,0,0,0,0
Mickey Thompson Tire,MTT90000036638,BAJ BOSS MT LT33X12.50-18 118Q 32.7,90000036638,https://images.wheelpros.com/m500/mMTBAJA.png,NW,12,550.00,584.49,04/26/2026 4:06:30 PM,10,0,4,0,0,0,0,0,0,0,0,0,0,4,4
Mickey Thompson Tire,MTT90000036639,BAJ BOSS MT LT305/60R18 126/123Q 32.7,90000036639,https://images.wheelpros.com/m500/mMTBAJA.png,ST,0,608.00,645.87,04/26/2026 4:06:30 PM,10,0,0,0,0,0,0,0,0,0,0,0,0,0,0
Mickey Thompson Tire,MTT90000036640,LT285/55R20 LRE 2855520,90000036640,https://images.wheelpros.com/m500/mMTBAJA.png,N2,4,572.00,0.00,04/26/2026 4:06:30 PM,10,0,0,0,0,0,0,4,0,0,0,0,0,0,0
Mickey Thompson Tire,MTT90000036641,BAJ BOSS MT LT33X12.50-20 114Q 32.7,90000036641,https://images.wheelpros.com/m500/mMTBAJA.png,NW,5,629.00,668.19,04/26/2026 4:06:30 PM,10,0,0,1,0,4,0,0,0,0,0,0,0,0,0
Mickey Thompson Tire,MTT90000036643,BAJ BOSS MT LT33X13.50R20 120Q 32.6,90000036643,https://images.wheelpros.com/m500/mMTBAJA.png,ST,0,674.00,715.62,04/26/2026 4:06:30 PM,10,0,0,0,0,0,0,0,0,0,0,0,0,0,0
Mickey Thompson Tire,MTT90000036644,BAJ BOSS MT LT33X12.50-22 114Q 32.7,90000036644,https://images.wheelpros.com/m500/mMTBAJA.png,NW,19,698.00,742.13,04/26/2026 4:06:30 PM,10,4,0,0,0,4,0,4,5,0,0,0,0,2,0
Mickey Thompson Tire,MTT90000036812,BAJ BOSS AT LT285/75-16 126Q 32.9,90000036812,https://images.wheelpros.com/m500/mMTBAJB.png,NW,18,414.00,439.41,04/26/2026 4:06:30 PM,10,0,4,0,10,4,0,0,0,0,0,0,0,0,0
Mickey Thompson Tire,MTT90000036818,BAJ BOSS AT LT33X12.50-17 114Q 32.8,90000036818,https://images.wheelpros.com/m500/mMTBAJB.png,NW,52,501.00,532.60,04/26/2026 4:06:30 PM,10,15,3,0,3,8,16,0,1,0,0,0,0,6,0
Mickey Thompson Tire,MTT90000036819,BAJ BOSS AT LT305/65-17 121Q 32.8,90000036819,https://images.wheelpros.com/m500/mMTBAJB.png,NW,2,525.00,557.43,04/26/2026 4:06:30 PM,10,0,0,0,0,2,0,0,0,0,0,0,0,0,0
Mickey Thompson Tire,MTT90000036826,BAJ BOSS AT LT275/70-18 125Q 33.4,90000036826,https://images.wheelpros.com/m500/mMTBAJB.png,NW,52,466.00,494.65,04/26/2026 4:06:30 PM,10,12,8,0,4,16,0,0,0,0,0,0,0,6,6
Mickey Thompson Tire,MTT90000036827,BAJ BOSS AT LT285/65-18 125Q 33.2,90000036827,https://images.wheelpros.com/m500/mMTBAJB.png,NW,44,542.00,576.40,04/26/2026 4:06:30 PM,10,3,4,0,0,8,16,0,0,0,0,0,0,5,8
Mickey Thompson Tire,MTT90000036828,BAJ BOSS AT LT33X12.50-18 118Q 32.6,90000036828,https://images.wheelpros.com/m500/mMTBAJB.png,NW,17,542.00,575.84,04/26/2026 4:06:30 PM,10,16,0,1,0,0,0,0,0,0,0,0,0,0,0
Mickey Thompson Tire,MTT90000036829,BAJ BOSS AT LT305/60-18 126Q 32.6,90000036829,https://images.wheelpros.com/m500/mMTBAJB.png,NW,8,549.00,582.82,04/26/2026 4:06:30 PM,10,0,4,0,0,0,0,0,0,0,0,0,0,0,4
Mickey Thompson Tire,MTT90000036834,BAJ BOSS AT LT275/60-20 123Q 33.4,90000036834,https://images.wheelpros.com/m500/mMTBAJB.png,NW,38,472.00,501.35,04/26/2026 4:06:30 PM,10,0,8,0,0,4,0,2,0,0,0,0,0,8,16
Mickey Thompson Tire,MTT90000036835,LT285/55R20 122/119Q BAJ BOSS AT 2855520,90000036835,https://images.wheelpros.com/m500/mMTBAJB.png,N2,0,554.00,0.00,04/26/2026 4:06:30 PM,10,0,0,0,0,0,0,0,0,0,0,0,0,0,0
Mickey Thompson Tire,MTT90000036836,BAJ BOSS AT LT295/55-20 123Q 33.2,90000036836,https://images.wheelpros.com/m500/mMTBAJB.png,NW,16,596.00,633.04,04/26/2026 4:06:30 PM,10,0,8,0,0,8,0,0,0,0,0,0,0,0,0
Mickey Thompson Tire,MTT90000036837,BAJ BOSS AT LT33X12.50-20 114Q 32.8,90000036837,https://images.wheelpros.com/m500/mMTBAJB.png,NW,109,613.00,651.73,04/26/2026 4:06:30 PM,10,16,16,16,16,0,16,16,1,0,0,0,0,4,8
Mickey Thompson Tire,MTT90000036839,BAJ BOSS AT 33X13.50R20 120Q 32.5,90000036839,https://images.wheelpros.com/m500/mMTBAJB.png,ST,1,674.00,715.90,04/26/2026 4:06:30 PM,10,0,0,0,1,0,0,0,0,0,0,0,0,0,0
Mickey Thompson Tire,MTT90000036847,BAJ BOSS AT LT33X12.50-22 114Q 33,90000036847,https://images.wheelpros.com/m500/mMTBAJB.png,NW,24,687.00,729.99,04/26/2026 4:06:30 PM,10,0,10,2,0,8,0,0,0,0,0,0,0,4,0
Mickey Thompson Tire,MTT90000049676,BAJ BOSS AT 285/70-17 116T 32.8,90000049676,https://images.wheelpros.com/m500/mMTBAJB.png,NW,73,396.00,421.14,04/26/2026 4:06:30 PM,10,0,16,16,10,8,0,16,0,0,0,0,0,4,3
Mickey Thompson Tire,MTT90000049723,BAJ BOSS AT 275/60-20 115T 33.4,90000049723,https://images.wheelpros.com/m500/mMTBAJB.png,NW,24,448.00,475.54,04/26/2026 4:06:30 PM,10,0,0,0,0,8,0,0,0,0,0,0,0,0,16
Mickey Thompson Tire,MTT90000049725,BAJ BOSS AT 305/45-22 118T 33,90000049725,https://images.wheelpros.com/m500/mMTBAJB.png,NW,7,633.00,673.07,04/26/2026 4:06:30 PM,10,3,0,0,0,0,0,0,0,0,0,0,0,0,4
Mickey Thompson Tire,MTT90000056179,BAJ LGND MTZ 33X10.50R15 114Q 32.8,90000056179,https://images.wheelpros.com/m500/mMTBAJE.png,ST,3,375.00,398.96,04/26/2026 4:06:30 PM,10,0,0,0,0,3,0,0,0,0,0,0,0,0,0
Mickey Thompson Tire,MTT90000057340,BAJ LGND MTZ LT33X12.50-15 108Q 32.7,90000057340,https://images.wheelpros.com/m500/mMTBAJE.png,NW,13,388.00,411.93,04/26/2026 4:06:30 PM,10,0,0,0,5,8,0,0,0,0,0,0,0,0,0
Mickey Thompson Tire,MTT90000057343,BAJ LGND MTZ LT285/75-16 126Q 33,90000057343,https://images.wheelpros.com/m500/mMTBAJE.png,NW,0,395.00,419.60,04/26/2026 4:06:30 PM,10,0,0,0,0,0,0,0,0,0,0,0,0,0,0
Mickey Thompson Tire,MTT90000057344,BAJ LGND MTZ LT305/70-16 124Q 33,90000057344,https://images.wheelpros.com/m500/mMTBAJE.png,NW,0,435.00,461.73,04/26/2026 4:06:30 PM,10,0,0,0,0,0,0,0,0,0,0,0,0,0,0
Mickey Thompson Tire,MTT90000057347,BAJ LGND MTZ LT285/70-17 121Q 33,90000057347,https://images.wheelpros.com/m500/mMTBAJE.png,NW,0,453.00,481.26,04/26/2026 4:06:30 PM,10,0,0,0,0,0,0,0,0,0,0,0,0,0,0
Mickey Thompson Tire,MTT90000057348,BAJ LGND MTZ LT305/65-17 121Q 32.7,90000057348,https://images.wheelpros.com/m500/mMTBAJE.png,NW,11,504.00,535.11,04/26/2026 4:06:30 PM,10,7,0,0,0,4,0,0,0,0,0,0,0,0,0
Mickey Thompson Tire,MTT90000057349,BAJ LGND MTZ 295/70R17 121/118Q 33.5,90000057349,https://images.wheelpros.com/m500/mMTBAJE.png,ST,16,471.00,500.79,04/26/2026 4:06:30 PM,10,16,0,0,0,0,0,0,0,0,0,0,0,0,0
Mickey Thompson Tire,MTT90000057355,275/70R18 LGND MTZ E/10 2757018,90000057355,https://images.wheelpros.com/m500/mMTBAJE.png,N2,0,437.00,0.00,04/26/2026 4:06:30 PM,10,0,0,0,0,0,0,0,0,0,0,0,0,0,0
Mickey Thompson Tire,MTT90000057356,BAJ LGND MTZ LT305/60-18 126Q 32.7,90000057356,https://images.wheelpros.com/m500/mMTBAJE.png,NW,0,559.00,594.26,04/26/2026 4:06:30 PM,10,0,0,0,0,0,0,0,0,0,0,0,0,0,0
Mickey Thompson Tire,MTT90000057361,BAJ LGND MTZ 295/55R20 123/120Q 33.1,90000057361,https://images.wheelpros.com/m500/mMTBAJE.png,ST,8,557.00,591.61,04/26/2026 4:06:30 PM,10,0,0,0,0,0,0,0,0,0,0,0,0,8,0
Mickey Thompson Tire,MTT90000057362,BAJ LGND MTZ 33X12.50R20 114Q 32.8,90000057362,https://images.wheelpros.com/m500/mMTBAJE.png,ST,8,579.00,614.76,04/26/2026 4:06:30 PM,10,0,0,0,0,0,0,0,0,0,0,0,0,4,4
Mickey Thompson Tire,MTT90000067167,BAJ LGND EXP LT33X12.50-15 108Q 32.9,90000067167,https://images.wheelpros.com/m500/mMTBAJD.png,NW,19,358.00,380.82,04/26/2026 4:06:30 PM,10,0,0,2,0,16,0,0,0,0,0,0,0,0,1
Mickey Thompson Tire,MTT90000067172,BAJ LGND EXP LT285/75-16 126Q 33,90000067172,https://images.wheelpros.com/m500/mMTBAJD.png,NW,20,376.00,399.79,04/26/2026 4:06:30 PM,10,0,4,0,0,16,0,0,0,0,0,0,0,0,0
Mickey Thompson Tire,MTT90000067173,BAJ LGND EXP 305/70R16 124/121Q 33.1,90000067173,https://images.wheelpros.com/m500/mMTBAJD.png,ST,2,402.00,426.86,04/26/2026 4:06:30 PM,10,0,2,0,0,0,0,0,0,0,0,0,0,0,0
Mickey Thompson Tire,MTT90000067177,LT275/70R17 121/118Q BAJ LEG EXP 2757017,90000067177,https://images.wheelpros.com/m500/mMTBAJD.png,N2,0,354.00,0.00,04/26/2026 4:06:30 PM,10,0,0,0,0,0,0,0,0,0,0,0,0,0,0
Mickey Thompson Tire,MTT90000067178,LT285/70R17 121Q BAJA LEGEND EXP 2857017,90000067178,https://images.wheelpros.com/m500/mMTBAJD.png,N2,0,379.00,0.00,04/26/2026 4:06:30 PM,10,0,0,0,0,0,0,0,0,0,0,0,0,0,0
Mickey Thompson Tire,MTT90000067179,BAJ LGND EXP LT305/65-17 121Q 32.9,90000067179,https://images.wheelpros.com/m500/mMTBAJD.png,NW,0,477.00,507.21,04/26/2026 4:06:30 PM,10,0,0,0,0,0,0,0,0,0,0,0,0,0,0
Mickey Thompson Tire,MTT90000067186,BAJ LGND EXP 265/70R18 124/121Q 32.9,90000067186,https://images.wheelpros.com/m500/mMTBAJD.png,ST,0,387.00,411.51,04/26/2026 4:06:30 PM,10,0,0,0,0,0,0,0,0,0,0,0,0,0,0
Mickey Thompson Tire,MTT90000067187,LT275/70R18 125Q BAJA LEGEND EXP 2757018,90000067187,https://images.wheelpros.com/m500/mMTBAJD.png,N2,0,385.00,0.00,04/26/2026 4:06:30 PM,10,0,0,0,0,0,0,0,0,0,0,0,0,0,0
Mickey Thompson Tire,MTT90000067188,BAJ LGND EXP LT285/65-18 125Q 33,90000067188,https://images.wheelpros.com/m500/mMTBAJD.png,NW,0,494.00,524.51,04/26/2026 4:06:30 PM,10,0,0,0,0,0,0,0,0,0,0,0,0,0,0
Mickey Thompson Tire,MTT90000067194,BAJ LGND EXP 265/60R20 121/118Q 32.9,90000067194,https://images.wheelpros.com/m500/mMTBAJD.png,ST,4,445.00,472.89,04/26/2026 4:06:30 PM,10,0,0,0,0,0,0,4,0,0,0,0,0,0,0
Mickey Thompson Tire,MTT90000067195,275/60R20 BAJA EXP E/10 2756020,90000067195,https://images.wheelpros.com/m500/mMTBAJD.png,N2,0,396.00,0.00,04/26/2026 4:06:30 PM,10,0,0,0,0,0,0,0,0,0,0,0,0,0,0
Mickey Thompson Tire,MTT90000067196,LT285/55R20 122/119Q BAJ LEG EXP 2855520,90000067196,https://images.wheelpros.com/m500/mMTBAJD.png,N2,2,490.00,0.00,04/26/2026 4:06:30 PM,10,0,0,0,0,0,0,0,2,0,0,0,0,0,0
Mickey Thompson Tire,MTT90000067197,BAJ LGND EXP 295/55R20 123/120Q 33.1,90000067197,https://images.wheelpros.com/m500/mMTBAJD.png,ST,18,542.00,575.98,04/26/2026 4:06:30 PM,10,0,0,8,4,2,0,0,4,0,0,0,0,0,0
Mickey Thompson Tire,MTT90000067198,BAJ LGND EXP LT33X12.50-20 114Q 32.8,90000067198,https://images.wheelpros.com/m500/mMTBAJD.png,NW,20,558.00,593.00,04/26/2026 4:06:30 PM,10,0,8,0,4,0,0,8,0,0,0,0,0,0,0
Mickey Thompson Tire,MTT90000067199,BAJ LGND EXP 305/55R20 125/122Q 33.4,90000067199,https://images.wheelpros.com/m500/mMTBAJD.png,ST,24,583.00,619.78,04/26/2026 4:06:30 PM,10,0,0,14,0,6,0,0,4,0,0,0,0,0,0
Mickey Thompson Tire,MTT90000119683,BAJ LGND MTZ LT275/70R18 125/122P 33.31,90000119683,https://images.wheelpros.com/m500/mTIRE.png,ST,0,473.00,502.19,04/26/2026 4:06:30 PM,10,0,0,0,0,0,0,0,0,0,0,0,0,0,0
Mickey Thompson Tire,MTT90000119687,BAJ LGND EXP LT275/70R17 121/118Q 32.52,90000119687,https://images.wheelpros.com/m500/mTIRE.png,ST,1,389.00,412.91,04/26/2026 4:06:30 PM,10,0,0,0,0,1,0,0,0,0,0,0,0,0,0
Mickey Thompson Tire,MTT90000119688,BAJ LGND EXP LT275/70R18 125/122Q 33.43,90000119688,https://images.wheelpros.com/m500/mTIRE.png,ST,16,424.00,450.15,04/26/2026 4:06:30 PM,10,0,0,0,0,16,0,0,0,0,0,0,0,0,0
Mickey Thompson Tire,MTT90000119689,BAJ BOSS MT LT285/55R20 122/119Q 32.6,90000119689,https://images.wheelpros.com/m500/mTIRE.png,ST,1,604.00,641.69,04/26/2026 4:06:30 PM,10,0,1,0,0,0,0,0,0,0,0,0,0,0,0
Mickey Thompson Tire,MTT90000120110,BAJ BOSS AT LT285/55R20 122/119Q 32.68,90000120110,https://images.wheelpros.com/m500/mTIRE.png,ST,23,601.00,638.62,04/26/2026 4:06:30 PM,10,0,12,0,0,8,0,0,3,0,0,0,0,0,0
Mickey Thompson Tire,MTT90000120111,BAJ LGND EXP LT285/55R20 122/119Q 32.6,90000120111,https://images.wheelpros.com/m500/mTIRE.png,ST,0,547.00,581.14,04/26/2026 4:06:30 PM,10,0,0,0,0,0,0,0,0,0,0,0,0,0,0
Mickey Thompson Tire,MTT90000120112,BAJ BOSS AT LT285/70R17 121/118Q 32.99,90000120112,https://images.wheelpros.com/m500/mTIRE.png,ST,45,474.00,503.72,04/26/2026 4:06:30 PM,10,16,4,0,0,0,16,0,2,0,0,0,0,7,0
Mickey Thompson Tire,MTT90000120113,BAJ LGND EXP LT285/70R17 121/118Q 33.07,90000120113,https://images.wheelpros.com/m500/mTIRE.png,ST,8,431.00,458.38,04/26/2026 4:06:30 PM,10,0,4,0,0,4,0,0,0,0,0,0,0,0,0
Mickey Thompson Tire,MTT90000120119,BAJ LGND EXP LT275/60R20 123/117Q 32.91,90000120119,https://images.wheelpros.com/m500/mTIRE.png,ST,0,450.00,478.47,04/26/2026 4:06:30 PM,10,0,0,0,0,0,0,0,0,0,0,0,0,0,0
EFX,MVR-33-95-15,MOTOVATOR R/T 33X9.5R15 1280R 33,MVR-33-95-15,https://images.wheelpros.com/m500/mEFMVR.png,N2,16,399.00,0.00,04/26/2026 4:06:30 PM,20,0,0,16,0,0,0,0,0,0,0,0,0,0,0
EFX,MY-33-10-15,MOTORALLY 33X10R15 695R 33,MY-33-10-15,https://assets.wheelpros.com/transform/0bc0e178-22a1-421f-82fd-5493dbe86336/EFX-MOTORALLY-MY-32-10-15-A1-png?size=500,ST,32,333.00,333.00,04/26/2026 4:06:30 PM,20,0,0,16,0,16,0,0,0,0,0,0,0,0,0
Nitto,N200-360,NTGAT LT285/75R16 122R 32.76,200360,https://images.wheelpros.com/m500/mNT200.png,N2,0,305.00,0.00,04/26/2026 4:06:30 PM,10,0,0,0,0,0,0,0,0,0,0,0,0,0,0
Nitto,N200-650,MUD GRAP 33x13.50R15LT 109Q C 33,200650,https://assets.wheelpros.com/transform/df3d2054-4ece-4cf2-a7e1-a0dee19a6269/Nitto-Mud-Grappler_Standard-png?size=500,ST,0,486.00,0.00,04/26/2026 4:06:30 PM,10,0,0,0,0,0,0,0,0,0,0,0,0,0,0
Nitto,N200-680,MUD GRAP 33x12.50R20LT 114Q E 32.9,200680,https://assets.wheelpros.com/transform/df3d2054-4ece-4cf2-a7e1-a0dee19a6269/Nitto-Mud-Grappler_Standard-png?size=500,ST,7,718.00,0.00,04/26/2026 4:06:30 PM,10,0,7,0,0,0,0,0,0,0,0,0,0,0,0
Nitto,N200-690,MUD GRAP 33x12.50R18LT 118Q E 32.9,200690,https://assets.wheelpros.com/transform/df3d2054-4ece-4cf2-a7e1-a0dee19a6269/Nitto-Mud-Grappler_Standard-png?size=500,ST,5,647.00,0.00,04/26/2026 4:06:30 PM,10,0,4,0,0,0,0,0,0,0,0,0,0,1,0
Nitto,N200-760,MUD GRAP 33x12.50R17LT 120Q E 32.9,200760,https://assets.wheelpros.com/transform/df3d2054-4ece-4cf2-a7e1-a0dee19a6269/Nitto-Mud-Grappler_Standard-png?size=500,ST,12,579.00,0.00,04/26/2026 4:06:30 PM,10,4,8,0,0,0,0,0,0,0,0,0,0,0,0
Nitto,N201-040,MUD GRAP LT305/70R16 124/121P E 33,201040,https://assets.wheelpros.com/transform/df3d2054-4ece-4cf2-a7e1-a0dee19a6269/Nitto-Mud-Grappler_Standard-png?size=500,ST,0,545.00,0.00,04/26/2026 4:06:30 PM,10,0,0,0,0,0,0,0,0,0,0,0,0,0,0
Nitto,N201-290,EXO GRAP AWT LT285/55R20 122/119Q E 32.6,201290,https://assets.wheelpros.com/transform/e651b3c0-5638-4f6f-9e04-15e666610152/Nitto-ExoGrappler_Standard-png?size=500,ST,8,630.00,0.00,04/26/2026 4:06:30 PM,10,0,0,0,0,0,0,0,0,0,0,0,0,8,0
Nitto,N201-300,EXO GRAP AWT LT285/65R18 125/122Q E 32.8,201300,https://assets.wheelpros.com/transform/e651b3c0-5638-4f6f-9e04-15e666610152/Nitto-ExoGrappler_Standard-png?size=500,ST,0,527.00,0.00,04/26/2026 4:06:30 PM,10,0,0,0,0,0,0,0,0,0,0,0,0,0,0
Nitto,N203-940,NT420V 305/45R22 118H XL 32.8,203940,https://assets.wheelpros.com/transform/675d5a8a-c369-41d5-9227-3240429692c5/Nitto-NT420V_Standard-png?size=500,ST,111,461.00,0.00,04/26/2026 4:06:30 PM,10,16,16,16,0,8,10,16,3,0,0,0,0,16,10
Nitto,N205-000,DURA GRAP LT285/50R22 121/118R E 33.2,205000,https://assets.wheelpros.com/transform/6e9d4bbd-13b6-4ab4-91ec-e1b6f164d0c1/Nitto-Dura-Grappler_Standard-png?size=500,ST,1,728.00,0.00,04/26/2026 4:06:30 PM,10,0,0,0,0,0,1,0,0,0,0,0,0,0,0
Nitto,N205-010,DURA GRAP LT275/60R20 123/120R E 33,205010,https://assets.wheelpros.com/transform/6e9d4bbd-13b6-4ab4-91ec-e1b6f164d0c1/Nitto-Dura-Grappler_Standard-png?size=500,ST,0,460.00,0.00,04/26/2026 4:06:30 PM,10,0,0,0,0,0,0,0,0,0,0,0,0,0,0
Nitto,N205-040,DURA GRAP LT305/70R16 124/121R E 32.7,205040,https://assets.wheelpros.com/transform/6e9d4bbd-13b6-4ab4-91ec-e1b6f164d0c1/Nitto-Dura-Grappler_Standard-png?size=500,ST,0,393.00,0.00,04/26/2026 4:06:30 PM,10,0,0,0,0,0,0,0,0,0,0,0,0,0,0
Nitto,N205-070,DURA GRAP LT285/70R17 126/123R E 32.7,205070,https://assets.wheelpros.com/transform/6e9d4bbd-13b6-4ab4-91ec-e1b6f164d0c1/Nitto-Dura-Grappler_Standard-png?size=500,ST,0,410.00,0.00,04/26/2026 4:06:30 PM,10,0,0,0,0,0,0,0,0,0,0,0,0,0,0
Nitto,N205-080,DURA GRAP LT275/70R18 125/122R E 33.2,205080,https://assets.wheelpros.com/transform/6e9d4bbd-13b6-4ab4-91ec-e1b6f164d0c1/Nitto-Dura-Grappler_Standard-png?size=500,ST,0,412.00,0.00,04/26/2026 4:06:30 PM,10,0,0,0,0,0,0,0,0,0,0,0,0,0,0
Nitto,N205-110,DURA GRAP LT285/75R16 126/123R E 32.8,205110,https://assets.wheelpros.com/transform/6e9d4bbd-13b6-4ab4-91ec-e1b6f164d0c1/Nitto-Dura-Grappler_Standard-png?size=500,ST,0,381.00,0.00,04/26/2026 4:06:30 PM,10,0,0,0,0,0,0,0,0,0,0,0,0,0,0
Nitto,N205-340,DURA GRAP LT305/55R20 121/118R E 33.1,205340,https://assets.wheelpros.com/transform/6e9d4bbd-13b6-4ab4-91ec-e1b6f164d0c1/Nitto-Dura-Grappler_Standard-png?size=500,ST,0,589.00,0.00,04/26/2026 4:06:30 PM,10,0,0,0,0,0,0,0,0,0,0,0,0,0,0
Nitto,N205-360,DURA GRAP LT325/60R18 124/121R E 33,205360,https://images.wheelpros.com/m500/mNTDUR.png,ST,0,479.00,0.00,04/26/2026 4:06:30 PM,10,0,0,0,0,0,0,0,0,0,0,0,0,0,0
Nitto,N205-450,TRAIL GRAP LT285/70R17 116/113Q C 32.9,205450,https://assets.wheelpros.com/transform/884b5afc-14aa-40c4-9f6e-937bbe0c9d2e/NITTO-TRAIL-GRAPPLER-MT_STANDARD-png?size=500,ST,17,533.00,0.00,04/26/2026 4:06:30 PM,10,4,0,0,0,0,12,0,0,0,0,0,0,1,0
Nitto,N205-590,TRAIL GRAP 33x12.50R20LT 114Q E 32.7,205590,https://assets.wheelpros.com/transform/884b5afc-14aa-40c4-9f6e-937bbe0c9d2e/NITTO-TRAIL-GRAPPLER-MT_STANDARD-png?size=500,ST,23,706.00,0.00,04/26/2026 4:06:30 PM,10,4,8,0,0,1,10,0,0,0,0,0,0,0,0
Nitto,N205-600,TRAIL GRAP 33x12.50R22LT 109Q E 32.7,205600,https://assets.wheelpros.com/transform/884b5afc-14aa-40c4-9f6e-937bbe0c9d2e/NITTO-TRAIL-GRAPPLER-MT_STANDARD-png?size=500,ST,8,829.00,0.00,04/26/2026 4:06:30 PM,10,0,4,0,0,0,0,0,0,0,0,0,0,4,0
Nitto,N205-690,NT420V LT315/45R22 121/118S F 33.1,205690,https://assets.wheelpros.com/transform/675d5a8a-c369-41d5-9227-3240429692c5/Nitto-NT420V_Standard-png?size=500,ST,0,779.00,0.00,04/26/2026 4:06:30 PM,10,0,0,0,0,0,0,0,0,0,0,0,0,0,0
Nitto,N205-740,TRAIL GRAP LT285/65R18 125/122Q E 32.8,205740,https://assets.wheelpros.com/transform/884b5afc-14aa-40c4-9f6e-937bbe0c9d2e/NITTO-TRAIL-GRAPPLER-MT_STANDARD-png?size=500,ST,20,563.00,0.00,04/26/2026 4:06:30 PM,10,16,4,0,0,0,0,0,0,0,0,0,0,0,0
Nitto,N205-750,TRAIL GRAP LT295/55R20 123/120Q E 32.9,205750,https://assets.wheelpros.com/transform/884b5afc-14aa-40c4-9f6e-937bbe0c9d2e/NITTO-TRAIL-GRAPPLER-MT_STANDARD-png?size=500,ST,4,731.00,0.00,04/26/2026 4:06:30 PM,10,4,0,0,0,0,0,0,0,0,0,0,0,0,0
Nitto,N205-760,TRAIL GRAP LT305/55R20 121/118Q E 33.3,205760,https://assets.wheelpros.com/transform/884b5afc-14aa-40c4-9f6e-937bbe0c9d2e/NITTO-TRAIL-GRAPPLER-MT_STANDARD-png?size=500,ST,14,769.00,0.00,04/26/2026 4:06:30 PM,10,10,4,0,0,0,0,0,0,0,0,0,0,0,0
Nitto,N205-840,TRAIL GRAP LT285/75R16 126/123Q E 33,205840,https://assets.wheelpros.com/transform/884b5afc-14aa-40c4-9f6e-937bbe0c9d2e/NITTO-TRAIL-GRAPPLER-MT_STANDARD-png?size=500,ST,4,492.00,0.00,04/26/2026 4:06:30 PM,10,0,0,0,0,0,0,0,0,0,0,0,0,4,0
Nitto,N205-850,TRAIL GRAP 33x12.50R15LT 108Q C 33,205850,https://assets.wheelpros.com/transform/884b5afc-14aa-40c4-9f6e-937bbe0c9d2e/NITTO-TRAIL-GRAPPLER-MT_STANDARD-png?size=500,ST,0,467.00,0.00,04/26/2026 4:06:30 PM,10,0,0,0,0,0,0,0,0,0,0,0,0,0,0
Nitto,N205-930,TRAIL GRAP LT285/70R17 121/118Q E 33.1,205930,https://assets.wheelpros.com/transform/884b5afc-14aa-40c4-9f6e-937bbe0c9d2e/NITTO-TRAIL-GRAPPLER-MT_STANDARD-png?size=500,ST,13,533.00,0.00,04/26/2026 4:06:30 PM,10,9,0,0,0,0,0,4,0,0,0,0,0,0,0
Nitto,N206-570,EXO GRAP AWT LT295/55R20 123/120Q E 32.9,206570,https://assets.wheelpros.com/transform/e651b3c0-5638-4f6f-9e04-15e666610152/Nitto-ExoGrappler_Standard-png?size=500,ST,12,660.00,0.00,04/26/2026 4:06:30 PM,10,0,0,0,0,0,0,0,0,0,0,0,0,12,0
Nitto,N206-580,EXO GRAP AWT LT275/60R20 123/120Q E 33.2,206580,https://assets.wheelpros.com/transform/e651b3c0-5638-4f6f-9e04-15e666610152/Nitto-ExoGrappler_Standard-png?size=500,ST,16,489.00,0.00,04/26/2026 4:06:30 PM,10,0,0,0,0,0,0,0,0,0,0,0,0,16,0
Nitto,N206-660,NT420V LT305/55R20 125/122S F 33.2,206660,https://assets.wheelpros.com/transform/675d5a8a-c369-41d5-9227-3240429692c5/Nitto-NT420V_Standard-png?size=500,ST,24,617.00,0.00,04/26/2026 4:06:30 PM,10,0,0,0,0,0,0,0,0,0,0,0,0,16,8
Nitto,N206-730,NT420V LT325/50R20 124S F 32.8,206730,https://assets.wheelpros.com/transform/675d5a8a-c369-41d5-9227-3240429692c5/Nitto-NT420V_Standard-png?size=500,ST,4,709.00,0.00,04/26/2026 4:06:30 PM,10,0,4,0,0,0,0,0,0,0,0,0,0,0,0
Nitto,N206-750,NT420V 275/60R20 116H XL 32.9,206750,https://assets.wheelpros.com/transform/675d5a8a-c369-41d5-9227-3240429692c5/Nitto-NT420V_Standard-png?size=500,ST,0,327.00,0.00,04/26/2026 4:06:30 PM,10,0,0,0,0,0,0,0,0,0,0,0,0,0,0
Nitto,N206-830,TRAIL GRAP LT285/55R20 122/119Q E 32,206830,https://assets.wheelpros.com/transform/884b5afc-14aa-40c4-9f6e-937bbe0c9d2e/NITTO-TRAIL-GRAPPLER-MT_STANDARD-png?size=500,ST,15,731.00,0.00,04/26/2026 4:06:30 PM,10,3,0,0,0,0,0,0,0,0,0,0,0,8,4
Nitto,N206-860,EXO GRAP AWT LT285/70R17 121/118Q E 32.9,206860,https://assets.wheelpros.com/transform/e651b3c0-5638-4f6f-9e04-15e666610152/Nitto-ExoGrappler_Standard-png?size=500,ST,21,495.00,0.00,04/26/2026 4:06:30 PM,10,0,0,0,0,0,0,0,0,0,0,0,0,16,5
Nitto,N206-930,EXO GRAP AWT LT305/55R20 121/118Q E 33.4,206930,https://assets.wheelpros.com/transform/e651b3c0-5638-4f6f-9e04-15e666610152/Nitto-ExoGrappler_Standard-png?size=500,ST,0,727.00,0.00,04/26/2026 4:06:30 PM,10,0,0,0,0,0,0,0,0,0,0,0,0,0,0
Nitto,N206-960,EXO GRAP AWT LT275/70R18 125/122Q E 33.4,206960,https://assets.wheelpros.com/transform/e651b3c0-5638-4f6f-9e04-15e666610152/Nitto-ExoGrappler_Standard-png?size=500,ST,16,465.00,0.00,04/26/2026 4:06:30 PM,10,0,0,0,0,0,0,0,0,0,0,0,0,16,0
Nitto,N207-750,NT420V 275/50R22 111H SL 32.8,207750,https://assets.wheelpros.com/transform/675d5a8a-c369-41d5-9227-3240429692c5/Nitto-NT420V_Standard-png?size=500,ST,6,387.00,0.00,04/26/2026 4:06:30 PM,10,2,4,0,0,0,0,0,0,0,0,0,0,0,0
Nitto,N208-320,SN3 275/60R20 115H 33,208320,https://images.wheelpros.com/m500/mNTSN3.png,SO,16,370.00,0.00,04/26/2026 4:06:30 PM,10,0,0,0,0,0,0,0,0,0,0,0,0,16,0
Nitto,N208-350,SN3 275/50R22 111H 32.9,208350,https://images.wheelpros.com/m500/mNTSN3.png,SO,6,410.00,0.00,04/26/2026 4:06:30 PM,10,0,0,0,0,0,0,0,0,0,0,0,0,0,6
Nitto,N208-740,NT420V 305/40R23 115H XL 32.6,208740,https://assets.wheelpros.com/transform/675d5a8a-c369-41d5-9227-3240429692c5/Nitto-NT420V_Standard-png?size=500,ST,16,504.00,0.00,04/26/2026 4:06:30 PM,10,0,0,0,0,0,0,0,0,0,0,0,0,16,0
Nitto,N210-920,NT421Q 275/60R20 115H SL 32.9,210920,https://images.wheelpros.com/m500/mNT421.png,N2,0,354.00,0.00,04/26/2026 4:06:30 PM,10,0,0,0,0,0,0,0,0,0,0,0,0,0,0
Nitto,N212-320,NOMAD GRAP 275/60R20 116H XL 32.9,212320,https://assets.wheelpros.com/transform/728fb739-8007-4c06-bd8b-96a0b6519ade/NITTO-NOMAD-GRAPPLER_STANDARD-png?size=500,ST,0,395.00,0.00,04/26/2026 4:06:30 PM,10,0,0,0,0,0,0,0,0,0,0,0,0,0,0
Nitto,N212-330,NOMAD GRAP 285/70R17 116T SL 32.7,212330,https://assets.wheelpros.com/transform/728fb739-8007-4c06-bd8b-96a0b6519ade/NITTO-NOMAD-GRAPPLER_STANDARD-png?size=500,ST,7,336.00,0.00,04/26/2026 4:06:30 PM,10,0,3,0,0,0,0,0,4,0,0,0,0,0,0
Nitto,N212-410,NT420V 285/40R24 112V XL 32.9,212410,https://assets.wheelpros.com/transform/675d5a8a-c369-41d5-9227-3240429692c5/Nitto-NT420V_Standard-png?size=500,ST,6,552.00,0.00,04/26/2026 4:06:30 PM,10,0,0,0,0,0,0,0,0,0,0,0,0,2,4
Nitto,N215-190,NTGA2 LT305/55R20 122S 33.2,215190,https://images.wheelpros.com/m500/mNTGA2.png,N2,0,357.00,0.00,04/26/2026 4:06:30 PM,10,0,0,0,0,0,0,0,0,0,0,0,0,0,0
Nitto,N215-250,NTGA2 275/60R20 116T 33,215250,https://images.wheelpros.com/m500/mNTGA2.png,N2,0,239.00,0.00,04/26/2026 4:06:30 PM,10,0,0,0,0,0,0,0,0,0,0,0,0,0,0
Nitto,N215-390,NTGA2 LT265/70R18 119R 32.6,215390,https://images.wheelpros.com/m500/mNTGA2.png,N2,0,222.00,0.00,04/26/2026 4:06:30 PM,10,0,0,0,0,0,0,0,0,0,0,0,0,0,0
Nitto,N216-090,TER GRAP G2 305/55R20 121/118S 33.2,216090,https://images.wheelpros.com/m500/mNT200.png,SO,2,644.00,0.00,04/26/2026 4:06:30 PM,10,0,0,0,0,0,0,0,0,0,0,0,0,0,2
Nitto,N216-100,TER GRAP G2 265/60R20 121/118S 32.5,216100,https://images.wheelpros.com/m500/mNT200.png,SO,0,407.00,0.00,04/26/2026 4:06:30 PM,10,0,0,0,0,0,0,0,0,0,0,0,0,0,0
Nitto,N216-140,TER GRAP G2 LT265/70R18 124/121R E 32.6,216140,https://images.wheelpros.com/m500/mNTG2W.png,ST,2,399.00,0.00,04/26/2026 4:06:30 PM,10,0,0,0,0,0,0,0,0,0,0,0,0,2,0
Nitto,N216-230,TER GRAP G2 275/60R20 116S 33,216230,https://images.wheelpros.com/m500/mNT200.png,SO,0,421.00,0.00,04/26/2026 4:06:30 PM,10,0,0,0,0,0,0,0,0,0,0,0,0,0,0
Nitto,N216-290,NTGA2 LT295/70R17 111T 33.3,216290,https://images.wheelpros.com/m500/mNTG2W.png,N2,0,459.00,0.00,04/26/2026 4:06:30 PM,10,0,0,0,0,0,0,0,0,0,0,0,0,0,0
Nitto,N216-460,NTGA2 LT325/60R18 120S 33.35,216460,https://images.wheelpros.com/m500/mNTGA2.png,N2,8,565.00,0.00,04/26/2026 4:06:30 PM,10,0,0,0,0,0,0,0,0,0,0,0,0,4,4
Nitto,N216-500,TER GRAP G2 265/70R18 116T SL 32.6,216500,https://images.wheelpros.com/m500/mNTG2W.png,ST,4,378.00,0.00,04/26/2026 4:06:30 PM,10,0,0,0,0,0,0,0,0,0,0,0,0,4,0
Nitto,N216-550,TER GRAP G2 305/45R22 118S 32.8,216550,https://images.wheelpros.com/m500/mNTGA2.png,ST,0,607.00,0.00,04/26/2026 4:06:30 PM,10,0,0,0,0,0,0,0,0,0,0,0,0,0,0
Nitto,N216-670,TER GRAP G2 LT285/75R16 126/123Q E 32.8,216670,https://images.wheelpros.com/m500/mNT5G2.png,ST,0,386.00,0.00,04/26/2026 4:06:30 PM,10,0,0,0,0,0,0,0,0,0,0,0,0,0,0
Nitto,N217-000,RIDGE GRAP LT285/70R17 121/118Q E 32.7,217000,https://assets.wheelpros.com/transform/8cd67eb1-99b1-477c-b4b6-3c7d11774b70/Nitto-RidgeGrappler_Standard-png?size=500,ST,91,496.00,0.00,04/26/2026 4:06:30 PM,10,16,8,16,4,11,16,8,8,0,0,0,0,4,0
Nitto,N217-010,RIDGE GRAP LT285/70R17 116/113Q C 32.7,217010,https://assets.wheelpros.com/transform/8cd67eb1-99b1-477c-b4b6-3c7d11774b70/Nitto-RidgeGrappler_Standard-png?size=500,ST,96,474.00,0.00,04/26/2026 4:06:30 PM,10,16,8,16,3,0,16,16,8,0,0,0,0,13,0
Nitto,N217-060,RIDGE GRAP LT305/55R20 125/122Q F 33.2,217060,https://assets.wheelpros.com/transform/8cd67eb1-99b1-477c-b4b6-3c7d11774b70/Nitto-RidgeGrappler_Standard-png?size=500,ST,42,717.00,0.00,04/26/2026 4:06:30 PM,10,11,1,0,0,0,2,0,0,0,0,0,0,12,16
Nitto,N217-070,RIDGE GRAP LT295/70R17 121/118Q E 33.3,217070,https://assets.wheelpros.com/transform/8cd67eb1-99b1-477c-b4b6-3c7d11774b70/Nitto-RidgeGrappler_Standard-png?size=500,ST,4,527.00,0.00,04/26/2026 4:06:30 PM,10,0,0,0,0,0,0,0,0,0,0,0,0,0,4
Nitto,N217-110,RIDGE GRAP LT285/65R18 125/122Q E 32.5,217110,https://assets.wheelpros.com/transform/8cd67eb1-99b1-477c-b4b6-3c7d11774b70/Nitto-RidgeGrappler_Standard-png?size=500,ST,100,512.00,0.00,04/26/2026 4:06:30 PM,10,16,16,16,6,16,10,12,0,0,0,0,0,0,8
Nitto,N217-140,RIDGE GRAP 33x12.50R20LT 119Q F 32.7,217140,https://assets.wheelpros.com/transform/8cd67eb1-99b1-477c-b4b6-3c7d11774b70/Nitto-RidgeGrappler_Standard-png?size=500,ST,153,680.00,0.00,04/26/2026 4:06:30 PM,10,16,16,16,16,16,16,16,16,0,0,0,0,9,16
Nitto,N217-160,RIDGE GRAP LT275/70R18 125/122Q E 33.1,217160,https://assets.wheelpros.com/transform/8cd67eb1-99b1-477c-b4b6-3c7d11774b70/Nitto-RidgeGrappler_Standard-png?size=500,ST,93,464.00,0.00,04/26/2026 4:06:30 PM,10,0,12,16,8,6,12,15,4,0,0,0,0,16,4
Nitto,N217-180,RIDGE GRAP 33x12.50R17LT 120Q E 32.7,217180,https://assets.wheelpros.com/transform/8cd67eb1-99b1-477c-b4b6-3c7d11774b70/Nitto-RidgeGrappler_Standard-png?size=500,ST,13,570.00,0.00,04/26/2026 4:06:30 PM,10,0,1,0,0,0,0,0,0,0,0,0,0,0,12
Nitto,N217-190,RIDGE GRAP 33x12.50R18LT 122Q F 32.7,217190,https://assets.wheelpros.com/transform/8cd67eb1-99b1-477c-b4b6-3c7d11774b70/Nitto-RidgeGrappler_Standard-png?size=500,ST,33,620.00,0.00,04/26/2026 4:06:30 PM,10,6,4,0,0,0,0,4,0,0,0,0,0,3,16
Nitto,N217-220,RIDGE GRAP LT295/55R20 123/120Q E 32.7,217220,https://assets.wheelpros.com/transform/8cd67eb1-99b1-477c-b4b6-3c7d11774b70/Nitto-RidgeGrappler_Standard-png?size=500,ST,21,673.00,0.00,04/26/2026 4:06:30 PM,10,0,12,0,0,0,0,0,0,0,0,0,0,8,1
Nitto,N217-270,RIDGE GRAP 33x12.50R22LT 114Q F 32.7,217270,https://assets.wheelpros.com/transform/8cd67eb1-99b1-477c-b4b6-3c7d11774b70/Nitto-RidgeGrappler_Standard-png?size=500,ST,111,789.00,0.00,04/26/2026 4:06:30 PM,10,16,16,16,10,2,0,16,3,0,0,0,0,16,16
Nitto,N217-310,RIDGE GRAP 33x11.50R20LT 118Q E 32.7,217310,https://assets.wheelpros.com/transform/8cd67eb1-99b1-477c-b4b6-3c7d11774b70/Nitto-RidgeGrappler_Standard-png?size=500,ST,2,641.00,0.00,04/26/2026 4:06:30 PM,10,0,2,0,0,0,0,0,0,0,0,0,0,0,0
Nitto,N217-320,RIDGE GRAP LT275/60R20 123/120Q E 33.2,217320,https://assets.wheelpros.com/transform/8cd67eb1-99b1-477c-b4b6-3c7d11774b70/Nitto-RidgeGrappler_Standard-png?size=500,ST,24,537.00,0.00,04/26/2026 4:06:30 PM,10,0,8,0,0,0,0,0,0,0,0,0,0,2,14
Nitto,N217-340,RIDGE GRAP LT285/55R20 122/119Q E 32.6,217340,https://assets.wheelpros.com/transform/8cd67eb1-99b1-477c-b4b6-3c7d11774b70/Nitto-RidgeGrappler_Standard-png?size=500,ST,71,633.00,0.00,04/26/2026 4:06:30 PM,10,4,12,16,7,4,16,8,4,0,0,0,0,0,0
Nitto,N217-380,RIDGE GRAP LT255/80R17 121/118Q E 33.3,217380,https://assets.wheelpros.com/transform/8cd67eb1-99b1-477c-b4b6-3c7d11774b70/Nitto-RidgeGrappler_Standard-png?size=500,ST,5,449.00,0.00,04/26/2026 4:06:30 PM,10,0,4,0,0,0,0,0,0,0,0,0,0,1,0
Nitto,N217-460,RIDGE GRAP LT265/60R20 121/118Q E 32.7,217460,https://assets.wheelpros.com/transform/8cd67eb1-99b1-477c-b4b6-3c7d11774b70/Nitto-RidgeGrappler_Standard-png?size=500,ST,0,507.00,0.00,04/26/2026 4:06:30 PM,10,0,0,0,0,0,0,0,0,0,0,0,0,0,0
Nitto,N217-480,RIDGE GRAP LT265/70R18 124/121Q E 32.8,217480,https://assets.wheelpros.com/transform/8cd67eb1-99b1-477c-b4b6-3c7d11774b70/Nitto-RidgeGrappler_Standard-png?size=500,ST,14,445.00,0.00,04/26/2026 4:06:30 PM,10,10,4,0,0,0,0,0,0,0,0,0,0,0,0
Nitto,N217-540,RIDGE GRAP LT325/60R18 124/121Q E 33.3,217540,https://assets.wheelpros.com/transform/8cd67eb1-99b1-477c-b4b6-3c7d11774b70/Nitto-RidgeGrappler_Standard-png?size=500,ST,15,626.00,0.00,04/26/2026 4:06:30 PM,10,0,0,0,0,0,4,0,0,0,0,0,0,0,11
Nitto,N217-620,RIDGE GRAP LT285/75R16 126/123Q E 32.8,217620,https://assets.wheelpros.com/transform/8cd67eb1-99b1-477c-b4b6-3c7d11774b70/Nitto-RidgeGrappler_Standard-png?size=500,ST,19,471.00,0.00,04/26/2026 4:06:30 PM,10,16,3,0,0,0,0,0,0,0,0,0,0,0,0
Nitto,N217-630,RIDGE GRAP 275/60R20 116T XL 32.9,217630,https://assets.wheelpros.com/transform/8cd67eb1-99b1-477c-b4b6-3c7d11774b70/Nitto-RidgeGrappler_Standard-png?size=500,ST,106,464.00,0.00,04/26/2026 4:06:30 PM,10,16,0,12,16,16,4,15,8,0,0,0,0,3,16
Nitto,N217-710,RIDGE GRAP 285/70R17 116Q SL 32.7,217710,https://assets.wheelpros.com/transform/8cd67eb1-99b1-477c-b4b6-3c7d11774b70/Nitto-RidgeGrappler_Standard-png?size=500,ST,82,418.00,0.00,04/26/2026 4:06:30 PM,10,0,16,16,11,1,16,14,8,0,0,0,0,0,0
Nitto,N217-740,RIDGE GRAP 305/45R22 118Q XL 32.8,217740,https://assets.wheelpros.com/transform/8cd67eb1-99b1-477c-b4b6-3c7d11774b70/Nitto-RidgeGrappler_Standard-png?size=500,ST,48,660.00,0.00,04/26/2026 4:06:30 PM,10,16,3,0,0,0,0,0,0,0,0,0,0,13,16
Nitto,N217-860,RIDGE GRAP 305/55R20 116Q SL 33.2,217860,https://assets.wheelpros.com/transform/8cd67eb1-99b1-477c-b4b6-3c7d11774b70/Nitto-RidgeGrappler_Standard-png?size=500,ST,96,593.00,0.00,04/26/2026 4:06:30 PM,10,16,8,16,2,4,16,8,2,0,0,0,0,16,8
Nitto,N217-910,RIDGE GRAP LT305/70R16 124/121Q E 32.8,217910,https://assets.wheelpros.com/transform/8cd67eb1-99b1-477c-b4b6-3c7d11774b70/Nitto-RidgeGrappler_Standard-png?size=500,ST,0,521.00,0.00,04/26/2026 4:06:30 PM,10,0,0,0,0,0,0,0,0,0,0,0,0,0,0
Nitto,N217-950,RIDGE GRAP LT295/75R16 128/125Q E 33.3,217950,https://assets.wheelpros.com/transform/8cd67eb1-99b1-477c-b4b6-3c7d11774b70/Nitto-RidgeGrappler_Standard-png?size=500,ST,0,495.00,0.00,04/26/2026 4:06:30 PM,10,0,0,0,0,0,0,0,0,0,0,0,0,0,0
Nitto,N218-050,RECON GRAP 33x12.50R20LT 119R F 32.5,218050,https://assets.wheelpros.com/transform/7c1f1988-dde2-45f8-ad64-a49e2f341b40/ReconGrappler_Standard-png?size=500,ST,106,666.00,0.00,04/26/2026 4:06:30 PM,10,6,8,16,16,16,10,16,10,0,0,0,0,8,0
Nitto,N218-130,RECON GRAP 33x12.50R22LT 114R F 32.5,218130,https://assets.wheelpros.com/transform/7c1f1988-dde2-45f8-ad64-a49e2f341b40/ReconGrappler_Standard-png?size=500,ST,4,760.00,0.00,04/26/2026 4:06:30 PM,10,0,0,0,0,0,0,0,0,0,0,0,0,0,4
Nitto,N218-190,RECON GRAP LT295/55R20 123/120S E 32.7,218190,https://assets.wheelpros.com/transform/7c1f1988-dde2-45f8-ad64-a49e2f341b40/ReconGrappler_Standard-png?size=500,ST,24,643.00,0.00,04/26/2026 4:06:30 PM,10,12,8,0,0,0,0,0,0,0,0,0,0,4,0
Nitto,N218-250,RECON GRAP LT305/55R20 125/122S F 33.2,218250,https://assets.wheelpros.com/transform/7c1f1988-dde2-45f8-ad64-a49e2f341b40/ReconGrappler_Standard-png?size=500,ST,24,685.00,0.00,04/26/2026 4:06:30 PM,10,12,8,0,0,0,0,0,0,0,0,0,0,0,4
Nitto,N218-280,RECON GRAP LT285/50R22 121/118S E 33.2,218280,https://assets.wheelpros.com/transform/7c1f1988-dde2-45f8-ad64-a49e2f341b40/ReconGrappler_Standard-png?size=500,ST,14,766.00,0.00,04/26/2026 4:06:30 PM,10,0,8,0,0,0,0,4,0,0,0,0,0,2,0
Nitto,N218-300,RECON GRAP LT275/60R20 123/120S E 32.9,218300,https://assets.wheelpros.com/transform/7c1f1988-dde2-45f8-ad64-a49e2f341b40/ReconGrappler_Standard-png?size=500,ST,12,499.00,0.00,04/26/2026 4:06:30 PM,10,0,4,0,0,4,0,0,0,0,0,0,0,4,0
Nitto,N218-310,RECON GRAP LT285/60R20 125/122S E 33.4,218310,https://assets.wheelpros.com/transform/7c1f1988-dde2-45f8-ad64-a49e2f341b40/ReconGrappler_Standard-png?size=500,ST,10,532.00,0.00,04/26/2026 4:06:30 PM,10,0,6,0,0,0,0,0,0,0,0,0,0,4,0
Nitto,N218-380,RECON GRAP 275/60R20 116S XL 32.9,218380,https://assets.wheelpros.com/transform/7c1f1988-dde2-45f8-ad64-a49e2f341b40/ReconGrappler_Standard-png?size=500,ST,28,448.00,0.00,04/26/2026 4:06:30 PM,10,0,0,0,0,0,0,12,0,0,0,0,0,16,0
Nitto,N218-400,RECON GRAP 305/55R20 116S SL 33.2,218400,https://assets.wheelpros.com/transform/7c1f1988-dde2-45f8-ad64-a49e2f341b40/ReconGrappler_Standard-png?size=500,ST,8,569.00,0.00,04/26/2026 4:06:30 PM,10,0,0,0,0,8,0,0,0,0,0,0,0,0,0
Nitto,N218-410,RECON GRAP 305/45R22 118S XL 32.8,218410,https://assets.wheelpros.com/transform/7c1f1988-dde2-45f8-ad64-a49e2f341b40/ReconGrappler_Standard-png?size=500,ST,36,653.00,0.00,04/26/2026 4:06:30 PM,10,0,16,0,0,0,0,0,0,0,0,0,0,16,4
Nitto,N218-450,RECON GRAP 315/45R22 116S SL 33.1,218450,https://assets.wheelpros.com/transform/7c1f1988-dde2-45f8-ad64-a49e2f341b40/ReconGrappler_Standard-png?size=500,ST,0,669.00,0.00,04/26/2026 4:06:30 PM,10,0,0,0,0,0,0,0,0,0,0,0,0,0,0
Nitto,N218-500,RIDGE GRAP LT315/45R22 121/118Q F 33.1,218500,https://assets.wheelpros.com/transform/8cd67eb1-99b1-477c-b4b6-3c7d11774b70/Nitto-RidgeGrappler_Standard-png?size=500,ST,1,908.00,0.00,04/26/2026 4:06:30 PM,10,0,0,0,0,0,0,0,0,0,0,0,0,1,0
Nitto,N218-550,RECON GRAP LT265/60R20 121/118S E 32.5,218550,https://assets.wheelpros.com/transform/7c1f1988-dde2-45f8-ad64-a49e2f341b40/ReconGrappler_Standard-png?size=500,ST,8,459.00,0.00,04/26/2026 4:06:30 PM,10,0,0,0,0,0,0,0,0,0,0,0,0,8,0
Nitto,N218-590,RECON GRAP LT285/65R18 125/122R E 32.5,218590,https://assets.wheelpros.com/transform/7c1f1988-dde2-45f8-ad64-a49e2f341b40/ReconGrappler_Standard-png?size=500,ST,3,483.00,0.00,04/26/2026 4:06:30 PM,10,0,3,0,0,0,0,0,0,0,0,0,0,0,0
Nitto,N218-620,RECON GRAP LT325/60R18 124/121S E 33.3,218620,https://assets.wheelpros.com/transform/7c1f1988-dde2-45f8-ad64-a49e2f341b40/ReconGrappler_Standard-png?size=500,ST,8,608.00,0.00,04/26/2026 4:06:30 PM,10,0,0,0,0,0,0,0,0,0,0,0,0,8,0
Nitto,N218-660,RECON GRAP 33x12.50R17LT 124R F 32.5,218660,https://assets.wheelpros.com/transform/7c1f1988-dde2-45f8-ad64-a49e2f341b40/ReconGrappler_Standard-png?size=500,ST,22,554.00,0.00,04/26/2026 4:06:30 PM,10,16,6,0,0,0,0,0,0,0,0,0,0,0,0
Nitto,N218-670,RECON GRAP LT285/70R17 126/123S E 32.7,218670,https://assets.wheelpros.com/transform/7c1f1988-dde2-45f8-ad64-a49e2f341b40/ReconGrappler_Standard-png?size=500,ST,26,471.00,0.00,04/26/2026 4:06:30 PM,10,16,0,0,0,0,1,4,1,0,0,0,0,4,0
Nitto,N218-690,RECON GRAP LT295/70R17 128/125R E 33.3,218690,https://assets.wheelpros.com/transform/7c1f1988-dde2-45f8-ad64-a49e2f341b40/ReconGrappler_Standard-png?size=500,ST,0,494.00,0.00,04/26/2026 4:06:30 PM,10,0,0,0,0,0,0,0,0,0,0,0,0,0,0
Nitto,N218-730,RECON GRAP LT275/70R18 125/122S E 33.1,218730,https://assets.wheelpros.com/transform/7c1f1988-dde2-45f8-ad64-a49e2f341b40/ReconGrappler_Standard-png?size=500,ST,16,441.00,406.00,04/26/2026 4:06:30 PM,10,0,0,0,0,4,0,4,0,0,0,0,0,8,0
Nitto,N218-750,RECON GRAP LT255/80R17 123/120R E 33,218750,https://assets.wheelpros.com/transform/7c1f1988-dde2-45f8-ad64-a49e2f341b40/ReconGrappler_Standard-png?size=500,ST,0,428.00,0.00,04/26/2026 4:06:30 PM,10,0,0,0,0,0,0,0,0,0,0,0,0,0,0
Nitto,N218-770,RECON GRAP 33x11.50R17LT 119S D 32.5,218770,https://assets.wheelpros.com/transform/7c1f1988-dde2-45f8-ad64-a49e2f341b40/ReconGrappler_Standard-png?size=500,ST,10,514.00,0.00,04/26/2026 4:06:30 PM,10,6,0,0,0,0,0,4,0,0,0,0,0,0,0
Nitto,N218-810,RECON GRAP 285/70R17 116T SL 32.7,218810,https://assets.wheelpros.com/transform/7c1f1988-dde2-45f8-ad64-a49e2f341b40/ReconGrappler_Standard-png?size=500,ST,80,416.00,387.00,04/26/2026 4:06:30 PM,10,8,8,16,10,16,2,16,4,0,0,0,0,0,0
Nitto,N218-870,RIDGE GRAP 275/50R22 115T XL 32.8,218870,https://assets.wheelpros.com/transform/8cd67eb1-99b1-477c-b4b6-3c7d11774b70/Nitto-RidgeGrappler_Standard-png?size=500,ST,16,543.00,0.00,04/26/2026 4:06:30 PM,10,0,12,0,0,0,0,4,0,0,0,0,0,0,0
Nitto,N218-890,RIDGE GRAP 265/60R20 112T SL 32.5,218890,https://assets.wheelpros.com/transform/8cd67eb1-99b1-477c-b4b6-3c7d11774b70/Nitto-RidgeGrappler_Standard-png?size=500,ST,3,440.00,0.00,04/26/2026 4:06:30 PM,10,0,3,0,0,0,0,0,0,0,0,0,0,0,0
Nitto,N218-910,RECON GRAP LT305/70R16 128/125R F 32.8,218910,https://assets.wheelpros.com/transform/7c1f1988-dde2-45f8-ad64-a49e2f341b40/ReconGrappler_Standard-png?size=500,ST,0,504.00,468.00,04/26/2026 4:06:30 PM,10,0,0,0,0,0,0,0,0,0,0,0,0,0,0
Nitto,N218-940,RIDGE GRAP 265/70R18 116T SL 32.6,218940,https://assets.wheelpros.com/transform/8cd67eb1-99b1-477c-b4b6-3c7d11774b70/Nitto-RidgeGrappler_Standard-png?size=500,ST,0,411.00,374.00,04/26/2026 4:06:30 PM,10,0,0,0,0,0,0,0,0,0,0,0,0,0,0
Nitto,N219-210,RECON GRAP A/T 275/50R22 115 T 32.87,219210,https://assets.wheelpros.com/transform/7c1f1988-dde2-45f8-ad64-a49e2f341b40/ReconGrappler_Standard-png?size=500,NW,16,505.00,0.00,04/26/2026 4:06:30 PM,10,0,8,0,0,4,0,0,0,0,0,0,0,4,0
Nitto,N219-230,RECON GRAP 285/65R18 116T 32.6,219230,https://assets.wheelpros.com/transform/7c1f1988-dde2-45f8-ad64-a49e2f341b40/ReconGrappler_Standard-png?size=500,NW,8,442.00,0.00,04/26/2026 4:06:30 PM,10,0,8,0,0,0,0,0,0,0,0,0,0,0,0
Nitto,N222-800,TER GRAP G3 LT255/80R17 123/120/R 33.07,222-800,https://images.wheelpros.com/m500/mNT200.png,NW,23,418.00,0.00,04/26/2026 4:06:30 PM,10,0,2,5,0,0,0,0,0,0,0,0,0,16,0
Nitto,N222-930,TER GRAP G3 LT275/60R20 123/120/T 32.99,222-930,https://images.wheelpros.com/m500/mNT200.png,NW,24,465.00,0.00,04/26/2026 4:06:30 PM,10,0,4,0,0,8,0,0,0,0,0,0,0,12,0
Nitto,N223-820,TER GRAP G3 LT305/55R20 F 125/122S 33.2,223820,,NW,65,600.00,0.00,04/26/2026 4:06:30 PM,10,6,16,4,4,8,0,0,4,0,0,0,0,16,7
Nitto,N223-830,TER GRAP G3 LT265/60R20 E 121/118S 32.5,223830,,NW,28,435.00,0.00,04/26/2026 4:06:30 PM,10,0,8,0,4,0,0,8,0,0,0,0,0,8,0
Nitto,N223-850,TER GRAP G3 LT285/60R20 E 125/122S 33.5,223850,,NW,33,481.00,0.00,04/26/2026 4:06:30 PM,10,4,8,0,0,4,4,4,0,0,0,0,0,8,1
Nitto,N223-910,TER GRAP G3 LT285/65R18 E 125/122S 32.6,223910,,NW,39,455.00,0.00,04/26/2026 4:06:30 PM,10,16,8,2,9,0,0,4,0,0,0,0,0,0,0
Nitto,N223-950,TER GRAP G3 LT265/70R18 E 124/121S 32.6,223950,,NW,14,414.00,0.00,04/26/2026 4:06:30 PM,10,0,0,6,0,0,0,0,0,0,0,0,0,8,0
Nitto,N223-970,TER GRAP G3 LT275/70R18 E 125/122S 33.2,223970,,NW,42,424.00,0.00,04/26/2026 4:06:30 PM,10,6,8,4,0,16,4,4,0,0,0,0,0,0,0
Nitto,N223-980,TER GRAP G3 LT285/70R17 E 126/123S 32.8,223980,,NW,101,424.00,0.00,04/26/2026 4:06:30 PM,10,16,8,9,4,12,16,4,0,0,0,0,0,16,16
Nitto,N224-030,TER GRAP G3 LT285/75R16 E 126/123R 32.8,224030,,NW,13,414.00,0.00,04/26/2026 4:06:30 PM,10,0,0,0,0,0,0,0,0,0,0,0,0,13,0
Nitto,N224-070,TER GRAP G3 305/55R20 116T 33.2,224070,,NW,26,497.00,0.00,04/26/2026 4:06:30 PM,10,4,4,8,1,4,4,0,1,0,0,0,0,0,0
Nitto,N224-090,TER GRAP G3 265/60R20 115H XL 32.5,224090,,NW,16,417.00,0.00,04/26/2026 4:06:30 PM,10,0,0,0,0,0,0,0,0,0,0,0,0,16,0
Nitto,N224-100,TER GRAP G3 275/60R20 116T XL 33,224100,,NW,49,436.00,0.00,04/26/2026 4:06:30 PM,10,4,0,16,4,16,0,8,1,0,0,0,0,0,0
Nitto,N224-210,TER GRAP G3 265/70R18 116T 32.6,224210,,NW,8,388.00,0.00,04/26/2026 4:06:30 PM,10,0,4,4,0,0,0,0,0,0,0,0,0,0,0
Nitto,N224-220,TER GRAP G3 275/70R18 116T 33.2,224220,,NW,11,409.00,0.00,04/26/2026 4:06:30 PM,10,0,0,0,0,0,0,4,0,0,0,0,0,7,0
Nitto,N224-230,TER GRAP G3 285/70R17 116T 32.8,224230,,NW,47,367.00,0.00,04/26/2026 4:06:30 PM,10,0,4,3,0,8,16,4,0,0,0,0,0,12,0
Nitto,N224-310,TER GRAP G3 LT285/50R22 121/118/S 33.27,224-310,https://images.wheelpros.com/m500/mNT200.png,NW,14,665.00,0.00,04/26/2026 4:06:30 PM,10,0,4,0,0,0,0,0,0,0,0,0,0,10,0
Nitto,N224-620,TER GRAP G3 LT235/80R18 121/S  32.8,224-620,https://images.wheelpros.com/m500/mNT200.png,NW,8,400.00,0.00,04/26/2026 4:06:30 PM,10,0,8,0,0,0,0,0,0,0,0,0,0,0,0
Nitto,N374-020,TRAIL GRAP LT355/40R22 122Q F 33.4,374020,https://assets.wheelpros.com/transform/884b5afc-14aa-40c4-9f6e-937bbe0c9d2e/NITTO-TRAIL-GRAPPLER-MT_STANDARD-png?size=500,ST,0,1071.00,0.00,04/26/2026 4:06:30 PM,10,0,0,0,0,0,0,0,0,0,0,0,0,0,0
Nitto,N374-060,TRAIL GRAP 33x12.50R18LT 122Q F 32.7,374060,https://assets.wheelpros.com/transform/884b5afc-14aa-40c4-9f6e-937bbe0c9d2e/NITTO-TRAIL-GRAPPLER-MT_STANDARD-png?size=500,ST,19,642.00,0.00,04/26/2026 4:06:30 PM,10,13,4,0,0,0,0,0,0,0,0,0,0,2,0
Nitto,N374-070,TRAIL GRAP 33x12.50R17LT 120Q E 32.7,374070,https://assets.wheelpros.com/transform/884b5afc-14aa-40c4-9f6e-937bbe0c9d2e/NITTO-TRAIL-GRAPPLER-MT_STANDARD-png?size=500,ST,0,588.00,0.00,04/26/2026 4:06:30 PM,10,0,0,0,0,0,0,0,0,0,0,0,0,0,0
Fuel Tires,QQAT28565R18W,LT285/65R18 GRIPPER A/T WHT-LOGO 2856518,QQAT28565R18W,,N2,0,341.00,0.00,04/26/2026 4:06:30 PM,10,0,0,0,0,0,0,0,0,0,0,0,0,0,0
Fuel Tires,RFAT28550R22,GRIPPER AT 285/50R22 S 33.27,RFAT28550R22,https://assets.wheelpros.com/transform/987bba65-ead2-40b7-9313-3217dfd24996/FUEL-GRIPPER-AT_Standard-png?size=500,N2,0,428.00,0.00,04/26/2026 4:06:30 PM,10,0,0,0,0,0,0,0,0,0,0,0,0,0,0
Fuel Tires,RFAT28565R18,GRIPPER AT 285/65R18 S 32.6,RFAT28565R18,https://assets.wheelpros.com/transform/987bba65-ead2-40b7-9313-3217dfd24996/FUEL-GRIPPER-AT_Standard-png?size=500,N2,16,308.00,0.00,04/26/2026 4:06:30 PM,10,0,0,0,0,0,0,0,0,0,0,0,0,0,16
Fuel Tires,RFAT28570R17,GRIPPER AT LT285/70R17 S 32.8,RFAT28570R17,https://assets.wheelpros.com/transform/987bba65-ead2-40b7-9313-3217dfd24996/FUEL-GRIPPER-AT_Standard-png?size=500,N2,17,285.00,0.00,04/26/2026 4:06:30 PM,10,16,0,0,0,0,1,0,0,0,0,0,0,0,0
Fuel Tires,RFAT30555R20,GRIPPER AT LT305/55R20 S 33.2,RFAT30555R20,https://assets.wheelpros.com/transform/987bba65-ead2-40b7-9313-3217dfd24996/FUEL-GRIPPER-AT_Standard-png?size=500,N2,0,360.00,0.00,04/26/2026 4:06:30 PM,10,0,0,0,0,0,0,0,0,0,0,0,0,0,0
Fuel Tires,RFAT331250R17,GRIPPER AT 33X12.50-17 120R 32.75,RFAT331250R17,https://assets.wheelpros.com/transform/987bba65-ead2-40b7-9313-3217dfd24996/FUEL-GRIPPER-AT_Standard-png?size=500,N2,0,404.00,0.00,04/26/2026 4:06:30 PM,10,0,0,0,0,0,0,0,0,0,0,0,0,0,0
Fuel Tires,RFAT331250R17XL,GRIPPER AT 33X12.50-17 121Q 32.75,RFAT331250R17XL,https://assets.wheelpros.com/transform/987bba65-ead2-40b7-9313-3217dfd24996/FUEL-GRIPPER-AT_Standard-png?size=500,N2,16,410.00,0.00,04/26/2026 4:06:30 PM,10,0,0,0,0,0,0,0,0,0,0,0,0,0,16
Fuel Tires,RFAT331250R18,GRIPPER AT 33X12.50-18 118R 32.75,RFAT331250R18,https://assets.wheelpros.com/transform/987bba65-ead2-40b7-9313-3217dfd24996/FUEL-GRIPPER-AT_Standard-png?size=500,N2,0,409.00,0.00,04/26/2026 4:06:30 PM,10,0,0,0,0,0,0,0,0,0,0,0,0,0,0
Fuel Tires,RFAT331250R18XL,GRIPPER AT 33X12.50-18 122Q 32.75,RFAT331250R18XL,https://assets.wheelpros.com/transform/987bba65-ead2-40b7-9313-3217dfd24996/FUEL-GRIPPER-AT_Standard-png?size=500,N2,20,413.00,0.00,04/26/2026 4:06:30 PM,10,0,0,0,0,0,0,0,0,0,0,0,0,16,4
Fuel Tires,RFAT331250R20,GRIPPER AT 33X12.50-20 114R 32.75,RFAT331250R20,https://assets.wheelpros.com/transform/987bba65-ead2-40b7-9313-3217dfd24996/FUEL-GRIPPER-AT_Standard-png?size=500,N2,16,413.00,0.00,04/26/2026 4:06:30 PM,10,0,0,0,0,0,0,0,0,0,0,0,0,16,0
Fuel Tires,RFAT331250R20XL,33X12.50R20LT F/12 119Q GRIP AT 33125020,RFAT331250R20XL,https://assets.wheelpros.com/transform/987bba65-ead2-40b7-9313-3217dfd24996/FUEL-GRIPPER-AT_Standard-png?size=500,N2,1,427.00,0.00,04/26/2026 4:06:30 PM,10,0,0,0,0,0,0,0,0,0,0,0,0,1,0
Fuel Tires,RFNT331250R17,GRIPPER MT 33X12.50-17 120Q 32.8,RFNT331250R17,https://assets.wheelpros.com/transform/91b5b96b-c41a-4776-8401-e4a4f248ff1f/FUEL-GRIPPER-MT_Standard-png?size=500,N2,17,395.00,0.00,04/26/2026 4:06:30 PM,10,16,0,0,0,0,0,0,1,0,0,0,0,0,0
Fuel Tires,RFNT331250R18,GRIPPER MT 33X12.50-18 118Q 32.8,RFNT331250R18,https://assets.wheelpros.com/transform/91b5b96b-c41a-4776-8401-e4a4f248ff1f/FUEL-GRIPPER-MT_Standard-png?size=500,N2,3,421.00,0.00,04/26/2026 4:06:30 PM,10,0,0,0,0,0,0,0,0,0,0,0,0,0,3
Fuel Tires,RFNT331250R20,GRIPPER MT 33X12.50-20 114Q 32.8,RFNT331250R20,https://assets.wheelpros.com/transform/91b5b96b-c41a-4776-8401-e4a4f248ff1f/FUEL-GRIPPER-MT_Standard-png?size=500,N2,0,414.00,0.00,04/26/2026 4:06:30 PM,10,0,0,0,0,0,0,0,0,0,0,0,0,0,0
Fuel Tires,RFNT331250R22,GRIPPER MT 33X12.50-22 109Q 32.8,RFNT331250R22,https://assets.wheelpros.com/transform/91b5b96b-c41a-4776-8401-e4a4f248ff1f/FUEL-GRIPPER-MT_Standard-png?size=500,N2,16,442.00,0.00,04/26/2026 4:06:30 PM,10,16,0,0,0,0,0,0,0,0,0,0,0,0,0
Fuel Tires,RFNT331250R24,GRIPPER MT 33X12.50-24 106Q 32.8,RFNT331250R24,https://assets.wheelpros.com/transform/91b5b96b-c41a-4776-8401-e4a4f248ff1f/FUEL-GRIPPER-MT_Standard-png?size=500,N2,0,531.00,0.00,04/26/2026 4:06:30 PM,10,0,0,0,0,0,0,0,0,0,0,0,0,0,0
Fuel Tires,RFNT331350R22,GRIPPER MT 33X13.50-22 117Q 32.8,RFNT331350R22,https://assets.wheelpros.com/transform/91b5b96b-c41a-4776-8401-e4a4f248ff1f/FUEL-GRIPPER-MT_Standard-png?size=500,N2,0,502.00,0.00,04/26/2026 4:06:30 PM,10,0,0,0,0,0,0,0,0,0,0,0,0,0,0
Fuel Tires,RFNT331350R24,GRIPPER MT 33X13.50-24 106Q 32.8,RFNT331350R24,https://assets.wheelpros.com/transform/91b5b96b-c41a-4776-8401-e4a4f248ff1f/FUEL-GRIPPER-MT_Standard-png?size=500,N2,0,541.00,0.00,04/26/2026 4:06:30 PM,10,0,0,0,0,0,0,0,0,0,0,0,0,0,0
Fuel Tires,RFNT331450R24,GRIPPER MT 33X14.50-24 114Q 32.8,RFNT331450R24,https://assets.wheelpros.com/transform/91b5b96b-c41a-4776-8401-e4a4f248ff1f/FUEL-GRIPPER-MT_Standard-png?size=500,N2,0,613.00,0.00,04/26/2026 4:06:30 PM,10,0,0,0,0,0,0,0,0,0,0,0,0,0,0
EFX,RFTT331000R15E,GRIPPER R/T UTV 33X10R15 N 32.6,RFTT331000R15E,https://assets.wheelpros.com/transform/4403773d-a2a0-4b00-ab75-eeb4c0b4fb1e/EFX-GRIPPER-UTV-30x10x15-A1-png?size=500,ST,0,342.00,0.00,04/26/2026 4:06:30 PM,20,0,0,0,0,0,0,0,0,0,0,0,0,0,0
Fuel Tires,RFXT331250R20,GRIPPER XT 33X12.50-20 114Q 32.8,RFXT331250R20,https://assets.wheelpros.com/transform/142fe2ef-1295-47c6-a7ad-009f44e2ef3b/FUEL-GRIPPER-XT_Standard-png?size=500,N2,3,413.00,0.00,04/26/2026 4:06:30 PM,10,0,0,0,0,0,0,0,0,0,0,0,0,3,0
Fuel Tires,RFXT331250R20XL,GRIPPER XT 33X12.50-20 119Q 32.8,RFXT331250R20XL,https://assets.wheelpros.com/transform/142fe2ef-1295-47c6-a7ad-009f44e2ef3b/FUEL-GRIPPER-XT_Standard-png?size=500,N2,2,428.00,0.00,04/26/2026 4:06:30 PM,10,0,0,0,0,0,0,0,0,0,0,0,0,2,0
Fuel Tires,RFXT331250R22,GRIPPER XT 33X12.50-22 109Q 32.8,RFXT331250R22,https://assets.wheelpros.com/transform/142fe2ef-1295-47c6-a7ad-009f44e2ef3b/FUEL-GRIPPER-XT_Standard-png?size=500,N2,3,442.00,0.00,04/26/2026 4:06:30 PM,10,0,0,3,0,0,0,0,0,0,0,0,0,0,0
Fuel Tires,RFXT331250R22XL,GRIPPER XT 33X12.50-22 114Q 32.8,RFXT331250R22XL,https://assets.wheelpros.com/transform/142fe2ef-1295-47c6-a7ad-009f44e2ef3b/FUEL-GRIPPER-XT_Standard-png?size=500,N2,6,456.00,0.00,04/26/2026 4:06:30 PM,10,0,0,0,0,0,3,0,0,0,0,0,0,0,3
Fuel Tires,RSAT28550R22,GRIPPER AT 285/50R22 124/121S 33.3,RSAT28550R22,https://assets.wheelpros.com/transform/987bba65-ead2-40b7-9313-3217dfd24996/FUEL-GRIPPER-AT_Standard-png?size=500,N2,0,428.00,0.00,04/26/2026 4:06:30 PM,10,0,0,0,0,0,0,0,0,0,0,0,0,0,0
Fuel Tires,RSAT30555R20,GRIPPER AT 305/55R20 121/118S 33.2,RSAT30555R20,https://assets.wheelpros.com/transform/987bba65-ead2-40b7-9313-3217dfd24996/FUEL-GRIPPER-AT_Standard-png?size=500,N2,0,360.00,0.00,04/26/2026 4:06:30 PM,10,0,0,0,0,0,0,0,0,0,0,0,0,0,0
EFX,SS-32-11-15,SANDSLINGER 32X11-15 750F 32,SS-32-11-15,https://assets.wheelpros.com/transform/b011ad00-e79d-466c-9b0b-c64c76d1d0d7/EFX-SAND-SLINGER-30x11-14-A1-png?size=500,ST,36,318.00,0.00,04/26/2026 4:06:30 PM,20,16,0,16,0,4,0,0,0,0,0,0,0,0,0
EFX,SS-32-14-15,SANDSLINGER 32X14-15 850F 32,SS-32-14-15,https://assets.wheelpros.com/transform/9451a43a-22c7-4fff-bc69-72ed19e29cf0/EFX-SAND-SLINGER-28x14-14-A1-png?size=500,ST,56,377.00,0.00,04/26/2026 4:06:30 PM,20,16,0,16,0,16,0,0,0,0,0,0,0,8,0
EFX,SS-33-11-15,SANDSLINGER 33X11-15 1020F 33,SS-33-11-15,https://assets.wheelpros.com/transform/b011ad00-e79d-466c-9b0b-c64c76d1d0d7/EFX-SAND-SLINGER-30x11-14-A1-png?size=500,ST,40,294.00,0.00,04/26/2026 4:06:30 PM,20,16,0,16,0,8,0,0,0,0,0,0,0,0,0
Avix,AVX-201490,TRAILTEK RT LT295/60R20 126/123Q E 34.2,AVX-201490,https://images.wheelpros.com/m500/mAVXTR.png,NW,32,347.00,381.00,04/26/2026 4:06:30 PM,10,0,16,6,0,0,0,0,0,0,0,0,0,10,0
Falken,F28037328,WDPEAK AT3W LT295/60R20 126/123R E 33.9,28037328,https://images.wheelpros.com/m500/mFWPK3.png,N2,0,601.00,0.00,04/26/2026 4:06:30 PM,10,0,0,0,0,0,0,0,0,0,0,0,0,0,0
Falken,F28037335,WDPEAK AT3W LT305/65R18 128/125R F 33.6,28037335,https://images.wheelpros.com/m500/mFWPK3.png,N2,1,552.00,0.00,04/26/2026 4:06:30 PM,10,0,0,0,0,0,0,0,0,0,0,0,0,1,0
Falken,F28516920,WDPEAK MT LT35X12.50R15 113Q C 34.49,28516920,https://images.wheelpros.com/m500/mFWPMT.png,SO,0,432.00,0.00,04/26/2026 4:06:30 PM,10,0,0,0,0,0,0,0,0,0,0,0,0,0,0
Falken,F28757133,WDPEAK RT LT275/65R20 126/123R E 34.3,28757133,https://images.wheelpros.com/m500/mFTWPK.png,SO,0,594.00,0.00,04/26/2026 4:06:30 PM,10,0,0,0,0,0,0,0,0,0,0,0,0,0,0
Falken,F28757460,WDPEAK RT LT285/75R17 128/125R E 34.1,28757460,https://images.wheelpros.com/m500/mFTWPK.png,SO,0,501.00,0.00,04/26/2026 4:06:30 PM,10,0,0,0,0,0,0,0,0,0,0,0,0,0,0
Falken,F28757474,WDPEAK RT LT285/75R17 117/114R C 34.1,28757474,https://images.wheelpros.com/m500/mFTWPK.png,SO,0,476.00,0.00,04/26/2026 4:06:30 PM,10,0,0,0,0,0,0,0,0,0,0,0,0,0,0
Falken,F28757504,WDPEAK RT LT305/55R20 125/122R F 33.5,28757504,https://images.wheelpros.com/m500/mFTWPK.png,SO,0,627.00,0.00,04/26/2026 4:06:30 PM,10,0,0,0,0,0,0,0,0,0,0,0,0,0,0
Falken,F28757636,WDPEAK RT LT295/60R20 126/123R E 34.2,28757636,https://images.wheelpros.com/m500/mFTWPK.png,SO,0,635.00,0.00,04/26/2026 4:06:30 PM,10,0,0,0,0,0,0,0,0,0,0,0,0,0,0
Falken,F28757714,WDPEAK RT LT285/70R18 127/124R E 34,28757714,https://images.wheelpros.com/m500/mFTWPK.png,SO,0,561.00,0.00,04/26/2026 4:06:30 PM,10,0,0,0,0,0,0,0,0,0,0,0,0,0,0
Falken,F28757716,WDPEAK RT LT285/60R20 125/122R E 33.7,28757716,https://images.wheelpros.com/m500/mFTWPK.png,SO,0,590.00,0.00,04/26/2026 4:06:30 PM,10,0,0,0,0,0,0,0,0,0,0,0,0,0,0
Falken,F28820025,WDPEAK HT02 LT275/65R20 126/123S E 34.1,28820025,https://images.wheelpros.com/m500/mFTWPK.png,ST,0,378.00,0.00,04/26/2026 4:06:30 PM,10,0,0,0,0,0,0,0,0,0,0,0,0,0,0
Falken,F28840025,WDPEAK AT4W LT275/65R20 126/123S E 34.1,28840025,https://images.wheelpros.com/m500/mFTWPK4.png,ST,20,557.00,0.00,04/26/2026 4:06:30 PM,10,0,0,0,0,0,0,0,0,0,0,0,0,8,12
Falken,F28840385,WDPEAK AT4W LT305/55R20 125/122S F 33.5,28840385,https://images.wheelpros.com/m500/mFTWPK4.png,ST,24,570.00,0.00,04/26/2026 4:06:30 PM,10,0,0,0,0,0,0,0,0,0,0,0,0,8,16
Falken,F28840588,WDPEAK AT4W LT285/75R17 128/125S E 34.1,28840588,https://images.wheelpros.com/m500/mFTWPK4.png,ST,16,434.00,0.00,04/26/2026 4:06:30 PM,10,0,0,0,0,0,0,0,0,0,0,0,0,16,0
Falken,F28840692,WDPEAK AT4W LT285/70R18 117/114S C 34,28840692,https://images.wheelpros.com/m500/mFTWPK4.png,ST,16,509.00,0.00,04/26/2026 4:06:30 PM,10,0,0,0,0,0,0,0,0,0,0,0,0,16,0
Falken,F28847335,WDPEAK AT4W LT305/65R18 128/125R F 33.8,28847335,https://images.wheelpros.com/m500/mFTWPK4.png,ST,9,490.00,0.00,04/26/2026 4:06:30 PM,10,1,0,0,0,0,0,0,0,0,0,0,0,0,8
Falken,F28847589,WDPEAK AT4W LT295/70R18 129/126R E 34.3,28847589,https://images.wheelpros.com/m500/mFTWPK4.png,ST,10,477.00,0.00,04/26/2026 4:06:30 PM,10,0,0,0,0,0,0,0,0,0,0,0,0,2,8
Falken,F28847593,WDPEAK AT4W LT285/60R20 125/122R E 33.6,28847593,https://images.wheelpros.com/m500/mFTWPK4.png,ST,32,536.00,0.00,04/26/2026 4:06:30 PM,10,0,0,0,0,0,0,0,0,0,0,0,0,16,16
Falken,F28847596,WDPEAK AT4W LT295/60R20 126/123R E 34,28847596,https://images.wheelpros.com/m500/mFTWPK4.png,ST,16,589.00,0.00,04/26/2026 4:06:30 PM,10,0,0,0,16,0,0,0,0,0,0,0,0,0,0
Falken,F28847839,WDPEAK AT4W LT285/75R17 117/114R C 34.1,28847839,https://images.wheelpros.com/m500/mFTWPK4.png,ST,0,434.00,0.00,04/26/2026 4:06:30 PM,10,0,0,0,0,0,0,0,0,0,0,0,0,0,0
Milestar,M22689316,PATAG MT02 LT275/65R20 126/123Q E 34.3,22689316,https://images.wheelpros.com/m500/mMIPMT.png,ST,0,173.00,0.00,04/26/2026 4:06:30 PM,10,0,0,0,0,0,0,0,0,0,0,0,0,0,0
Milestar,M22751802,PATAG XT LT285/75R17 128/125S E 34.1,22751802,https://assets.wheelpros.com/transform/b509fcce-ede2-4039-bca6-d98679d13ccd/MILESTAR-PATAGONIA-XT_STANDARD-png?size=500,ST,0,154.00,0.00,04/26/2026 4:06:30 PM,10,0,0,0,0,0,0,0,0,0,0,0,0,0,0
Milestar,M22936005,PATAG XT LT295/70R17 128/125Q E 33.5,22936005,https://assets.wheelpros.com/transform/b509fcce-ede2-4039-bca6-d98679d13ccd/MILESTAR-PATAGONIA-XT_STANDARD-png?size=500,ST,0,175.00,0.00,04/26/2026 4:06:30 PM,10,0,0,0,0,0,0,0,0,0,0,0,0,0,0
EFX,MB-34-10-16,MOTOBOSS 34X10-16 80F 34,MB-34-10-16,https://assets.wheelpros.com/transform/8ddf6be0-b460-4ff0-86d8-571897d871f3/EFX-MotoBoss-Standard-png?size=500,N2,0,454.00,0.00,04/26/2026 4:06:30 PM,20,0,0,0,0,0,0,0,0,0,0,0,0,0,0
EFX,MH-34-10-20,MOTOHAMMER 34X10R20 M 34,MH-34-10-20,https://assets.wheelpros.com/transform/6def0fb7-44ff-4013-b377-97968ce9eaaf/EFX-MOTOHAMMER-MH-32-10-15-A1-png?size=500,ST,14,448.00,448.00,04/26/2026 4:06:30 PM,20,0,0,12,0,2,0,0,0,0,0,0,0,0,0
EFX,MK-34-85-18,MOTOHAVOK 34X8.5-18 J 34,MK-34-85-18,https://assets.wheelpros.com/transform/5937204d-8e44-4e24-b615-0dc7fe5c42e3/EFX-MOTOHAVOK-MK-30-85-16-A1-png?size=500,ST,38,319.00,319.00,04/26/2026 4:06:30 PM,20,0,0,16,0,0,0,0,0,0,0,0,0,6,16
EFX,MR-34-10-18,MOTORAVAGE 34X10R18 M 34,MR-34-10-18,https://assets.wheelpros.com/transform/5c97bb05-527f-402d-bca3-1996121f594c/EFX-MOTORAVAGE-MR-32-10-18-A1-png?size=500,N2,1,353.00,0.00,04/26/2026 4:06:30 PM,20,0,0,0,0,0,0,0,0,0,0,0,0,1,0
EFX,MS-33-95-22,MOTOSLAYER 33X9.5-22 77J 33,MS-33-95-22,https://assets.wheelpros.com/transform/d8f0c0a5-a940-4501-9a26-b023809b2a03/EFX-MOTOSLAYER-MS-30-95-18-A1-png?size=500,ST,4,322.00,322.00,04/26/2026 4:06:30 PM,20,0,0,0,0,0,0,0,0,0,0,0,0,4,0
Mickey Thompson Tire,MTT250109,PRO X 35X10.0-15 34.6,250109,https://images.wheelpros.com/m500/mTIRE.png,ST,4,544.00,577.52,04/26/2026 4:06:30 PM,20,0,0,0,0,4,0,0,0,0,0,0,0,0,0
Mickey Thompson Tire,MTT250526,ET DRAG 33.0/15.0-15S NHS 33.6,250526,https://images.wheelpros.com/m500/mTIRE.png,ST,2,606.00,605.70,04/26/2026 4:06:30 PM,10,0,0,0,0,0,0,0,0,0,0,0,0,2,0
Mickey Thompson Tire,MTT331020001,BAJ BOSS AT LT285/60-20 125Q 33.6,90000039592,https://images.wheelpros.com/m500/mMTBAJB.png,NW,0,567.00,0.00,04/26/2026 4:06:30 PM,10,0,0,0,0,0,0,0,0,0,0,0,0,0,0
Mickey Thompson Tire,MTT331021001,BAJ BOSS AT LT295/70-17 121Q 33.7,90000036820,https://images.wheelpros.com/m500/mMTBAJB.png,NW,0,455.00,0.00,04/26/2026 4:06:30 PM,10,0,0,0,0,0,0,0,0,0,0,0,0,0,0
Mickey Thompson Tire,MTT331022001,BAJ BOSS AT LT305/55-20 125Q 33.7,90000036838,https://images.wheelpros.com/m500/mMTBAJB.png,NW,0,623.00,0.00,04/26/2026 4:06:30 PM,10,0,0,0,0,0,0,0,0,0,0,0,0,0,0
Mickey Thompson Tire,MTT331023001,BAJ BOSS AT LT295/60-20 126Q 34.3,90000036841,https://images.wheelpros.com/m500/mMTBAJB.png,NW,0,584.00,0.00,04/26/2026 4:06:30 PM,10,0,0,0,0,0,0,0,0,0,0,0,0,0,0
Mickey Thompson Tire,MTT331026001,BAJ BOSS AT 35X13.50R20 126Q 34.5,90000036843,https://images.wheelpros.com/m500/mMTBAJB.png,ST,0,661.00,0.00,04/26/2026 4:06:30 PM,10,0,0,0,0,0,0,0,0,0,0,0,0,0,0
Mickey Thompson Tire,MTT331073003,BAJ LGND EXP LT295/70-17 121Q 33.6,90000067180,https://images.wheelpros.com/m500/mMTBAJD.png,NW,0,397.00,0.00,04/26/2026 4:06:30 PM,10,0,0,0,0,0,0,0,0,0,0,0,0,0,0
Mickey Thompson Tire,MTT331074002,BAJ LGND EXP LT285/60-20 125Q 33.9,90000067201,https://images.wheelpros.com/m500/mMTBAJD.png,NW,0,495.00,0.00,04/26/2026 4:06:30 PM,10,0,0,0,0,0,0,0,0,0,0,0,0,0,0
Mickey Thompson Tire,MTT331075002,BAJ LGND EXP LT295/70-18 129Q 34.4,90000067190,https://images.wheelpros.com/m500/mMTBAJD.png,NW,0,480.00,0.00,04/26/2026 4:06:30 PM,10,0,0,0,0,0,0,0,0,0,0,0,0,0,0
Mickey Thompson Tire,MTT331076003,BAJ LGND EXP LT35X12.50-18 118Q 34.5,90000067191,https://images.wheelpros.com/m500/mMTBAJD.png,NW,0,505.00,0.00,04/26/2026 4:06:30 PM,10,0,0,0,0,0,0,0,0,0,0,0,0,0,0
Mickey Thompson Tire,MTT331099004,BAJ BOSS MT LT305/55R20 125/122Q 33.5,90000036642,https://images.wheelpros.com/m500/mMTBAJA.png,ST,0,645.00,0.00,04/26/2026 4:06:30 PM,10,0,0,0,0,0,0,0,0,0,0,0,0,0,0
Mickey Thompson Tire,MTT331131005,BAJ LGND MTZ 305/55R20 125/122Q 33.5,90000057363,https://images.wheelpros.com/m500/mMTBAJE.png,ST,0,609.00,0.00,04/26/2026 4:06:30 PM,10,0,0,0,0,0,0,0,0,0,0,0,0,0,0
Mickey Thompson Tire,MTT331132002,BAJ LGND EXP LT295/60-20 126Q 34.3,90000067202,https://images.wheelpros.com/m500/mMTBAJD.png,NW,0,567.00,0.00,04/26/2026 4:06:30 PM,10,0,0,0,0,0,0,0,0,0,0,0,0,0,0
Mickey Thompson Tire,MTT331132005,BAJ LGND MTZ 295/60R20 126/123Q 34.3,90000057365,https://images.wheelpros.com/m500/mMTBAJE.png,ST,0,607.00,0.00,04/26/2026 4:06:30 PM,10,0,0,0,0,0,0,0,0,0,0,0,0,0,0
Mickey Thompson Tire,MTT331133005,BAJ LGND MTZ 275/65R20 126/123Q 34.5,90000057364,https://images.wheelpros.com/m500/mMTBAJE.png,ST,0,530.00,0.00,04/26/2026 4:06:30 PM,10,0,0,0,0,0,0,0,0,0,0,0,0,0,0
Mickey Thompson Tire,MTT331134011,BAJ LGND MTZ LT295/70-18 129P 34.5,90000057357,https://images.wheelpros.com/m500/mMTBAJE.png,NW,0,516.00,0.00,04/26/2026 4:06:30 PM,10,0,0,0,0,0,0,0,0,0,0,0,0,0,0
Mickey Thompson Tire,MTT331266019,PRO X 35X10.0-15 34.6,250109,https://images.wheelpros.com/m500/mTIRE.png,ST,0,657.00,0.00,04/26/2026 4:06:30 PM,20,0,0,0,0,0,0,0,0,0,0,0,0,0,0
Mickey Thompson Tire,MTT331309001,BAJ BOSS AT 35X12.50R17LT 119Q 34.49,90000119975,https://images.wheelpros.com/m500/mTIRE.png,ST,0,497.00,0.00,04/26/2026 4:06:30 PM,10,0,0,0,0,0,0,0,0,0,0,0,0,0,0
Mickey Thompson Tire,MTT331311001,BAJ BOSS AT LT315/70R17 121/118Q 34.49,90000119976,https://images.wheelpros.com/m500/mTIRE.png,ST,0,493.00,0.00,04/26/2026 4:06:30 PM,10,0,0,0,0,0,0,0,0,0,0,0,0,0,0
Mickey Thompson Tire,MTT365023011,ET DRAG 33.5/16.5-16 33.7,90000001574,https://images.wheelpros.com/m500/mMTETTA.png,ST,0,741.00,0.00,04/26/2026 4:06:30 PM,10,0,0,0,0,0,0,0,0,0,0,0,0,0,0
Mickey Thompson Tire,MTT365104011,ET DRAG 33.0/15.0-15S NHS 33.6,250526,https://images.wheelpros.com/m500/mTIRE.png,ST,0,697.00,0.00,04/26/2026 4:06:30 PM,10,0,0,0,0,0,0,0,0,0,0,0,0,0,0
Mickey Thompson Tire,MTT365109011,ET DRAG 33.0/16.5-15 33.5,90000000888,https://images.wheelpros.com/m500/mMTETTA.png,ST,0,754.00,0.00,04/26/2026 4:06:30 PM,10,0,0,0,0,0,0,0,0,0,0,0,0,0,0
Mickey Thompson Tire,MTT90000000888,ET DRAG 33.0/16.5-15 33.5,90000000888,https://images.wheelpros.com/m500/mMTETTA.png,ST,0,647.00,646.71,04/26/2026 4:06:30 PM,10,0,0,0,0,0,0,0,0,0,0,0,0,0,0
Mickey Thompson Tire,MTT90000001574,ET DRAG 33.5/16.5-16 33.7,90000001574,https://images.wheelpros.com/m500/mMTETTA.png,ST,0,664.00,664.15,04/26/2026 4:06:30 PM,10,0,0,0,0,0,0,0,0,0,0,0,0,0,0
Mickey Thompson Tire,MTT90000036642,BAJ BOSS MT LT305/55R20 125/122Q 33.5,90000036642,https://images.wheelpros.com/m500/mMTBAJA.png,ST,34,667.00,708.65,04/26/2026 4:06:30 PM,10,0,0,8,0,4,0,4,14,0,0,0,0,0,4
Mickey Thompson Tire,MTT90000036820,BAJ BOSS AT LT295/70-17 121Q 33.7,90000036820,https://images.wheelpros.com/m500/mMTBAJB.png,NW,65,470.00,499.81,04/26/2026 4:06:30 PM,10,16,8,15,0,2,16,3,0,0,0,0,0,2,3
Mickey Thompson Tire,MTT90000036838,BAJ BOSS AT LT305/55-20 125Q 33.7,90000036838,https://images.wheelpros.com/m500/mMTBAJB.png,NW,43,641.00,681.03,04/26/2026 4:06:30 PM,10,0,8,0,5,16,0,0,14,0,0,0,0,0,0
Mickey Thompson Tire,MTT90000036841,BAJ BOSS AT LT295/60-20 126Q 34.3,90000036841,https://images.wheelpros.com/m500/mMTBAJB.png,NW,64,661.00,701.95,04/26/2026 4:06:30 PM,10,0,16,4,6,16,2,16,4,0,0,0,0,0,0
Mickey Thompson Tire,MTT90000036843,BAJ BOSS AT 35X13.50R20 126Q 34.5,90000036843,https://images.wheelpros.com/m500/mMTBAJB.png,ST,17,679.00,720.92,04/26/2026 4:06:30 PM,10,0,8,0,0,0,0,0,0,0,0,0,0,1,8
Mickey Thompson Tire,MTT90000039592,BAJ BOSS AT LT285/60-20 125Q 33.6,90000039592,https://images.wheelpros.com/m500/mMTBAJB.png,NW,19,583.00,619.37,04/26/2026 4:06:30 PM,10,0,8,0,8,0,0,3,0,0,0,0,0,0,0
Mickey Thompson Tire,MTT90000057357,BAJ LGND MTZ LT295/70-18 129P 34.5,90000057357,https://images.wheelpros.com/m500/mMTBAJE.png,NW,7,521.00,553.80,04/26/2026 4:06:30 PM,10,0,0,0,0,0,0,0,0,0,0,0,0,3,4
Mickey Thompson Tire,MTT90000057363,BAJ LGND MTZ 305/55R20 125/122Q 33.5,90000057363,https://images.wheelpros.com/m500/mMTBAJE.png,ST,15,614.00,652.01,04/26/2026 4:06:30 PM,10,0,0,0,0,4,0,0,0,0,0,0,0,3,8
Mickey Thompson Tire,MTT90000057364,BAJ LGND MTZ 275/65R20 126/123Q 34.5,90000057364,https://images.wheelpros.com/m500/mMTBAJE.png,ST,0,542.00,576.12,04/26/2026 4:06:30 PM,10,0,0,0,0,0,0,0,0,0,0,0,0,0,0
Mickey Thompson Tire,MTT90000057365,BAJ LGND MTZ 295/60R20 126/123Q 34.3,90000057365,https://images.wheelpros.com/m500/mMTBAJE.png,ST,5,609.00,647.27,04/26/2026 4:06:30 PM,10,1,0,0,0,4,0,0,0,0,0,0,0,0,0
Mickey Thompson Tire,MTT90000067180,BAJ LGND EXP LT295/70-17 121Q 33.6,90000067180,https://images.wheelpros.com/m500/mMTBAJD.png,NW,20,428.00,454.76,04/26/2026 4:06:30 PM,10,2,8,0,0,10,0,0,0,0,0,0,0,0,0
Mickey Thompson Tire,MTT90000067190,BAJ LGND EXP LT295/70-18 129Q 34.4,90000067190,https://images.wheelpros.com/m500/mMTBAJD.png,NW,0,490.00,520.46,04/26/2026 4:06:30 PM,10,0,0,0,0,0,0,0,0,0,0,0,0,0,0
Mickey Thompson Tire,MTT90000067191,BAJ LGND EXP LT35X12.50-18 118Q 34.5,90000067191,https://images.wheelpros.com/m500/mMTBAJD.png,NW,38,545.00,578.63,04/26/2026 4:06:30 PM,10,3,8,0,7,16,0,0,4,0,0,0,0,0,0
Mickey Thompson Tire,MTT90000067201,BAJ LGND EXP LT285/60-20 125Q 33.9,90000067201,https://images.wheelpros.com/m500/mMTBAJD.png,NW,27,530.00,563.57,04/26/2026 4:06:30 PM,10,4,0,0,4,14,0,0,4,0,0,0,0,0,1
Mickey Thompson Tire,MTT90000067202,BAJ LGND EXP LT295/60-20 126Q 34.3,90000067202,https://images.wheelpros.com/m500/mMTBAJD.png,NW,37,588.00,624.81,04/26/2026 4:06:30 PM,10,4,4,1,4,16,0,0,8,0,0,0,0,0,0
Mickey Thompson Tire,MTT90000119975,BAJ BOSS AT 35X12.50R17LT 119Q 34.49,90000119975,https://images.wheelpros.com/m500/mTIRE.png,ST,31,521.00,553.10,04/26/2026 4:06:30 PM,10,0,12,0,3,0,2,14,0,0,0,0,0,0,0
Mickey Thompson Tire,MTT90000119976,BAJ BOSS AT LT315/70R17 121/118Q 34.49,90000119976,https://images.wheelpros.com/m500/mTIRE.png,ST,32,510.00,541.39,04/26/2026 4:06:30 PM,10,16,0,0,0,0,0,0,0,0,0,0,0,8,8
EFX,MV-34-95-15,MOTOVATOR 34X9.5R15 85G 34,MV-34-95-15,https://assets.wheelpros.com/transform/6218e826-bc40-40a6-94e6-50d5c43c5989/EFX-MOTOVATOR-MV-32-9-5-15-A1-png?size=500,ST,44,389.00,389.00,04/26/2026 4:06:30 PM,20,16,0,16,0,12,0,0,0,0,0,0,0,0,0
EFX,MV-34-95-18,MOTOVATOR 34X9.5R18 83G 34,MV-34-95-18,https://assets.wheelpros.com/transform/6218e826-bc40-40a6-94e6-50d5c43c5989/EFX-MOTOVATOR-MV-32-9-5-15-A1-png?size=500,ST,27,409.00,409.00,04/26/2026 4:06:30 PM,20,10,0,16,0,1,0,0,0,0,0,0,0,0,0
Nitto,N201-310,EXO GRAP AWT LT285/70R18 127/124Q E 33.9,201310,https://assets.wheelpros.com/transform/e651b3c0-5638-4f6f-9e04-15e666610152/Nitto-ExoGrappler_Standard-png?size=500,ST,11,490.00,0.00,04/26/2026 4:06:30 PM,10,0,0,0,0,0,0,0,0,0,0,0,0,11,0
Nitto,N201-340,EXO GRAP AWT LT285/60R20 125/122Q E 33.7,201340,https://assets.wheelpros.com/transform/e651b3c0-5638-4f6f-9e04-15e666610152/Nitto-ExoGrappler_Standard-png?size=500,ST,10,548.00,0.00,04/26/2026 4:06:30 PM,10,0,0,0,0,0,0,0,0,0,0,0,0,10,0
Nitto,N205-030,DURA GRAP LT275/65R20 126/123R E 34,205030,https://assets.wheelpros.com/transform/6e9d4bbd-13b6-4ab4-91ec-e1b6f164d0c1/Nitto-Dura-Grappler_Standard-png?size=500,ST,2,447.00,0.00,04/26/2026 4:06:30 PM,10,0,0,0,0,0,0,0,0,0,0,0,0,2,0
Nitto,N205-370,DURA GRAP LT285/75R17 128/125R E 33.8,205370,https://assets.wheelpros.com/transform/6e9d4bbd-13b6-4ab4-91ec-e1b6f164d0c1/Nitto-Dura-Grappler_Standard-png?size=500,ST,0,410.00,0.00,04/26/2026 4:06:30 PM,10,0,0,0,0,0,0,0,0,0,0,0,0,0,0
Nitto,N205-710,TRAIL GRAP LT295/70R17 121/118P E 33.5,205710,https://assets.wheelpros.com/transform/884b5afc-14aa-40c4-9f6e-937bbe0c9d2e/NITTO-TRAIL-GRAPPLER-MT_STANDARD-png?size=500,ST,4,564.00,0.00,04/26/2026 4:06:30 PM,10,4,0,0,0,0,0,0,0,0,0,0,0,0,0
Nitto,N205-870,TRAIL GRAP LT275/70R18 125/122Q E 33.6,205870,https://assets.wheelpros.com/transform/884b5afc-14aa-40c4-9f6e-937bbe0c9d2e/NITTO-TRAIL-GRAPPLER-MT_STANDARD-png?size=500,ST,7,564.00,0.00,04/26/2026 4:06:30 PM,10,0,0,0,0,0,0,0,0,0,0,0,0,7,0
Nitto,N205-910,TRAIL GRAP LT295/60R20 126/123Q E 34.4,205910,https://assets.wheelpros.com/transform/884b5afc-14aa-40c4-9f6e-937bbe0c9d2e/NITTO-TRAIL-GRAPPLER-MT_STANDARD-png?size=500,ST,11,728.00,0.00,04/26/2026 4:06:30 PM,10,0,4,0,0,3,0,0,0,0,0,0,0,4,0
Nitto,N205-950,TRAIL GRAP LT285/75R17 121/118Q E 34,205950,https://assets.wheelpros.com/transform/884b5afc-14aa-40c4-9f6e-937bbe0c9d2e/NITTO-TRAIL-GRAPPLER-MT_STANDARD-png?size=500,ST,13,532.00,0.00,04/26/2026 4:06:30 PM,10,0,0,0,0,0,0,4,0,0,0,0,0,9,0
Nitto,N206-600,TRAIL GRAP LT275/65R20 126/123Q E 34.3,206600,https://assets.wheelpros.com/transform/884b5afc-14aa-40c4-9f6e-937bbe0c9d2e/NITTO-TRAIL-GRAPPLER-MT_STANDARD-png?size=500,ST,16,683.00,0.00,04/26/2026 4:06:30 PM,10,12,4,0,0,0,0,0,0,0,0,0,0,0,0
Nitto,N206-950,EXO GRAP AWT LT275/65R20 126/123Q E 34.3,206950,https://assets.wheelpros.com/transform/e651b3c0-5638-4f6f-9e04-15e666610152/Nitto-ExoGrappler_Standard-png?size=500,ST,0,536.00,0.00,04/26/2026 4:06:30 PM,10,0,0,0,0,0,0,0,0,0,0,0,0,0,0
Nitto,N207-740,NT420V LT305/50R22 124/121S F 34,207740,https://assets.wheelpros.com/transform/675d5a8a-c369-41d5-9227-3240429692c5/Nitto-NT420V_Standard-png?size=500,ST,1,709.00,0.00,04/26/2026 4:06:30 PM,10,0,0,0,1,0,0,0,0,0,0,0,0,0,0
Nitto,N208-640,NTCD 245/70R19.5 136/134N 33.5,208640,https://images.wheelpros.com/m500/mNTCD.png,ST,0,663.00,0.00,04/26/2026 4:06:30 PM,10,0,0,0,0,0,0,0,0,0,0,0,0,0,0
Nitto,N215-420,NTGA2 LT315/70R17 124R 34.41,215420,https://images.wheelpros.com/m500/mNTGA2.png,N2,0,381.00,0.00,04/26/2026 4:06:30 PM,10,0,0,0,0,0,0,0,0,0,0,0,0,0,0
Nitto,N216-050,NTGA2 275/65R20 128R 34.09,216050,https://images.wheelpros.com/m500/mNTGA2.png,N2,0,380.00,0.00,04/26/2026 4:06:30 PM,10,0,0,0,0,0,0,0,0,0,0,0,0,0,0
Nitto,N216-060,NTGA2 295/70R18 116S 34.29,216060,https://images.wheelpros.com/m500/mNTGA2.png,N2,2,361.00,0.00,04/26/2026 4:06:30 PM,10,0,0,0,0,0,0,0,0,0,0,0,0,0,2
Nitto,N216-120,TER GRAP G2 275/65R20 126/123S 34.1,216120,https://images.wheelpros.com/m500/mNT200.png,SO,3,472.00,0.00,04/26/2026 4:06:30 PM,10,0,0,0,0,0,0,0,0,0,0,0,0,3,0
Nitto,N216-560,TER GRAP G2 285/55R22 124/121R 34.4,216560,https://images.wheelpros.com/m500/mNTGA2.png,ST,0,685.00,0.00,04/26/2026 4:06:30 PM,10,0,0,0,0,0,0,0,0,0,0,0,0,0,0
Nitto,N217-080,RIDGE GRAP LT305/70R17 121/118Q E 33.8,217080,https://assets.wheelpros.com/transform/8cd67eb1-99b1-477c-b4b6-3c7d11774b70/Nitto-RidgeGrappler_Standard-png?size=500,ST,0,558.00,0.00,04/26/2026 4:06:30 PM,10,0,0,0,0,0,0,0,0,0,0,0,0,0,0
Nitto,N217-120,RIDGE GRAP LT295/70R18 129/126Q E 34.2,217120,https://assets.wheelpros.com/transform/8cd67eb1-99b1-477c-b4b6-3c7d11774b70/Nitto-RidgeGrappler_Standard-png?size=500,ST,67,550.00,0.00,04/26/2026 4:06:30 PM,10,2,16,16,0,4,4,7,16,0,0,0,0,0,2
Nitto,N217-150,RIDGE GRAP LT275/65R20 126/123Q E 34,217150,https://assets.wheelpros.com/transform/8cd67eb1-99b1-477c-b4b6-3c7d11774b70/Nitto-RidgeGrappler_Standard-png?size=500,ST,93,536.00,0.00,04/26/2026 4:06:30 PM,10,6,14,16,1,8,10,16,3,0,0,0,0,7,12
Nitto,N217-170,RIDGE GRAP LT295/60R20 126/123Q E 33.9,217170,https://assets.wheelpros.com/transform/8cd67eb1-99b1-477c-b4b6-3c7d11774b70/Nitto-RidgeGrappler_Standard-png?size=500,ST,130,629.00,0.00,04/26/2026 4:06:30 PM,10,16,16,14,16,16,16,14,6,0,0,0,0,16,0
Nitto,N217-200,RIDGE GRAP LT285/75R17 121/118Q E 33.8,217200,https://assets.wheelpros.com/transform/8cd67eb1-99b1-477c-b4b6-3c7d11774b70/Nitto-RidgeGrappler_Standard-png?size=500,ST,9,477.00,0.00,04/26/2026 4:06:30 PM,10,6,0,0,0,0,0,0,0,0,0,0,0,3,0
Nitto,N217-210,RIDGE GRAP LT285/75R17 117/114Q C 33.8,217210,https://assets.wheelpros.com/transform/8cd67eb1-99b1-477c-b4b6-3c7d11774b70/Nitto-RidgeGrappler_Standard-png?size=500,ST,19,460.00,0.00,04/26/2026 4:06:30 PM,10,16,0,1,0,0,0,0,0,0,0,0,0,2,0
Nitto,N217-370,RIDGE GRAP LT285/70R18 127/124Q E 33.9,217370,https://assets.wheelpros.com/transform/8cd67eb1-99b1-477c-b4b6-3c7d11774b70/Nitto-RidgeGrappler_Standard-png?size=500,ST,20,490.00,0.00,04/26/2026 4:06:30 PM,10,0,4,0,0,0,0,0,0,0,0,0,0,0,16
Nitto,N217-400,RIDGE GRAP LT285/60R20 125/122Q E 33.7,217400,https://assets.wheelpros.com/transform/8cd67eb1-99b1-477c-b4b6-3c7d11774b70/Nitto-RidgeGrappler_Standard-png?size=500,ST,88,570.00,0.00,04/26/2026 4:06:30 PM,10,16,12,16,8,14,6,8,4,0,0,0,0,4,0
Nitto,N217-490,RIDGE GRAP LT285/50R22 121/118Q E 33.5,217490,https://assets.wheelpros.com/transform/8cd67eb1-99b1-477c-b4b6-3c7d11774b70/Nitto-RidgeGrappler_Standard-png?size=500,ST,11,799.00,0.00,04/26/2026 4:06:30 PM,10,0,4,0,0,0,0,0,0,0,0,0,0,7,0
Nitto,N217-520,RIDGE GRAP LT305/65R18 128/125Q F 33.5,217520,https://assets.wheelpros.com/transform/8cd67eb1-99b1-477c-b4b6-3c7d11774b70/Nitto-RidgeGrappler_Standard-png?size=500,ST,1,586.00,0.00,04/26/2026 4:06:30 PM,10,0,0,0,0,0,0,0,0,0,0,0,0,1,0
Nitto,N217-530,RIDGE GRAP LT315/70R17 121/118Q E 34.4,217530,https://assets.wheelpros.com/transform/8cd67eb1-99b1-477c-b4b6-3c7d11774b70/Nitto-RidgeGrappler_Standard-png?size=500,ST,11,563.00,0.00,04/26/2026 4:06:30 PM,10,4,2,0,0,0,0,0,0,0,0,0,0,3,2
Nitto,N218-000,RECON GRAP LT275/65R20 126/123S E 34,218000,https://assets.wheelpros.com/transform/7c1f1988-dde2-45f8-ad64-a49e2f341b40/ReconGrappler_Standard-png?size=500,ST,8,506.00,0.00,04/26/2026 4:06:30 PM,10,0,4,0,0,4,0,0,0,0,0,0,0,0,0
Nitto,N218-170,RECON GRAP LT295/60R20 126/123S E 33.9,218170,https://assets.wheelpros.com/transform/7c1f1988-dde2-45f8-ad64-a49e2f341b40/ReconGrappler_Standard-png?size=500,ST,70,578.00,0.00,04/26/2026 4:06:30 PM,10,0,7,16,12,16,6,9,4,0,0,0,0,0,0
Nitto,N218-270,RECON GRAP LT285/55R22 124/121S E 34.3,218270,https://assets.wheelpros.com/transform/7c1f1988-dde2-45f8-ad64-a49e2f341b40/ReconGrappler_Standard-png?size=500,ST,8,735.00,0.00,04/26/2026 4:06:30 PM,10,0,0,0,0,0,0,0,0,0,0,0,0,8,0
Nitto,N218-330,RECON GRAP 34x11.50R20LT 121R E 33.5,218330,https://assets.wheelpros.com/transform/7c1f1988-dde2-45f8-ad64-a49e2f341b40/ReconGrappler_Standard-png?size=500,ST,14,581.00,0.00,04/26/2026 4:06:30 PM,10,0,0,0,0,11,0,0,0,0,0,0,0,3,0
Nitto,N218-460,RECON GRAP 275/65R20 116T SL 34,218460,https://assets.wheelpros.com/transform/7c1f1988-dde2-45f8-ad64-a49e2f341b40/ReconGrappler_Standard-png?size=500,ST,12,464.00,0.00,04/26/2026 4:06:30 PM,10,0,4,0,0,0,0,8,0,0,0,0,0,0,0
Nitto,N218-490,RIDGE GRAP LT295/50R22 122/119Q E 33.6,218490,https://assets.wheelpros.com/transform/8cd67eb1-99b1-477c-b4b6-3c7d11774b70/Nitto-RidgeGrappler_Standard-png?size=500,ST,3,838.00,0.00,04/26/2026 4:06:30 PM,10,0,3,0,0,0,0,0,0,0,0,0,0,0,0
Nitto,N218-610,RECON GRAP LT295/70R18 129/126R E 34.2,218610,https://assets.wheelpros.com/transform/7c1f1988-dde2-45f8-ad64-a49e2f341b40/ReconGrappler_Standard-png?size=500,ST,24,537.00,0.00,04/26/2026 4:06:30 PM,10,16,0,0,0,0,0,0,0,0,0,0,0,8,0
Nitto,N218-680,RECON GRAP LT285/75R17 128/125R E 33.8,218680,https://assets.wheelpros.com/transform/7c1f1988-dde2-45f8-ad64-a49e2f341b40/ReconGrappler_Standard-png?size=500,ST,0,451.00,0.00,04/26/2026 4:06:30 PM,10,0,0,0,0,0,0,0,0,0,0,0,0,0,0
Nitto,N218-700,RECON GRAP LT305/70R17 125/122R E 33.8,218700,https://assets.wheelpros.com/transform/7c1f1988-dde2-45f8-ad64-a49e2f341b40/ReconGrappler_Standard-png?size=500,ST,0,537.00,0.00,04/26/2026 4:06:30 PM,10,0,0,0,0,0,0,0,0,0,0,0,0,0,0
Nitto,N218-710,RECON GRAP LT315/70R17 126/123R E 34.4,218710,https://assets.wheelpros.com/transform/7c1f1988-dde2-45f8-ad64-a49e2f341b40/ReconGrappler_Standard-png?size=500,ST,0,556.00,0.00,04/26/2026 4:06:30 PM,10,0,0,0,0,0,0,0,0,0,0,0,0,0,0
Nitto,N218-720,RECON GRAP LT305/65R18 128/125R F 33.5,218720,https://assets.wheelpros.com/transform/7c1f1988-dde2-45f8-ad64-a49e2f341b40/ReconGrappler_Standard-png?size=500,ST,4,558.00,0.00,04/26/2026 4:06:30 PM,10,0,0,0,0,0,0,0,0,0,0,0,0,4,0
Nitto,N218-790,RECON GRAP LT285/70R18 127/124R E 33.7,218790,https://assets.wheelpros.com/transform/7c1f1988-dde2-45f8-ad64-a49e2f341b40/ReconGrappler_Standard-png?size=500,ST,4,470.00,428.00,04/26/2026 4:06:30 PM,10,0,0,0,0,0,0,0,0,0,0,0,0,4,0
Nitto,N218-800,RECON GRAP 315/70R17 116T SL 34.4,218800,https://assets.wheelpros.com/transform/7c1f1988-dde2-45f8-ad64-a49e2f341b40/ReconGrappler_Standard-png?size=500,ST,0,476.00,0.00,04/26/2026 4:06:30 PM,10,0,0,0,0,0,0,0,0,0,0,0,0,0,0
Nitto,N218-880,RECON GRAP 295/70R18 116S SL 34.2,218880,https://assets.wheelpros.com/transform/7c1f1988-dde2-45f8-ad64-a49e2f341b40/ReconGrappler_Standard-png?size=500,ST,0,442.00,407.00,04/26/2026 4:06:30 PM,10,0,0,0,0,0,0,0,0,0,0,0,0,0,0
Nitto,N218-900,RECON GRAP LT295/45R24 120/117R E 34.4,218900,https://assets.wheelpros.com/transform/7c1f1988-dde2-45f8-ad64-a49e2f341b40/ReconGrappler_Standard-png?size=500,ST,0,837.00,778.00,04/26/2026 4:06:30 PM,10,0,0,0,0,0,0,0,0,0,0,0,0,0,0
Nitto,N219-010,RIDGE GRAP 275/65R20 116T SL 34,219010,https://assets.wheelpros.com/transform/8cd67eb1-99b1-477c-b4b6-3c7d11774b70/Nitto-RidgeGrappler_Standard-png?size=500,ST,0,442.00,0.00,04/26/2026 4:06:30 PM,10,0,0,0,0,0,0,0,0,0,0,0,0,0,0
Nitto,N223-860,TER GRAP G3 LT295/60R20 E 126/123S 33.9,223860,,NW,93,528.00,0.00,04/26/2026 4:06:30 PM,10,16,12,12,9,8,4,4,4,0,0,0,0,16,8
Nitto,N223-900,TER GRAP G3 LT275/65R20 E 126/123S 34.1,223900,,NW,69,471.00,0.00,04/26/2026 4:06:30 PM,10,10,12,4,3,16,4,4,0,0,0,0,0,16,0
Nitto,N223-990,TER GRAP G3 LT295/70R18 E 129/126S 34.3,223990,,NW,36,476.00,0.00,04/26/2026 4:06:30 PM,10,8,16,4,0,0,0,4,0,0,0,0,0,0,4
Nitto,N224-000,TER GRAP G3 LT315/70R17 E 126/123S 34.4,224000,,NW,25,507.00,0.00,04/26/2026 4:06:30 PM,10,2,12,0,0,1,4,0,0,0,0,0,0,6,0
Nitto,N224-160,TER GRAP G3 275/65R20 116H 34.1,224160,,NW,8,414.00,0.00,04/26/2026 4:06:30 PM,10,4,1,0,0,3,0,0,0,0,0,0,0,0,0
Nitto,N374-210,TRAIL GRAP LT285/60R20 125/122Q E 33,374210,https://assets.wheelpros.com/transform/884b5afc-14aa-40c4-9f6e-937bbe0c9d2e/NITTO-TRAIL-GRAPPLER-MT_STANDARD-png?size=500,ST,4,700.00,0.00,04/26/2026 4:06:30 PM,10,0,0,0,0,0,0,0,0,0,0,0,0,4,0
Fuel Tires,RFAT29570R18,GRIPPER AT 295/70R18 S 34.3,RFAT29570R18,https://assets.wheelpros.com/transform/987bba65-ead2-40b7-9313-3217dfd24996/FUEL-GRIPPER-AT_Standard-png?size=500,N2,8,364.00,0.00,04/26/2026 4:06:30 PM,10,0,0,0,0,0,0,0,0,0,0,0,0,0,8
Fuel Tires,RFNT341250R20,GRIPPER MT 34X12.50-20 123Q 33.76,,https://images.wheelpros.com/m500/mFGRNT.png,N2,7,424.00,0.00,04/26/2026 4:06:30 PM,10,0,0,0,0,0,0,0,0,0,0,0,0,2,5
Fuel Tires,RFNT341250R22,GRIPPER MT 34X12.50-22 121Q 33.76,RFNT341250R22,https://assets.wheelpros.com/transform/91b5b96b-c41a-4776-8401-e4a4f248ff1f/FUEL-GRIPPER-MT_Standard-png?size=500,N2,32,494.00,0.00,04/26/2026 4:06:30 PM,10,0,0,0,0,0,0,0,0,0,0,0,0,16,16
Fuel Tires,RFNT341250R24,GRIPPER MT 34X12.50-24 116Q 33.76,RFNT341250R24,https://assets.wheelpros.com/transform/91b5b96b-c41a-4776-8401-e4a4f248ff1f/FUEL-GRIPPER-MT_Standard-png?size=500,N2,16,547.00,0.00,04/26/2026 4:06:30 PM,10,0,0,0,0,0,0,0,0,0,0,0,0,0,16
EFX,SS-33-13-15,SANDSLINGER 33X13-15 1170F 33,SS-33-13-15,https://assets.wheelpros.com/transform/b011ad00-e79d-466c-9b0b-c64c76d1d0d7/EFX-SAND-SLINGER-30x11-14-A1-png?size=500,ST,40,347.00,0.00,04/26/2026 4:06:30 PM,20,16,0,16,0,8,0,0,0,0,0,0,0,0,0
EFX,W-34-10-20,MOTOMTC 34X10-20 J 34,W-34-10-20,https://assets.wheelpros.com/transform/0d3b635c-4e50-4e82-a87b-1664dd1ffa70/EFX-MOTO-MTC-26x11x14-A1-png?size=500,ST,7,372.00,372.00,04/26/2026 4:06:30 PM,20,0,0,3,0,4,0,0,0,0,0,0,0,0,0
BKT,000000000094004768,8.3X20 6PR BKT TR 171 TT 3528320,,https://images.wheelpros.com/m500/mBTR171.png,N2,2,368.00,0.00,04/26/2026 4:06:30 PM,20,0,0,0,0,2,0,0,0,0,0,0,0,0,0
BKT,000000000094034246,9.5X18 8PR BKT TR 171 TT 3549518,,https://images.wheelpros.com/m500/mBTR171.png,N2,0,454.00,0.00,04/26/2026 4:06:30 PM,20,0,0,0,0,0,0,0,0,0,0,0,0,0,0
Avix,AVX-171600,TRAILTEK RT 35x12.50R17LT 125Q E 34.8,AVX-171600,https://images.wheelpros.com/m500/mAVXTR.png,NW,34,336.00,371.00,04/26/2026 4:06:30 PM,10,0,2,0,16,1,0,0,15,0,0,0,0,0,0
Avix,AVX-181600,TRAILTEK RT 35x12.50R18LT 123/Q E 34.8,AVX-181600,https://images.wheelpros.com/m500/mAVXTR.png,NW,99,347.00,383.00,04/26/2026 4:06:30 PM,10,16,16,2,16,16,16,0,16,0,0,0,0,1,0
Avix,AVX-201600,TRAILTEK RT 35x12.50R20LT 125Q F 34.8,AVX-201600,https://images.wheelpros.com/m500/mAVXTR.png,NW,144,364.00,401.00,04/26/2026 4:06:30 PM,10,16,16,16,16,16,16,16,16,0,0,0,0,16,0
Avix,AVX-201605,TRAILTEK RT 35x11.50R20LT 124/Q E 34.8,AVX-201605,https://images.wheelpros.com/m500/mAVXTR.png,NW,17,338.00,373.00,04/26/2026 4:06:30 PM,10,0,11,0,1,0,0,4,0,0,0,0,0,0,1
Avix,AVX-221600,TRAILTEK RT 35x12.50R22LT 121/Q F 34.8,AVX-221600,https://images.wheelpros.com/m500/mAVXTR.png,NW,14,394.00,434.00,04/26/2026 4:06:30 PM,10,0,1,0,0,5,0,0,0,0,0,0,0,8,0
Falken,F28030125,WDPEAK AT3W LT325/60R20 126/123S E 35.4,28030125,https://images.wheelpros.com/m500/mFWPK3.png,N2,22,716.00,0.00,04/26/2026 4:06:30 PM,10,16,6,0,0,0,0,0,0,0,0,0,0,0,0
Falken,F28037307,WDPEAK AT3W LT35X12.50R20 125R F 34.6,28037307,https://images.wheelpros.com/m500/mFWPK3.png,N2,0,765.00,0.00,04/26/2026 4:06:30 PM,10,0,0,0,0,0,0,0,0,0,0,0,0,0,0
Falken,F28516905,WDPEAK MT LT35X12.50R20 121Q E 34.75,28516905,https://images.wheelpros.com/m500/mFWPK3.png,SO,0,686.00,0.00,04/26/2026 4:06:30 PM,10,0,0,0,0,0,0,0,0,0,0,0,0,0,0
Falken,F28516932,WDPEAK MT LT315/70R17 121/118Q E 34.7,28516932,https://images.wheelpros.com/m500/mFWPMT.png,SO,1,565.00,0.00,04/26/2026 4:06:30 PM,10,0,0,0,0,0,0,0,1,0,0,0,0,0,0
Falken,F28516934,WDPEAK MT LT315/75R16 127/124Q E 34.7,28516934,https://images.wheelpros.com/m500/mFWPMT.png,SO,0,517.00,0.00,04/26/2026 4:06:30 PM,10,0,0,0,0,0,0,0,0,0,0,0,0,0,0
Falken,F28516995,WDPEAK MT LT35X12.50R17 121Q E 34.76,28516995,https://images.wheelpros.com/m500/mFWPMT.png,SO,0,584.00,0.00,04/26/2026 4:06:30 PM,10,0,0,0,0,0,0,0,0,0,0,0,0,0,0
Falken,F28516999,WDPEAK MT LT35X12.50R18 123Q E 34.7,28516999,https://images.wheelpros.com/m500/mFWPK3.png,SO,0,615.00,0.00,04/26/2026 4:06:30 PM,10,0,0,0,0,0,0,0,0,0,0,0,0,0,0
Falken,F28757103,WDPEAK RT LT35X12.50R17 125R E 34.8,28757103,https://images.wheelpros.com/m500/mFTWPK.png,SO,0,558.00,0.00,04/26/2026 4:06:30 PM,10,0,0,0,0,0,0,0,0,0,0,0,0,0,0
Falken,F28757130,WDPEAK RT LT35X13.50R20 126R F 34.8,28757130,https://images.wheelpros.com/m500/mFTWPK.png,SO,0,710.00,0.00,04/26/2026 4:06:30 PM,10,0,0,0,0,0,0,0,0,0,0,0,0,0,0
Falken,F28757210,WDPEAK RT LT35X12.50R20 125R F 34.8,28757210,https://images.wheelpros.com/m500/mFTWPK.png,SO,0,669.00,0.00,04/26/2026 4:06:30 PM,10,0,0,0,0,0,0,0,0,0,0,0,0,0,0
Falken,F28757278,WDPEAK RT LT35X11.50R17 118R C 34.8,28757278,https://images.wheelpros.com/m500/mFTWPK.png,SO,0,524.00,0.00,04/26/2026 4:06:30 PM,10,0,0,0,0,0,0,0,0,0,0,0,0,0,0
Falken,F28757344,WDPEAK RT LT315/70R17 121/118R D 34.6,28757344,https://images.wheelpros.com/m500/mFTWPK.png,SO,0,497.00,0.00,04/26/2026 4:06:30 PM,10,0,0,0,0,0,0,0,0,0,0,0,0,0,0
Falken,F28757349,WDPEAK RT LT325/50R22 127R F 35.1,28757349,https://images.wheelpros.com/m500/mFTWPK.png,SO,0,589.00,0.00,04/26/2026 4:06:30 PM,10,0,0,0,0,0,0,0,0,0,0,0,0,0,0
Falken,F28757364,WDPEAK RT LT35X12.50R18 128R F 34.8,28757364,https://images.wheelpros.com/m500/mFTWPK.png,SO,0,603.00,0.00,04/26/2026 4:06:30 PM,10,0,0,0,0,0,0,0,0,0,0,0,0,0,0
Falken,F28757495,WDPEAK RT LT285/75R18 129/126R E 35.1,28757495,https://images.wheelpros.com/m500/mFTWPK.png,SO,0,553.00,0.00,04/26/2026 4:06:30 PM,10,0,0,0,0,0,0,0,0,0,0,0,0,0,0
Falken,F28757523,WDPEAK RT LT285/55R22 124/121R E 34.6,28757523,https://images.wheelpros.com/m500/mFTWPK.png,SO,0,547.00,0.00,04/26/2026 4:06:30 PM,10,0,0,0,0,0,0,0,0,0,0,0,0,0,0
Falken,F28757654,WDPEAK RT LT35X11.50R20 120R D 34.8,28757654,https://images.wheelpros.com/m500/mFTWPK.png,SO,0,512.00,0.00,04/26/2026 4:06:30 PM,10,0,0,0,0,0,0,0,0,0,0,0,0,0,0
Falken,F28757667,WDPEAK RT LT35X11.50R18 117R C 34.8,28757667,https://images.wheelpros.com/m500/mFTWPK.png,SO,0,576.00,0.00,04/26/2026 4:06:30 PM,10,0,0,0,0,0,0,0,0,0,0,0,0,0,0
Falken,F28757728,WDPEAK RT LT295/70R18 129/126R E 34.5,28757728,https://images.wheelpros.com/m500/mFTWPK.png,SO,0,516.00,0.00,04/26/2026 4:06:30 PM,10,0,0,0,0,0,0,0,0,0,0,0,0,0,0
Falken,F28757782,WDPEAK RT LT285/65R20 127/124R E 34.8,28757782,https://images.wheelpros.com/m500/mFTWPK.png,SO,0,624.00,0.00,04/26/2026 4:06:30 PM,10,0,0,0,0,0,0,0,0,0,0,0,0,0,0
Falken,F28757784,WDPEAK RT LT295/65R20 129/126R E 35.4,28757784,https://images.wheelpros.com/m500/mFTWPK.png,SO,0,611.00,0.00,04/26/2026 4:06:30 PM,10,0,0,0,0,0,0,0,0,0,0,0,0,0,0
Falken,F28757974,WDPEAK RT LT35X12.50R22 117R E 34.8,28757974,https://images.wheelpros.com/m500/mFTWPK.png,SO,8,824.00,0.00,04/26/2026 4:06:30 PM,10,0,0,0,0,0,0,0,0,0,0,0,0,8,0
Falken,F28840115,WDPEAK AT4W LT285/75R18 129/126S E 35,28840115,https://images.wheelpros.com/m500/mFTWPK4.png,ST,16,505.00,0.00,04/26/2026 4:06:30 PM,10,0,0,0,0,0,0,0,0,0,0,0,0,12,4
Falken,F28840144,WDPEAK AT4W LT315/70R17 113/110S 34.7,28840144,https://images.wheelpros.com/m500/mFTWPK4.png,ST,16,439.00,0.00,04/26/2026 4:06:30 PM,10,0,0,0,0,0,0,0,0,0,0,0,0,16,0
Falken,F28840266,WDPEAK AT4W LT35X11.50R18 117S C 34.9,28840266,https://images.wheelpros.com/m500/mFTWPK4.png,ST,16,491.00,0.00,04/26/2026 4:06:30 PM,10,0,0,0,0,0,0,0,0,0,0,0,0,16,0
Falken,F28840310,WDPEAK AT4W LT35X11.50R20 120S D 35,28840310,https://images.wheelpros.com/m500/mFTWPK4.png,ST,8,589.00,0.00,04/26/2026 4:06:30 PM,10,0,0,0,0,0,0,0,0,0,0,0,0,8,0
Falken,F28840597,WDPEAK AT4W LT295/65R20 129/126S E 35.4,28840597,https://images.wheelpros.com/m500/mFTWPK4.png,ST,0,515.00,0.00,04/26/2026 4:06:30 PM,10,0,0,0,0,0,0,0,0,0,0,0,0,0,0
Falken,F28844599,WDPEAK AT4W LT325/65R18 121/118T D 34.6,28844599,https://images.wheelpros.com/m500/mFTWPK4.png,ST,0,520.00,0.00,04/26/2026 4:06:30 PM,10,0,0,0,0,0,0,0,0,0,0,0,0,0,0
Falken,F28847117,WDPEAK AT4W LT35X12.50R15 113R C 35,28847117,https://images.wheelpros.com/m500/mFTWPK4.png,ST,0,409.00,0.00,04/26/2026 4:06:30 PM,10,0,0,0,0,0,0,0,0,0,0,0,0,0,0
Falken,F28847124,WDPEAK AT4W LT315/75R16 127/124R E 34.6,28847124,https://images.wheelpros.com/m500/mFTWPK4.png,ST,0,416.00,0.00,04/26/2026 4:06:30 PM,10,0,0,0,0,0,0,0,0,0,0,0,0,0,0
Falken,F28847157,WDPEAK AT4W LT285/55R22 124/121R E 34.6,28847157,https://images.wheelpros.com/m500/mFTWPK4.png,ST,4,683.00,0.00,04/26/2026 4:06:30 PM,10,0,0,0,0,0,0,0,0,0,0,0,0,0,4
Falken,F28847282,WDPEAK AT4W LT35X12.50R17 125R E 35.1,28847282,https://images.wheelpros.com/m500/mFTWPK4.png,ST,16,494.00,0.00,04/26/2026 4:06:30 PM,10,0,0,0,0,0,0,0,0,0,0,0,0,16,0
Falken,F28847307,WDPEAK AT4W LT35X12.50R20 125R F 35.1,28847307,https://images.wheelpros.com/m500/mFTWPK4.png,ST,35,687.00,0.00,04/26/2026 4:06:30 PM,10,0,0,0,0,0,0,0,3,0,0,0,0,16,16
Falken,F28847336,WDPEAK AT4W LT35X11.50R17 118R C 35,28847336,https://images.wheelpros.com/m500/mFTWPK4.png,ST,0,402.00,0.00,04/26/2026 4:06:30 PM,10,0,0,0,0,0,0,0,0,0,0,0,0,0,0
Falken,F28847504,WDPEAK AT4W LT35X12.50R22 117R E 34.9,28847504,https://images.wheelpros.com/m500/mFTWPK4.png,ST,31,817.00,0.00,04/26/2026 4:06:30 PM,10,0,0,0,0,0,0,0,3,0,0,0,0,16,12
Falken,F28847557,WDPEAK AT4W LT325/50R22 127R F 35,28847557,https://images.wheelpros.com/m500/mFTWPK4.png,ST,7,738.00,0.00,04/26/2026 4:06:30 PM,10,0,0,0,0,0,0,0,0,0,0,0,0,0,7
Falken,F28847580,WDPEAK AT4W LT35X12.50R18 128R F 35.1,28847580,https://images.wheelpros.com/m500/mFTWPK4.png,ST,9,547.00,0.00,04/26/2026 4:06:30 PM,10,0,0,0,0,8,0,0,0,0,0,0,0,0,1
Falken,F28847594,WDPEAK AT4W LT285/65R20 127/124R E 34.8,28847594,https://images.wheelpros.com/m500/mFTWPK4.png,ST,7,540.00,0.00,04/26/2026 4:06:30 PM,10,0,0,0,0,0,0,0,2,0,0,0,0,1,4
Milestar,M22229005,PATAG XT 35X12.50R17LT 121Q E 34.8,22229005,https://images.wheelpros.com/m500/mMIPXT.png,N2,0,483.00,0.00,04/26/2026 4:06:30 PM,10,0,0,0,0,0,0,0,0,0,0,0,0,0,0
Milestar,M22229011,PATAG XT 35X12.50R17LT 125Q E 34.8,22229011,https://assets.wheelpros.com/transform/b509fcce-ede2-4039-bca6-d98679d13ccd/MILESTAR-PATAGONIA-XT_STANDARD-png?size=500,ST,18,202.00,0.00,04/26/2026 4:06:30 PM,10,0,0,0,11,0,0,0,7,0,0,0,0,0,0
Milestar,M22229257,PATAG MT02 35X12.50R18LT 128Q F 34.8,22229257,https://images.wheelpros.com/m500/mMIPMT.png,ST,0,301.00,0.00,04/26/2026 4:06:30 PM,10,0,0,0,0,0,0,0,0,0,0,0,0,0,0
Milestar,M22275901,PATAG XT LT275/80R17 121/118Q E 34.6,22275901,https://assets.wheelpros.com/transform/b509fcce-ede2-4039-bca6-d98679d13ccd/MILESTAR-PATAGONIA-XT_STANDARD-png?size=500,ST,0,153.00,0.00,04/26/2026 4:06:30 PM,10,0,0,0,0,0,0,0,0,0,0,0,0,0,0
Milestar,M22799901,PATAG XT LT295/70R18 129/126R E 34.5,22799901,https://assets.wheelpros.com/transform/b509fcce-ede2-4039-bca6-d98679d13ccd/MILESTAR-PATAGONIA-XT_STANDARD-png?size=500,ST,0,188.00,0.00,04/26/2026 4:06:30 PM,10,0,0,0,0,0,0,0,0,0,0,0,0,0,0
EFX,MC-35-10-20,MOTOCLAW 35X10R20 M 35,MC-35-10-20,https://assets.wheelpros.com/transform/0a72f5d9-b494-4b43-8c1c-142b7eeb0676/EFX-MOTOCLAW-MC-32-10-16-A1-png?size=500,ST,5,377.00,377.00,04/26/2026 4:06:30 PM,20,0,0,2,0,0,0,0,0,0,0,0,0,0,3
EFX,MCR-35-10-15,MOTOCRUSHER 35X10.00R15 72M 35,MCR-35-10-15,https://assets.wheelpros.com/transform/d00bc089-ae19-49e2-a6a5-ae373b8da3a1/EFX-MOTOCRUSHER-MCR-32x10x15-A1-png?size=500,NW,49,427.00,427.00,04/26/2026 4:06:30 PM,20,16,0,16,0,16,0,0,0,0,0,0,0,0,1
EFX,MK-35-85-20,MOTOHAVOK 35X8.5-20 J 35,MK-35-85-20,https://assets.wheelpros.com/transform/5937204d-8e44-4e24-b615-0dc7fe5c42e3/EFX-MOTOHAVOK-MK-30-85-16-A1-png?size=500,ST,27,345.00,345.00,04/26/2026 4:06:30 PM,20,4,0,1,0,11,0,0,0,0,0,0,0,0,11
EFX,MK-35-85-22,MOTOHAVOK 35X8.5-22 J 35,MK-35-85-22,https://assets.wheelpros.com/transform/5937204d-8e44-4e24-b615-0dc7fe5c42e3/EFX-MOTOHAVOK-MK-30-85-16-A1-png?size=500,ST,3,345.00,345.00,04/26/2026 4:06:30 PM,20,0,0,0,0,3,0,0,0,0,0,0,0,0,0
EFX,MR-35-10-15XL,MOTORAVAGE XL 35X10R15 35,MR-35-10-15XL,https://assets.wheelpros.com/transform/e8f991df-77b1-4033-9f80-52351d2cac3c/EFX-MOTORAVAGE-XL-MR-32-10-15XL-A1-png?size=500,ST,54,412.00,412.00,04/26/2026 4:06:30 PM,20,10,0,12,0,16,0,0,0,0,0,0,0,0,16
EFX,MR-35-10-20,MOTORAVAGE 35X10R20 M 35,MR-35-10-20,https://assets.wheelpros.com/transform/5c97bb05-527f-402d-bca3-1996121f594c/EFX-MOTORAVAGE-MR-32-10-18-A1-png?size=500,ST,0,380.00,380.00,04/26/2026 4:06:30 PM,20,0,0,0,0,0,0,0,0,0,0,0,0,0,0
EFX,MS-35-95-20,MOTOSLAYER 35X9.5-20 83J 35,MS-35-95-20,https://assets.wheelpros.com/transform/d8f0c0a5-a940-4501-9a26-b023809b2a03/EFX-MOTOSLAYER-MS-30-95-18-A1-png?size=500,ST,14,380.00,380.00,04/26/2026 4:06:30 PM,20,0,0,14,0,0,0,0,0,0,0,0,0,0,0
Mickey Thompson Tire,MTT250096,PRO XS 35X13.50-17LT C 34.7,250096,https://images.wheelpros.com/m500/mTIRE.png,ST,0,722.00,767.24,04/26/2026 4:06:30 PM,10,0,0,0,0,0,0,0,0,0,0,0,0,0,0
Mickey Thompson Tire,MTT250114,PRO X 35X10.0-14 34.5,250114,https://images.wheelpros.com/m500/mTIRE.png,ST,0,536.00,569.15,04/26/2026 4:06:30 PM,20,0,0,0,0,0,0,0,0,0,0,0,0,0,0
Mickey Thompson Tire,MTT261886,BOSS XS 35X12.50R17LT 111Q 34.76,261886,https://images.wheelpros.com/m500/mTIRE.png,ST,4,655.00,696.09,04/26/2026 4:06:30 PM,10,0,0,0,0,0,0,0,0,0,0,0,0,4,0
Mickey Thompson Tire,MTT272498,BAJA LEGEND MTZ 315/70R17LT 121Q 34.57,272498,,N2,0,451.00,0.00,04/26/2026 4:06:30 PM,10,0,0,0,0,0,0,0,0,0,0,0,0,0,0
Mickey Thompson Tire,MTT331028001,BAJ BOSS AT LT275/65-20 126Q 34.5,90000036840,https://images.wheelpros.com/m500/mMTBAJB.png,NW,0,567.00,0.00,04/26/2026 4:06:30 PM,10,0,0,0,0,0,0,0,0,0,0,0,0,0,0
Mickey Thompson Tire,MTT331029001,BAJ BOSS AT LT295/70-18 129Q 34.5,90000036830,https://images.wheelpros.com/m500/mMTBAJB.png,NW,0,532.00,0.00,04/26/2026 4:06:30 PM,10,0,0,0,0,0,0,0,0,0,0,0,0,0,0
Mickey Thompson Tire,MTT331030001,BAJ BOSS AT LT255/85-17 121Q 34.6,90000036821,https://images.wheelpros.com/m500/mMTBAJB.png,NW,0,475.00,0.00,04/26/2026 4:06:30 PM,10,0,0,0,0,0,0,0,0,0,0,0,0,0,0
Mickey Thompson Tire,MTT331031001,BAJ BOSS AT LT285/55-22 124Q 34.6,90000039594,https://images.wheelpros.com/m500/mMTBAJB.png,NW,0,736.00,0.00,04/26/2026 4:06:30 PM,10,0,0,0,0,0,0,0,0,0,0,0,0,0,0
Mickey Thompson Tire,MTT331032001,BAJ BOSS AT LT285/65-20 127Q 34.6,90000039593,https://images.wheelpros.com/m500/mMTBAJB.png,NW,0,610.00,0.00,04/26/2026 4:06:30 PM,10,0,0,0,0,0,0,0,0,0,0,0,0,0,0
Mickey Thompson Tire,MTT331033001,BAJ BOSS AT LT35X12.50-18 118Q 34.6,90000036831,https://images.wheelpros.com/m500/mMTBAJB.png,NW,0,542.00,0.00,04/26/2026 4:06:30 PM,10,0,0,0,0,0,0,0,0,0,0,0,0,0,0
Mickey Thompson Tire,MTT331034001,BAJ BOSS AT LT35X15.50-20 127Q 34.6,90000036844,https://images.wheelpros.com/m500/mMTBAJB.png,NW,0,697.00,0.00,04/26/2026 4:06:30 PM,10,0,0,0,0,0,0,0,0,0,0,0,0,0,0
Mickey Thompson Tire,MTT331035001,BAJ BOSS AT LT35X12.50-20 125Q 34.7,90000036842,https://images.wheelpros.com/m500/mMTBAJB.png,NW,0,580.00,0.00,04/26/2026 4:06:30 PM,10,0,0,0,0,0,0,0,0,0,0,0,0,0,0
Mickey Thompson Tire,MTT331036001,BAJ BOSS AT LT35X15.50-22 123Q 34.7,90000036850,https://images.wheelpros.com/m500/mMTBAJB.png,NW,0,822.00,0.00,04/26/2026 4:06:30 PM,10,0,0,0,0,0,0,0,0,0,0,0,0,0,0
Mickey Thompson Tire,MTT331037001,BAJ BOSS AT LT35X12.50-22 121Q 34.9,90000036848,https://images.wheelpros.com/m500/mMTBAJB.png,NW,0,755.00,0.00,04/26/2026 4:06:30 PM,10,0,0,0,0,0,0,0,0,0,0,0,0,0,0
Mickey Thompson Tire,MTT331038001,BAJ BOSS AT LT325/50-22 127Q 35,90000036849,https://images.wheelpros.com/m500/mMTBAJB.png,NW,0,796.00,0.00,04/26/2026 4:06:30 PM,10,0,0,0,0,0,0,0,0,0,0,0,0,0,0
Mickey Thompson Tire,MTT331039001,BAJ BOSS AT LT305/70-18 126Q 35.3,90000036832,https://images.wheelpros.com/m500/mMTBAJB.png,NW,0,621.00,0.00,04/26/2026 4:06:30 PM,10,0,0,0,0,0,0,0,0,0,0,0,0,0,0
Mickey Thompson Tire,MTT331079002,BAJ LGND EXP LT275/65-20 126Q 34.7,90000067200,https://images.wheelpros.com/m500/mMTBAJD.png,NW,0,495.00,0.00,04/26/2026 4:06:30 PM,10,0,0,0,0,0,0,0,0,0,0,0,0,0,0
Mickey Thompson Tire,MTT331080003,BAJ LGND EXP LT315/75-16 127Q 34.8,90000067174,https://images.wheelpros.com/m500/mMTBAJD.png,NW,0,409.00,0.00,04/26/2026 4:06:30 PM,10,0,0,0,0,0,0,0,0,0,0,0,0,0,0
Mickey Thompson Tire,MTT331082003,BAJ LGND EXP LT35X12.50-15 113Q 34.9,90000067168,https://images.wheelpros.com/m500/mMTBAJD.png,NW,0,388.00,0.00,04/26/2026 4:06:30 PM,10,0,0,0,0,0,0,0,0,0,0,0,0,0,0
Mickey Thompson Tire,MTT331083003,BAJ LGND EXP LT305/70-18 126Q 35.1,90000067192,https://images.wheelpros.com/m500/mMTBAJD.png,NW,0,532.00,0.00,04/26/2026 4:06:30 PM,10,0,0,0,0,0,0,0,0,0,0,0,0,0,0
Mickey Thompson Tire,MTT331100004,BAJ BOSS MT LT315/75-16 127Q 34.5,90000036633,https://images.wheelpros.com/m500/mMTBAJA.png,NW,0,458.00,0.00,04/26/2026 4:06:30 PM,10,0,0,0,0,0,0,0,0,0,0,0,0,0,0
Mickey Thompson Tire,MTT331102004,BAJ BOSS MT LT35X12.50-15 113Q 34.6,90000036631,https://images.wheelpros.com/m500/mMTBAJA.png,NW,0,447.00,0.00,04/26/2026 4:06:30 PM,10,0,0,0,0,0,0,0,0,0,0,0,0,0,0
Mickey Thompson Tire,MTT331103004,BAJ BOSS MT LT35X13.50-20 126Q 34.6,90000033770,https://images.wheelpros.com/m500/mMTBAJA.png,NW,0,713.00,0.00,04/26/2026 4:06:30 PM,10,0,0,0,0,0,0,0,0,0,0,0,0,0,0
Mickey Thompson Tire,MTT331104004,BAJ BOSS MT LT35X12.50-20 125Q 34.7,90000033659,https://images.wheelpros.com/m500/mMTBAJA.png,NW,0,596.00,0.00,04/26/2026 4:06:30 PM,10,0,0,0,0,0,0,0,0,0,0,0,0,0,0
Mickey Thompson Tire,MTT331106004,BAJ BOSS MT LT35X12.50-18 118Q 34.8,90000033656,https://images.wheelpros.com/m500/mMTBAJA.png,NW,0,598.00,0.00,04/26/2026 4:06:30 PM,10,0,0,0,0,0,0,0,0,0,0,0,0,0,0
Mickey Thompson Tire,MTT331107004,BAJ BOSS MT LT35X12.50-22 121Q 34.8,90000033774,https://images.wheelpros.com/m500/mMTBAJA.png,NW,0,689.00,0.00,04/26/2026 4:06:30 PM,10,0,0,0,0,0,0,0,0,0,0,0,0,0,0
Mickey Thompson Tire,MTT331109004,BAJ BOSS MT LT325/50R22 127Q 35.1,90000033775,https://images.wheelpros.com/m500/mMTBAJA.png,ST,0,772.00,0.00,04/26/2026 4:06:30 PM,10,0,0,0,0,0,0,0,0,0,0,0,0,0,0
Mickey Thompson Tire,MTT331135011,BAJ LGND MTZ LT315/75-16 127Q 34.5,90000057345,https://images.wheelpros.com/m500/mMTBAJE.png,NW,0,436.00,0.00,04/26/2026 4:06:30 PM,10,0,0,0,0,0,0,0,0,0,0,0,0,0,0
Mickey Thompson Tire,MTT331137011,BAJ LGND MTZ LT35X12.50-15 113Q 34.6,90000057341,https://images.wheelpros.com/m500/mMTBAJE.png,NW,0,409.00,0.00,04/26/2026 4:06:30 PM,10,0,0,0,0,0,0,0,0,0,0,0,0,0,0
Mickey Thompson Tire,MTT331140005,BAJ LGND MTZ LT35X12.50-20 125Q 34.7,90000057367,https://images.wheelpros.com/m500/mMTBAJE.png,NW,0,567.00,0.00,04/26/2026 4:06:30 PM,10,0,0,0,0,0,0,0,0,0,0,0,0,0,0
Mickey Thompson Tire,MTT331141005,BAJ LGND MTZ LT35X12.50-17 119Q 34.8,90000057350,https://images.wheelpros.com/m500/mMTBAJE.png,NW,0,500.00,0.00,04/26/2026 4:06:30 PM,10,0,0,0,0,0,0,0,0,0,0,0,0,0,0
Mickey Thompson Tire,MTT331142005,BAJ LGND MTZ LT35X12.50-18 118Q 34.8,90000057358,https://images.wheelpros.com/m500/mMTBAJE.png,NW,0,553.00,0.00,04/26/2026 4:06:30 PM,10,0,0,0,0,0,0,0,0,0,0,0,0,0,0
Mickey Thompson Tire,MTT331143011,BAJ LGND MTZ LT305/70-18 126Q 35.1,90000057359,https://images.wheelpros.com/m500/mMTBAJE.png,NW,0,517.00,0.00,04/26/2026 4:06:30 PM,10,0,0,0,0,0,0,0,0,0,0,0,0,0,0
Mickey Thompson Tire,MTT331144002,BAJ LGND EXP LT295/65-20 129Q 35.4,90000067203,https://images.wheelpros.com/m500/mMTBAJD.png,NW,0,535.00,0.00,04/26/2026 4:06:30 PM,10,0,0,0,0,0,0,0,0,0,0,0,0,0,0
Mickey Thompson Tire,MTT331144005,BAJ LGND MTZ 295/65R20 129/126Q 35.4,90000057366,https://images.wheelpros.com/m500/mMTBAJE.png,ST,0,610.00,0.00,04/26/2026 4:06:30 PM,10,0,0,0,0,0,0,0,0,0,0,0,0,0,0
Mickey Thompson Tire,MTT331250001,BAJ BOSS AT LT35X15.50R24 117Q 34.7,90000039595,https://images.wheelpros.com/m500/mMTBAJB.png,ST,0,911.00,0.00,04/26/2026 4:06:30 PM,10,0,0,0,0,0,0,0,0,0,0,0,0,0,0
Mickey Thompson Tire,MTT331253018,PRO XS 35X13.50-17LT C 34.7,250096,https://images.wheelpros.com/m500/mTIRE.png,ST,0,839.00,0.00,04/26/2026 4:06:30 PM,10,0,0,0,0,0,0,0,0,0,0,0,0,0,0
Mickey Thompson Tire,MTT331271019,PRO X 35X10.0-14 34.5,250114,https://images.wheelpros.com/m500/mTIRE.png,ST,0,648.00,0.00,04/26/2026 4:06:30 PM,20,0,0,0,0,0,0,0,0,0,0,0,0,0,0
Mickey Thompson Tire,MTT331277013,BOSS XS 35X12.50R17LT 111Q 34.76,261886,https://images.wheelpros.com/m500/mTIRE.png,ST,0,658.00,0.00,04/26/2026 4:06:30 PM,10,0,0,0,0,0,0,0,0,0,0,0,0,0,0
Mickey Thompson Tire,MTT331278011,BAJA LEGEND MTZ 315/70R17LT 121Q 34.57,272498,,N2,0,477.00,0.00,04/26/2026 4:06:30 PM,10,0,0,0,0,0,0,0,0,0,0,0,0,0,0
Mickey Thompson Tire,MTT331301002,BAJ LGND EXP 35X12.50R20LT 125Q 34.76,90000119684,https://images.wheelpros.com/m500/mTIRE.png,ST,0,510.00,0.00,04/26/2026 4:06:30 PM,10,0,0,0,0,0,0,0,0,0,0,0,0,0,0
Mickey Thompson Tire,MTT331303003,BAJ LGND EXP 35X12.50R17LT 119Q 34.53,90000120115,https://images.wheelpros.com/m500/mTIRE.png,ST,0,448.00,0.00,04/26/2026 4:06:30 PM,10,0,0,0,0,0,0,0,0,0,0,0,0,0,0
Mickey Thompson Tire,MTT331304003,BAJ LGND EXP LT315/70R17 121/118Q 34.61,90000120120,https://images.wheelpros.com/m500/mTIRE.png,ST,0,439.00,0.00,04/26/2026 4:06:30 PM,10,0,0,0,0,0,0,0,0,0,0,0,0,0,0
Mickey Thompson Tire,MTT331309004,BAJ BOSS MT 35X12.50R17LT 119Q 34.76,90000119973,https://images.wheelpros.com/m500/mTIRE.png,ST,0,543.00,0.00,04/26/2026 4:06:30 PM,10,0,0,0,0,0,0,0,0,0,0,0,0,0,0
Mickey Thompson Tire,MTT331311004,BAJ BOSS MT LT315/70R17 121/118Q 34.57,90000119974,https://images.wheelpros.com/m500/mTIRE.png,ST,0,519.00,0.00,04/26/2026 4:06:30 PM,10,0,0,0,0,0,0,0,0,0,0,0,0,0,0
Mickey Thompson Tire,MTT365022011,ET DRAG 35.0/15.0-16 35.2,90000001930,https://images.wheelpros.com/m500/mMTETTA.png,ST,0,850.00,0.00,04/26/2026 4:06:30 PM,10,0,0,0,0,0,0,0,0,0,0,0,0,0,0
Mickey Thompson Tire,MTT365035011,ET DRAG 35.0/15.0-16 35.2,90000036981,https://images.wheelpros.com/m500/mMTETTA.png,ST,0,850.00,0.00,04/26/2026 4:06:30 PM,10,0,0,0,0,0,0,0,0,0,0,0,0,0,0
Mickey Thompson Tire,MTT365106011,ET DRAG 34.0/13.5-16 34.5,90000021546,https://images.wheelpros.com/m500/mMTETTA.png,ST,0,753.00,0.00,04/26/2026 4:06:30 PM,10,0,0,0,0,0,0,0,0,0,0,0,0,0,0
Mickey Thompson Tire,MTT365107011,ET DRAG 34.0/13.5-16 34.5,90000001562,https://images.wheelpros.com/m500/mMTETTA.png,ST,0,753.00,0.00,04/26/2026 4:06:30 PM,10,0,0,0,0,0,0,0,0,0,0,0,0,0,0
Mickey Thompson Tire,MTT90000001562,ET DRAG 34.0/13.5-16 34.5,90000001562,https://images.wheelpros.com/m500/mMTETTA.png,ST,0,669.00,669.17,04/26/2026 4:06:30 PM,10,0,0,0,0,0,0,0,0,0,0,0,0,0,0
Mickey Thompson Tire,MTT90000001930,ET DRAG 35.0/15.0-16 35.2,90000001930,https://images.wheelpros.com/m500/mMTETTA.png,ST,8,782.00,782.02,04/26/2026 4:06:30 PM,10,0,0,0,4,0,0,0,0,0,0,0,0,4,0
Mickey Thompson Tire,MTT90000021546,ET DRAG 34.0/13.5-16 34.5,90000021546,https://images.wheelpros.com/m500/mMTETTA.png,ST,0,656.00,656.47,04/26/2026 4:06:30 PM,10,0,0,0,0,0,0,0,0,0,0,0,0,0,0
Mickey Thompson Tire,MTT90000033652,35X12.50R17LT 119Q BAJABOSS MT 35125017,90000033652,https://images.wheelpros.com/m500/mMTBAJA.png,N2,0,540.00,0.00,04/26/2026 4:06:30 PM,10,0,0,0,0,0,0,0,0,0,0,0,0,0,0
Mickey Thompson Tire,MTT90000033653,LT315/70R17 121/118Q BAJABOSS MT 3157017,90000033653,https://images.wheelpros.com/m500/mMTBAJA.png,N2,1,525.00,0.00,04/26/2026 4:06:30 PM,10,0,0,0,0,0,0,0,0,0,0,0,0,0,1
Mickey Thompson Tire,MTT90000033656,BAJ BOSS MT LT35X12.50-18 118Q 34.8,90000033656,https://images.wheelpros.com/m500/mMTBAJA.png,NW,28,621.00,659.82,04/26/2026 4:06:30 PM,10,0,0,16,0,8,0,0,0,0,0,0,0,4,0
Mickey Thompson Tire,MTT90000033659,BAJ BOSS MT LT35X12.50-20 125Q 34.7,90000033659,https://images.wheelpros.com/m500/mMTBAJA.png,NW,61,692.00,735.15,04/26/2026 4:06:30 PM,10,16,3,0,2,16,13,2,5,0,0,0,0,0,4
Mickey Thompson Tire,MTT90000033770,BAJ BOSS MT LT35X13.50-20 126Q 34.6,90000033770,https://images.wheelpros.com/m500/mMTBAJA.png,NW,1,727.00,772.82,04/26/2026 4:06:30 PM,10,0,0,0,0,0,0,0,0,0,0,0,0,1,0
Mickey Thompson Tire,MTT90000033774,BAJ BOSS MT LT35X12.50-22 121Q 34.8,90000033774,https://images.wheelpros.com/m500/mMTBAJA.png,NW,18,790.00,839.78,04/26/2026 4:06:30 PM,10,0,4,0,6,4,0,4,0,0,0,0,0,0,0
Mickey Thompson Tire,MTT90000033775,BAJ BOSS MT LT325/50R22 127Q 35.1,90000033775,https://images.wheelpros.com/m500/mMTBAJA.png,ST,0,826.00,877.44,04/26/2026 4:06:30 PM,10,0,0,0,0,0,0,0,0,0,0,0,0,0,0
Mickey Thompson Tire,MTT90000036631,BAJ BOSS MT LT35X12.50-15 113Q 34.6,90000036631,https://images.wheelpros.com/m500/mMTBAJA.png,NW,7,460.00,488.24,04/26/2026 4:06:30 PM,10,0,4,0,0,3,0,0,0,0,0,0,0,0,0
Mickey Thompson Tire,MTT90000036633,BAJ BOSS MT LT315/75-16 127Q 34.5,90000036633,https://images.wheelpros.com/m500/mMTBAJA.png,NW,22,482.00,511.95,04/26/2026 4:06:30 PM,10,0,2,0,0,16,0,0,0,0,0,0,0,4,0
Mickey Thompson Tire,MTT90000036821,BAJ BOSS AT LT255/85-17 121Q 34.6,90000036821,https://images.wheelpros.com/m500/mMTBAJB.png,NW,22,508.00,521.58,04/26/2026 4:06:30 PM,10,0,0,1,5,16,0,0,0,0,0,0,0,0,0
Mickey Thompson Tire,MTT90000036830,BAJ BOSS AT LT295/70-18 129Q 34.5,90000036830,https://images.wheelpros.com/m500/mMTBAJB.png,NW,3,538.00,571.94,04/26/2026 4:06:30 PM,10,1,0,0,0,2,0,0,0,0,0,0,0,0,0
Mickey Thompson Tire,MTT90000036831,BAJ BOSS AT LT35X12.50-18 118Q 34.6,90000036831,https://images.wheelpros.com/m500/mMTBAJB.png,NW,94,598.00,635.83,04/26/2026 4:06:30 PM,10,5,12,16,7,16,15,16,3,0,0,0,0,4,0
Mickey Thompson Tire,MTT90000036832,BAJ BOSS AT LT305/70-18 126Q 35.3,90000036832,https://images.wheelpros.com/m500/mMTBAJB.png,NW,24,624.00,662.89,04/26/2026 4:06:30 PM,10,0,9,4,0,3,0,0,0,0,0,0,0,8,0
Mickey Thompson Tire,MTT90000036840,BAJ BOSS AT LT275/65-20 126Q 34.5,90000036840,https://images.wheelpros.com/m500/mMTBAJB.png,NW,79,581.00,616.99,04/26/2026 4:06:30 PM,10,0,9,8,0,16,12,16,0,0,0,0,0,11,7
Mickey Thompson Tire,MTT90000036842,BAJ BOSS AT LT35X12.50-20 125Q 34.7,90000036842,https://images.wheelpros.com/m500/mMTBAJB.png,NW,75,669.00,710.32,04/26/2026 4:06:30 PM,10,1,16,1,16,16,5,4,0,0,0,0,0,16,0
Mickey Thompson Tire,MTT90000036844,BAJ BOSS AT LT35X15.50-20 127Q 34.6,90000036844,https://images.wheelpros.com/m500/mMTBAJB.png,NW,0,713.00,757.75,04/26/2026 4:06:30 PM,10,0,0,0,0,0,0,0,0,0,0,0,0,0,0
Mickey Thompson Tire,MTT90000036848,BAJ BOSS AT LT35X12.50-22 121Q 34.9,90000036848,https://images.wheelpros.com/m500/mMTBAJB.png,NW,106,822.00,873.12,04/26/2026 4:06:30 PM,10,15,16,16,4,15,8,10,0,0,0,0,0,8,14
Mickey Thompson Tire,MTT90000036849,BAJ BOSS AT LT325/50-22 127Q 35,90000036849,https://images.wheelpros.com/m500/mMTBAJB.png,NW,15,800.00,849.54,04/26/2026 4:06:30 PM,10,0,0,0,0,0,0,0,0,0,0,0,0,15,0
Mickey Thompson Tire,MTT90000036850,BAJ BOSS AT LT35X15.50-22 123Q 34.7,90000036850,https://images.wheelpros.com/m500/mMTBAJB.png,NW,14,849.00,901.57,04/26/2026 4:06:30 PM,10,2,8,0,0,4,0,0,0,0,0,0,0,0,0
Mickey Thompson Tire,MTT90000036981,ET DRAG 35.0/15.0-16 35.2,90000036981,https://images.wheelpros.com/m500/mMTETTA.png,ST,0,782.00,782.02,04/26/2026 4:06:30 PM,10,0,0,0,0,0,0,0,0,0,0,0,0,0,0
Mickey Thompson Tire,MTT90000039593,BAJ BOSS AT LT285/65-20 127Q 34.6,90000039593,https://images.wheelpros.com/m500/mMTBAJB.png,NW,5,623.00,661.77,04/26/2026 4:06:30 PM,10,0,0,0,0,0,0,0,0,0,0,0,0,0,5
Mickey Thompson Tire,MTT90000039594,BAJ BOSS AT LT285/55-22 124Q 34.6,90000039594,https://images.wheelpros.com/m500/mMTBAJB.png,NW,24,745.00,791.23,04/26/2026 4:06:30 PM,10,2,12,0,0,8,0,0,0,0,0,0,0,0,2
Mickey Thompson Tire,MTT90000039595,BAJ BOSS AT LT35X15.50R24 117Q 34.7,90000039595,https://images.wheelpros.com/m500/mMTBAJB.png,ST,8,922.00,979.83,04/26/2026 4:06:30 PM,10,0,0,0,0,0,0,0,4,0,0,0,0,4,0
Mickey Thompson Tire,MTT90000057341,BAJ LGND MTZ LT35X12.50-15 113Q 34.6,90000057341,https://images.wheelpros.com/m500/mMTBAJE.png,NW,3,423.00,449.18,04/26/2026 4:06:30 PM,10,0,3,0,0,0,0,0,0,0,0,0,0,0,0
Mickey Thompson Tire,MTT90000057345,BAJ LGND MTZ LT315/75-16 127Q 34.5,90000057345,https://images.wheelpros.com/m500/mMTBAJE.png,NW,2,443.00,470.94,04/26/2026 4:06:30 PM,10,0,2,0,0,0,0,0,0,0,0,0,0,0,0
Mickey Thompson Tire,MTT90000057350,BAJ LGND MTZ LT35X12.50-17 119Q 34.8,90000057350,https://images.wheelpros.com/m500/mMTBAJE.png,NW,0,506.00,537.76,04/26/2026 4:06:30 PM,10,0,0,0,0,0,0,0,0,0,0,0,0,0,0
Mickey Thompson Tire,MTT90000057351,LT315/70R17 121Q BAJA LEGEND MTZ 3157017,90000057351,https://images.wheelpros.com/m500/mMTBAJE.png,N2,0,477.00,0.00,04/26/2026 4:06:30 PM,10,0,0,0,0,0,0,0,0,0,0,0,0,0,0
Mickey Thompson Tire,MTT90000057358,BAJ LGND MTZ LT35X12.50-18 118Q 34.8,90000057358,https://images.wheelpros.com/m500/mMTBAJE.png,NW,5,571.00,607.09,04/26/2026 4:06:30 PM,10,0,0,0,0,0,0,0,0,0,0,0,0,5,0
Mickey Thompson Tire,MTT90000057359,BAJ LGND MTZ LT305/70-18 126Q 35.1,90000057359,https://images.wheelpros.com/m500/mMTBAJE.png,NW,0,529.00,562.17,04/26/2026 4:06:30 PM,10,0,0,0,0,0,0,0,0,0,0,0,0,0,0
Mickey Thompson Tire,MTT90000057366,BAJ LGND MTZ 295/65R20 129/126Q 35.4,90000057366,https://images.wheelpros.com/m500/mMTBAJE.png,ST,8,607.00,644.48,04/26/2026 4:06:30 PM,10,0,0,1,0,0,0,0,7,0,0,0,0,0,0
Mickey Thompson Tire,MTT90000057367,BAJ LGND MTZ LT35X12.50-20 125Q 34.7,90000057367,https://images.wheelpros.com/m500/mMTBAJE.png,NW,4,637.00,676.28,04/26/2026 4:06:30 PM,10,0,4,0,0,0,0,0,0,0,0,0,0,0,0
Mickey Thompson Tire,MTT90000067168,BAJ LGND EXP LT35X12.50-15 113Q 34.9,90000067168,https://images.wheelpros.com/m500/mMTBAJD.png,NW,2,410.00,435.23,04/26/2026 4:06:30 PM,10,0,0,0,2,0,0,0,0,0,0,0,0,0,0
Mickey Thompson Tire,MTT90000067174,BAJ LGND EXP LT315/75-16 127Q 34.8,90000067174,https://images.wheelpros.com/m500/mMTBAJD.png,NW,8,433.00,460.34,04/26/2026 4:06:30 PM,10,0,8,0,0,0,0,0,0,0,0,0,0,0,0
Mickey Thompson Tire,MTT90000067181,BAJ LGND EXP LT35X12.50-17 119Q 34.5,90000067181,https://images.wheelpros.com/m500/mMTBAJD.png,N2,1,433.00,0.00,04/26/2026 4:06:30 PM,10,1,0,0,0,0,0,0,0,0,0,0,0,0,0
Mickey Thompson Tire,MTT90000067192,BAJ LGND EXP LT305/70-18 126Q 35.1,90000067192,https://images.wheelpros.com/m500/mMTBAJD.png,NW,0,568.00,603.18,04/26/2026 4:06:30 PM,10,0,0,0,0,0,0,0,0,0,0,0,0,0,0
Mickey Thompson Tire,MTT90000067200,BAJ LGND EXP LT275/65-20 126Q 34.7,90000067200,https://images.wheelpros.com/m500/mMTBAJD.png,NW,30,528.00,561.47,04/26/2026 4:06:30 PM,10,0,4,1,0,16,0,0,9,0,0,0,0,0,0
Mickey Thompson Tire,MTT90000067203,BAJ LGND EXP LT295/65-20 129Q 35.4,90000067203,https://images.wheelpros.com/m500/mMTBAJD.png,NW,14,565.00,599.84,04/26/2026 4:06:30 PM,10,2,0,0,0,12,0,0,0,0,0,0,0,0,0
Mickey Thompson Tire,MTT90000067204,BAJ LGND EXP LT35X12.50-20 125Q 34.8,90000067204,https://images.wheelpros.com/m500/mMTBAJD.png,N2,0,545.00,0.00,04/26/2026 4:06:30 PM,10,0,0,0,0,0,0,0,0,0,0,0,0,0,0
Mickey Thompson Tire,MTT90000119684,BAJ LGND EXP 35X12.50R20LT 125Q 34.76,90000119684,https://images.wheelpros.com/m500/mTIRE.png,ST,0,608.00,646.43,04/26/2026 4:06:30 PM,10,0,0,0,0,0,0,0,0,0,0,0,0,0,0
Mickey Thompson Tire,MTT90000119973,BAJ BOSS MT 35X12.50R17LT 119Q 34.76,90000119973,https://images.wheelpros.com/m500/mTIRE.png,ST,9,550.00,584.49,04/26/2026 4:06:30 PM,10,0,5,0,0,0,0,0,0,0,0,0,0,4,0
Mickey Thompson Tire,MTT90000119974,BAJ BOSS MT LT315/70R17 121/118Q 34.57,90000119974,https://images.wheelpros.com/m500/mTIRE.png,ST,1,525.00,557.99,04/26/2026 4:06:30 PM,10,0,0,0,0,0,0,0,0,0,0,0,0,0,1
Mickey Thompson Tire,MTT90000120114,BAJ LGND MTZ LT315/70R17 121/118Q 34.57,90000120114,https://images.wheelpros.com/m500/mTIRE.png,ST,2,483.00,513.35,04/26/2026 4:06:30 PM,10,0,2,0,0,0,0,0,0,0,0,0,0,0,0
Mickey Thompson Tire,MTT90000120115,BAJ LGND EXP 35X12.50R17LT 119Q 34.53,90000120115,https://images.wheelpros.com/m500/mTIRE.png,ST,1,474.00,503.30,04/26/2026 4:06:30 PM,10,0,0,1,0,0,0,0,0,0,0,0,0,0,0
Mickey Thompson Tire,MTT90000120120,BAJ LGND EXP LT315/70R17 121/118Q 34.61,90000120120,https://images.wheelpros.com/m500/mTIRE.png,ST,1,464.00,492.70,04/26/2026 4:06:30 PM,10,0,0,0,0,1,0,0,0,0,0,0,0,0,0
EFX,MVR-35-95-15,MOTOVATOR R/T 35X9.5R15 R 35,MVR-35-95-15,https://images.wheelpros.com/m500/mEFMVR.png,N2,0,437.00,0.00,04/26/2026 4:06:30 PM,20,0,0,0,0,0,0,0,0,0,0,0,0,0,0
EFX,MY-35-10-15,MOTORALLY 35X10R15 785R 35,MY-35-10-15,https://assets.wheelpros.com/transform/0bc0e178-22a1-421f-82fd-5493dbe86336/EFX-MOTORALLY-MY-32-10-15-A1-png?size=500,ST,71,433.00,433.00,04/26/2026 4:06:30 PM,20,16,0,15,0,16,0,0,0,0,0,0,0,12,12
EFX,MY-35-10-18,MOTORALLY 35X10R18 740R 35,MY-35-10-18,https://assets.wheelpros.com/transform/0bc0e178-22a1-421f-82fd-5493dbe86336/EFX-MOTORALLY-MY-32-10-15-A1-png?size=500,ST,22,388.00,388.00,04/26/2026 4:06:30 PM,20,16,0,4,0,2,0,0,0,0,0,0,0,0,0
EFX,MY-35-10-22,MOTORALLY 35X10R22 660R 35,MY-35-10-22,https://assets.wheelpros.com/transform/0bc0e178-22a1-421f-82fd-5493dbe86336/EFX-MOTORALLY-MY-32-10-15-A1-png?size=500,ST,4,383.00,383.00,04/26/2026 4:06:30 PM,20,0,0,0,0,4,0,0,0,0,0,0,0,0,0
Nitto,N200-550,MUD GRAP 35x12.50R18LT 123Q E 35,200550,https://assets.wheelpros.com/transform/df3d2054-4ece-4cf2-a7e1-a0dee19a6269/Nitto-Mud-Grappler_Standard-png?size=500,ST,8,668.00,0.00,04/26/2026 4:06:30 PM,10,8,0,0,0,0,0,0,0,0,0,0,0,0,0
Nitto,N200-570,MUD GRAP 35x12.50R20LT 121Q E 35,200570,https://assets.wheelpros.com/transform/df3d2054-4ece-4cf2-a7e1-a0dee19a6269/Nitto-Mud-Grappler_Standard-png?size=500,ST,72,749.00,0.00,04/26/2026 4:06:30 PM,10,0,16,16,2,8,2,0,4,0,0,0,0,8,16
Nitto,N200-580,MUD GRAP 35x14.50R15LT 116Q C 34.8,200580,https://assets.wheelpros.com/transform/df3d2054-4ece-4cf2-a7e1-a0dee19a6269/Nitto-Mud-Grappler_Standard-png?size=500,ST,4,627.00,0.00,04/26/2026 4:06:30 PM,10,0,0,0,0,0,0,0,0,0,0,0,0,4,0
Nitto,N200-670,MUD GRAP 35x12.50R17LT 125P E 34.8,200670,https://assets.wheelpros.com/transform/df3d2054-4ece-4cf2-a7e1-a0dee19a6269/Nitto-Mud-Grappler_Standard-png?size=500,ST,15,615.00,0.00,04/26/2026 4:06:30 PM,10,0,8,4,0,0,0,0,0,0,0,0,0,3,0
Nitto,N201-050,MUD GRAP LT315/75R16 127/124P E 34.9,201050,https://assets.wheelpros.com/transform/df3d2054-4ece-4cf2-a7e1-a0dee19a6269/Nitto-Mud-Grappler_Standard-png?size=500,ST,0,546.00,0.00,04/26/2026 4:06:30 PM,10,0,0,0,0,0,0,0,0,0,0,0,0,0,0
Nitto,N201-330,EXO GRAP AWT LT285/65R20 127/124Q E 34.8,201330,https://assets.wheelpros.com/transform/e651b3c0-5638-4f6f-9e04-15e666610152/Nitto-ExoGrappler_Standard-png?size=500,ST,1,570.00,0.00,04/26/2026 4:06:30 PM,10,0,0,0,0,0,0,0,0,0,0,0,0,0,1
Nitto,N201-400,EXO GRAP AWT 35x11.50R20LT 124Q E 34.7,201400,https://assets.wheelpros.com/transform/e651b3c0-5638-4f6f-9e04-15e666610152/Nitto-ExoGrappler_Standard-png?size=500,ST,12,670.00,0.00,04/26/2026 4:06:30 PM,10,0,0,0,0,0,0,0,0,0,0,0,0,12,0
Nitto,N202-860,NTGDT LT325/60R20 121R 35.08,202860,https://images.wheelpros.com/m500/mNTGDT.png,N2,1,603.00,0.00,04/26/2026 4:06:30 PM,10,0,0,0,0,0,0,0,0,0,0,0,0,0,1
Nitto,N205-380,DURA GRAP LT305/70R18 126/123R E 35.2,205380,https://assets.wheelpros.com/transform/6e9d4bbd-13b6-4ab4-91ec-e1b6f164d0c1/Nitto-Dura-Grappler_Standard-png?size=500,ST,0,551.00,0.00,04/26/2026 4:06:30 PM,10,0,0,0,0,0,0,0,0,0,0,0,0,0,0
Nitto,N205-530,TRAIL GRAP 35x11.50R18LT 127Q E 34.7,205530,https://assets.wheelpros.com/transform/884b5afc-14aa-40c4-9f6e-937bbe0c9d2e/NITTO-TRAIL-GRAPPLER-MT_STANDARD-png?size=500,ST,3,652.00,0.00,04/26/2026 4:06:30 PM,10,0,0,0,0,0,0,3,0,0,0,0,0,0,0
Nitto,N205-540,TRAIL GRAP 35x11.50R20LT 124Q E 34.7,205540,https://assets.wheelpros.com/transform/884b5afc-14aa-40c4-9f6e-937bbe0c9d2e/NITTO-TRAIL-GRAPPLER-MT_STANDARD-png?size=500,ST,3,721.00,0.00,04/26/2026 4:06:30 PM,10,1,2,0,0,0,0,0,0,0,0,0,0,0,0
Nitto,N205-610,TRAIL GRAP 35x12.50R22LT 117Q E 34.7,205610,https://assets.wheelpros.com/transform/884b5afc-14aa-40c4-9f6e-937bbe0c9d2e/NITTO-TRAIL-GRAPPLER-MT_STANDARD-png?size=500,ST,4,870.00,0.00,04/26/2026 4:06:30 PM,10,0,4,0,0,0,0,0,0,0,0,0,0,0,0
Nitto,N205-700,TRAIL GRAP 35x12.50R18LT 123Q E 35,205700,https://assets.wheelpros.com/transform/884b5afc-14aa-40c4-9f6e-937bbe0c9d2e/NITTO-TRAIL-GRAPPLER-MT_STANDARD-png?size=500,ST,29,673.00,0.00,04/26/2026 4:06:30 PM,10,0,6,0,0,4,0,4,0,0,0,0,0,15,0
Nitto,N205-720,TRAIL GRAP 35x12.50R20LT 121Q E 35,205720,https://assets.wheelpros.com/transform/884b5afc-14aa-40c4-9f6e-937bbe0c9d2e/NITTO-TRAIL-GRAPPLER-MT_STANDARD-png?size=500,ST,101,753.00,0.00,04/26/2026 4:06:30 PM,10,8,16,16,4,7,16,6,4,0,0,0,0,16,8
Nitto,N205-730,TRAIL GRAP 35x12.50R17LT 121Q E 34.8,205730,https://assets.wheelpros.com/transform/884b5afc-14aa-40c4-9f6e-937bbe0c9d2e/NITTO-TRAIL-GRAPPLER-MT_STANDARD-png?size=500,ST,81,608.00,0.00,04/26/2026 4:06:30 PM,10,16,11,16,2,8,2,16,8,0,0,0,0,2,0
Nitto,N205-780,TRAIL GRAP LT295/70R18 129/126Q E 34.5,205780,https://assets.wheelpros.com/transform/884b5afc-14aa-40c4-9f6e-937bbe0c9d2e/NITTO-TRAIL-GRAPPLER-MT_STANDARD-png?size=500,ST,23,650.00,0.00,04/26/2026 4:06:30 PM,10,11,0,0,0,4,0,0,0,0,0,0,0,8,0
Nitto,N205-790,TRAIL GRAP LT295/65R20 129/126Q E 35.4,205790,https://assets.wheelpros.com/transform/884b5afc-14aa-40c4-9f6e-937bbe0c9d2e/NITTO-TRAIL-GRAPPLER-MT_STANDARD-png?size=500,ST,3,700.00,0.00,04/26/2026 4:06:30 PM,10,0,0,0,0,0,0,0,0,0,0,0,0,3,0
Nitto,N205-830,TRAIL GRAP LT325/50R22 122Q E 34.9,205830,https://assets.wheelpros.com/transform/884b5afc-14aa-40c4-9f6e-937bbe0c9d2e/NITTO-TRAIL-GRAPPLER-MT_STANDARD-png?size=500,ST,16,934.00,0.00,04/26/2026 4:06:30 PM,10,0,4,0,0,0,0,4,0,0,0,0,0,7,1
Nitto,N205-900,TRAIL GRAP LT285/55R22 124/121Q E 34.5,205900,https://assets.wheelpros.com/transform/884b5afc-14aa-40c4-9f6e-937bbe0c9d2e/NITTO-TRAIL-GRAPPLER-MT_STANDARD-png?size=500,ST,18,836.00,0.00,04/26/2026 4:06:30 PM,10,10,0,0,0,0,0,0,0,0,0,0,0,4,4
Nitto,N205-920,TRAIL GRAP LT315/75R16 127/124Q E 34.8,205920,https://assets.wheelpros.com/transform/884b5afc-14aa-40c4-9f6e-937bbe0c9d2e/NITTO-TRAIL-GRAPPLER-MT_STANDARD-png?size=500,ST,14,550.00,0.00,04/26/2026 4:06:30 PM,10,12,0,2,0,0,0,0,0,0,0,0,0,0,0
Nitto,N205-940,TRAIL GRAP LT315/70R17 121/118Q D 34.6,205940,https://assets.wheelpros.com/transform/884b5afc-14aa-40c4-9f6e-937bbe0c9d2e/NITTO-TRAIL-GRAPPLER-MT_STANDARD-png?size=500,ST,2,603.00,0.00,04/26/2026 4:06:30 PM,10,0,0,0,0,0,0,0,0,0,0,0,0,0,2
Nitto,N206-840,TRAIL GRAP LT285/75R18 129/126Q E 35,206840,https://assets.wheelpros.com/transform/884b5afc-14aa-40c4-9f6e-937bbe0c9d2e/NITTO-TRAIL-GRAPPLER-MT_STANDARD-png?size=500,ST,9,593.00,0.00,04/26/2026 4:06:30 PM,10,9,0,0,0,0,0,0,0,0,0,0,0,0,0
Nitto,N206-880,EXO GRAP AWT 35x12.50R20LT 121Q E 34.7,206880,https://assets.wheelpros.com/transform/e651b3c0-5638-4f6f-9e04-15e666610152/Nitto-ExoGrappler_Standard-png?size=500,ST,4,691.00,0.00,04/26/2026 4:06:30 PM,10,0,0,0,0,0,0,0,0,0,0,0,0,4,0
Nitto,N206-900,EXO GRAP AWT 35x12.50R17LT 121Q E 34.7,206900,https://assets.wheelpros.com/transform/e651b3c0-5638-4f6f-9e04-15e666610152/Nitto-ExoGrappler_Standard-png?size=500,ST,16,610.00,0.00,04/26/2026 4:06:30 PM,10,0,0,0,0,0,0,0,0,0,0,0,0,16,0
Nitto,N206-920,EXO GRAP AWT 35x12.50R18LT 123Q E 34.7,206920,https://assets.wheelpros.com/transform/e651b3c0-5638-4f6f-9e04-15e666610152/Nitto-ExoGrappler_Standard-png?size=500,ST,16,635.00,0.00,04/26/2026 4:06:30 PM,10,0,0,0,0,0,0,0,0,0,0,0,0,16,0
Nitto,N216-190,TER GRAP AT 35X12.50-20 121R 34.5,216190,,SO,0,595.00,0.00,04/26/2026 4:06:30 PM,10,0,0,0,0,0,0,0,0,0,0,0,0,0,0
Nitto,N216-320,NTGA2 35X12.50R18LT 125/122R 34.5,216320,https://images.wheelpros.com/m500/mNTG2W.png,N2,3,551.00,0.00,04/26/2026 4:06:30 PM,10,0,0,0,0,0,0,0,0,0,0,0,0,0,3
Nitto,N216-420,NTGA2 35X12.50R17LT 121/118R 34.5,216420,https://images.wheelpros.com/m500/mNTG2W.png,N2,2,517.00,0.00,04/26/2026 4:06:30 PM,10,0,0,0,0,0,0,0,0,0,0,0,0,2,0
Nitto,N216-530,TER GRAP G2 285/65R20 127/124S 34.6,216530,https://images.wheelpros.com/m500/mNTGA2.png,ST,0,495.00,0.00,04/26/2026 4:06:30 PM,10,0,0,0,0,0,0,0,0,0,0,0,0,0,0
Nitto,N217-020,RIDGE GRAP 35x12.50R17LT 121Q E 34.7,217020,https://assets.wheelpros.com/transform/8cd67eb1-99b1-477c-b4b6-3c7d11774b70/Nitto-RidgeGrappler_Standard-png?size=500,ST,145,601.00,0.00,04/26/2026 4:06:30 PM,10,16,16,16,16,16,16,16,15,0,0,0,0,3,15
Nitto,N217-040,RIDGE GRAP 35x12.50R20LT 125Q F 34.7,217040,https://assets.wheelpros.com/transform/8cd67eb1-99b1-477c-b4b6-3c7d11774b70/Nitto-RidgeGrappler_Standard-png?size=500,ST,160,711.00,0.00,04/26/2026 4:06:30 PM,10,16,16,16,16,16,16,16,16,0,0,0,0,16,16
Nitto,N217-130,RIDGE GRAP 35x12.50R18LT 128Q F 34.7,217130,https://assets.wheelpros.com/transform/8cd67eb1-99b1-477c-b4b6-3c7d11774b70/Nitto-RidgeGrappler_Standard-png?size=500,ST,156,637.00,0.00,04/26/2026 4:06:30 PM,10,16,16,16,16,12,16,16,16,0,0,0,0,16,16
Nitto,N217-230,RIDGE GRAP LT295/65R20 129/126Q E 35.1,217230,https://assets.wheelpros.com/transform/8cd67eb1-99b1-477c-b4b6-3c7d11774b70/Nitto-RidgeGrappler_Standard-png?size=500,ST,109,602.00,0.00,04/26/2026 4:06:30 PM,10,16,8,16,0,15,14,8,0,0,0,0,0,16,16
Nitto,N217-240,RIDGE GRAP 35x13.50R20LT 126Q F 34.7,217240,https://assets.wheelpros.com/transform/8cd67eb1-99b1-477c-b4b6-3c7d11774b70/Nitto-RidgeGrappler_Standard-png?size=500,ST,2,745.00,0.00,04/26/2026 4:06:30 PM,10,0,0,0,0,0,0,0,0,0,0,0,0,2,0
Nitto,N217-250,RIDGE GRAP 35x12.50R22LT 121Q F 34.7,217250,https://assets.wheelpros.com/transform/8cd67eb1-99b1-477c-b4b6-3c7d11774b70/Nitto-RidgeGrappler_Standard-png?size=500,ST,152,831.00,0.00,04/26/2026 4:06:30 PM,10,16,16,16,16,16,8,16,16,0,0,0,0,16,16
Nitto,N217-290,RIDGE GRAP 35x11.50R20LT 124Q E 34.7,217290,https://assets.wheelpros.com/transform/8cd67eb1-99b1-477c-b4b6-3c7d11774b70/Nitto-RidgeGrappler_Standard-png?size=500,ST,128,676.00,0.00,04/26/2026 4:06:30 PM,10,16,12,16,16,16,4,16,3,0,0,0,0,16,13
Nitto,N217-350,RIDGE GRAP LT285/65R20 127/124Q E 34.8,217350,https://assets.wheelpros.com/transform/8cd67eb1-99b1-477c-b4b6-3c7d11774b70/Nitto-RidgeGrappler_Standard-png?size=500,ST,28,591.00,0.00,04/26/2026 4:06:30 PM,10,0,4,0,0,0,0,4,0,0,0,0,0,16,4
Nitto,N217-440,RIDGE GRAP LT325/60R20 126/123Q E 35.3,217440,https://assets.wheelpros.com/transform/8cd67eb1-99b1-477c-b4b6-3c7d11774b70/Nitto-RidgeGrappler_Standard-png?size=500,ST,18,732.00,0.00,04/26/2026 4:06:30 PM,10,0,8,0,0,0,0,0,0,0,0,0,0,10,0
Nitto,N217-500,RIDGE GRAP LT285/55R22 124/121Q E 34.6,217500,https://assets.wheelpros.com/transform/8cd67eb1-99b1-477c-b4b6-3c7d11774b70/Nitto-RidgeGrappler_Standard-png?size=500,ST,25,761.00,0.00,04/26/2026 4:06:30 PM,10,0,12,0,0,0,0,0,0,0,0,0,0,3,10
Nitto,N217-550,RIDGE GRAP LT325/65R18 127/124Q E 34.6,217550,https://assets.wheelpros.com/transform/8cd67eb1-99b1-477c-b4b6-3c7d11774b70/Nitto-RidgeGrappler_Standard-png?size=500,ST,4,626.00,0.00,04/26/2026 4:06:30 PM,10,0,4,0,0,0,0,0,0,0,0,0,0,0,0
Nitto,N217-560,RIDGE GRAP LT285/75R18 129/126Q E 35,217560,https://assets.wheelpros.com/transform/8cd67eb1-99b1-477c-b4b6-3c7d11774b70/Nitto-RidgeGrappler_Standard-png?size=500,ST,11,495.00,0.00,04/26/2026 4:06:30 PM,10,11,0,0,0,0,0,0,0,0,0,0,0,0,0
Nitto,N217-570,RIDGE GRAP LT325/50R22 127Q F 34.8,217570,https://assets.wheelpros.com/transform/8cd67eb1-99b1-477c-b4b6-3c7d11774b70/Nitto-RidgeGrappler_Standard-png?size=500,ST,23,895.00,0.00,04/26/2026 4:06:30 PM,10,0,11,0,0,0,0,0,0,0,0,0,0,12,0
Nitto,N217-870,RIDGE GRAP LT315/75R16 127/124Q E 34.5,217870,https://assets.wheelpros.com/transform/8cd67eb1-99b1-477c-b4b6-3c7d11774b70/Nitto-RidgeGrappler_Standard-png?size=500,ST,0,526.00,0.00,04/26/2026 4:06:30 PM,10,0,0,0,0,0,0,0,0,0,0,0,0,0,0
Nitto,N218-020,RECON GRAP 35x12.50R20LT 125R F 34.5,218020,https://assets.wheelpros.com/transform/7c1f1988-dde2-45f8-ad64-a49e2f341b40/ReconGrappler_Standard-png?size=500,ST,84,660.00,0.00,04/26/2026 4:06:30 PM,10,4,16,16,0,16,2,11,1,0,0,0,0,16,2
Nitto,N218-090,RECON GRAP 35x11.50R20LT 124R E 34.5,218090,https://assets.wheelpros.com/transform/7c1f1988-dde2-45f8-ad64-a49e2f341b40/ReconGrappler_Standard-png?size=500,ST,84,623.00,0.00,04/26/2026 4:06:30 PM,10,13,8,16,0,16,6,16,1,0,0,0,0,0,8
Nitto,N218-100,RECON GRAP 35x12.50R22LT 121R F 34.5,218100,https://assets.wheelpros.com/transform/7c1f1988-dde2-45f8-ad64-a49e2f341b40/ReconGrappler_Standard-png?size=500,ST,88,800.00,0.00,04/26/2026 4:06:30 PM,10,16,6,16,4,8,4,10,4,0,0,0,0,8,12
Nitto,N218-110,RECON GRAP 35x13.50R20LT 126R F 34.5,218110,https://assets.wheelpros.com/transform/7c1f1988-dde2-45f8-ad64-a49e2f341b40/ReconGrappler_Standard-png?size=500,ST,16,699.00,0.00,04/26/2026 4:06:30 PM,10,0,4,0,0,0,1,3,0,0,0,0,0,8,0
Nitto,N218-150,RECON GRAP 35x12.50R24LT 116R F 34.5,218150,https://assets.wheelpros.com/transform/7c1f1988-dde2-45f8-ad64-a49e2f341b40/ReconGrappler_Standard-png?size=500,ST,0,838.00,0.00,04/26/2026 4:06:30 PM,10,0,0,0,0,0,0,0,0,0,0,0,0,0,0
Nitto,N218-180,RECON GRAP LT285/65R20 127/124S E 34.5,218180,https://assets.wheelpros.com/transform/7c1f1988-dde2-45f8-ad64-a49e2f341b40/ReconGrappler_Standard-png?size=500,ST,28,535.00,0.00,04/26/2026 4:06:30 PM,10,0,12,0,0,0,0,0,0,0,0,0,0,12,4
Nitto,N218-210,RECON GRAP LT295/65R20 129/126S E 35.1,218210,https://assets.wheelpros.com/transform/7c1f1988-dde2-45f8-ad64-a49e2f341b40/ReconGrappler_Standard-png?size=500,ST,20,563.00,0.00,04/26/2026 4:06:30 PM,10,12,8,0,0,0,0,0,0,0,0,0,0,0,0
Nitto,N218-220,RECON GRAP LT325/60R20 126/123S E 35.3,218220,https://assets.wheelpros.com/transform/7c1f1988-dde2-45f8-ad64-a49e2f341b40/ReconGrappler_Standard-png?size=500,ST,19,680.00,0.00,04/26/2026 4:06:30 PM,10,6,4,0,0,0,1,0,0,0,0,0,0,8,0
Nitto,N218-290,RECON GRAP LT325/50R22 127S F 34.8,218290,https://assets.wheelpros.com/transform/7c1f1988-dde2-45f8-ad64-a49e2f341b40/ReconGrappler_Standard-png?size=500,ST,9,860.00,0.00,04/26/2026 4:06:30 PM,10,0,9,0,0,0,0,0,0,0,0,0,0,0,0
Nitto,N218-320,RECON GRAP LT315/60R20 125/122S E 34.8,218320,https://assets.wheelpros.com/transform/7c1f1988-dde2-45f8-ad64-a49e2f341b40/ReconGrappler_Standard-png?size=500,ST,8,625.00,0.00,04/26/2026 4:06:30 PM,10,0,0,0,0,0,0,0,0,0,0,0,0,4,4
Nitto,N218-350,RECON GRAP 315/45R24 116S SL 35.2,218350,https://assets.wheelpros.com/transform/7c1f1988-dde2-45f8-ad64-a49e2f341b40/ReconGrappler_Standard-png?size=500,ST,0,735.00,0.00,04/26/2026 4:06:30 PM,10,0,0,0,0,0,0,0,0,0,0,0,0,0,0
Nitto,N218-360,RECON GRAP 315/60R20 116S SL 34.8,218360,https://assets.wheelpros.com/transform/7c1f1988-dde2-45f8-ad64-a49e2f341b40/ReconGrappler_Standard-png?size=500,ST,0,580.00,0.00,04/26/2026 4:06:30 PM,10,0,0,0,0,0,0,0,0,0,0,0,0,0,0
Nitto,N218-370,RECON GRAP 305/55R22 116S SL 35.2,218370,https://assets.wheelpros.com/transform/7c1f1988-dde2-45f8-ad64-a49e2f341b40/ReconGrappler_Standard-png?size=500,ST,4,617.00,0.00,04/26/2026 4:06:30 PM,10,0,0,0,0,0,0,0,0,0,0,0,0,4,0
Nitto,N218-480,RIDGE GRAP LT295/55R22 125/122Q E 34.7,218480,https://assets.wheelpros.com/transform/8cd67eb1-99b1-477c-b4b6-3c7d11774b70/Nitto-RidgeGrappler_Standard-png?size=500,ST,2,807.00,0.00,04/26/2026 4:06:30 PM,10,0,0,0,0,0,0,0,0,0,0,0,0,0,2
Nitto,N218-530,RIDGE GRAP LT315/45R24 123/120Q F 35.2,218530,https://assets.wheelpros.com/transform/8cd67eb1-99b1-477c-b4b6-3c7d11774b70/Nitto-RidgeGrappler_Standard-png?size=500,ST,0,997.00,0.00,04/26/2026 4:06:30 PM,10,0,0,0,0,0,0,0,0,0,0,0,0,0,0
Nitto,N218-570,RECON GRAP 35x12.50R18LT 128R F 34.5,218570,https://assets.wheelpros.com/transform/7c1f1988-dde2-45f8-ad64-a49e2f341b40/ReconGrappler_Standard-png?size=500,ST,32,607.00,0.00,04/26/2026 4:06:30 PM,10,12,0,0,0,4,0,4,0,0,0,0,0,12,0
Nitto,N218-600,RECON GRAP LT285/75R18 129/126R E 34.8,218600,https://assets.wheelpros.com/transform/7c1f1988-dde2-45f8-ad64-a49e2f341b40/ReconGrappler_Standard-png?size=500,ST,0,484.00,0.00,04/26/2026 4:06:30 PM,10,0,0,0,0,0,0,0,0,0,0,0,0,0,0
Nitto,N218-630,RECON GRAP LT325/65R18 127/124R E 34.6,218630,https://assets.wheelpros.com/transform/7c1f1988-dde2-45f8-ad64-a49e2f341b40/ReconGrappler_Standard-png?size=500,ST,4,589.00,0.00,04/26/2026 4:06:30 PM,10,0,0,0,0,0,0,0,0,0,0,0,0,4,0
Nitto,N218-640,RECON GRAP 35x12.50R17LT 125R E 34.5,218640,https://assets.wheelpros.com/transform/7c1f1988-dde2-45f8-ad64-a49e2f341b40/ReconGrappler_Standard-png?size=500,ST,94,560.00,0.00,04/26/2026 4:06:30 PM,10,16,8,16,8,16,0,16,4,0,0,0,0,10,0
Nitto,N218-760,RECON GRAP LT305/70R18 120/117R D 34.8,218760,https://assets.wheelpros.com/transform/7c1f1988-dde2-45f8-ad64-a49e2f341b40/ReconGrappler_Standard-png?size=500,ST,4,561.00,0.00,04/26/2026 4:06:30 PM,10,0,0,0,0,0,0,0,0,0,0,0,0,4,0
Nitto,N218-780,RECON GRAP 35X11.50R17 118S 34.53,218780,https://images.wheelpros.com/m500/mNT3AG.png,ST,0,529.00,0.00,04/26/2026 4:06:30 PM,10,0,0,0,0,0,0,0,0,0,0,0,0,0,0
Nitto,N218-850,RIDGE GRAP 35x11.50R17LT 128Q E 34.7,218850,https://assets.wheelpros.com/transform/8cd67eb1-99b1-477c-b4b6-3c7d11774b70/Nitto-RidgeGrappler_Standard-png?size=500,ST,8,565.00,0.00,04/26/2026 4:06:30 PM,10,0,8,0,0,0,0,0,0,0,0,0,0,0,0
Nitto,N218-920,RECON GRAP LT315/75R16 127/124R E 34.5,218920,https://assets.wheelpros.com/transform/7c1f1988-dde2-45f8-ad64-a49e2f341b40/ReconGrappler_Standard-png?size=500,ST,0,509.00,468.00,04/26/2026 4:06:30 PM,10,0,0,0,0,0,0,0,0,0,0,0,0,0,0
Nitto,N218-950,RECON GRAP 35x11.50R16LT 125R D 34.5,218950,https://assets.wheelpros.com/transform/7c1f1988-dde2-45f8-ad64-a49e2f341b40/ReconGrappler_Standard-png?size=500,ST,0,480.00,0.00,04/26/2026 4:06:30 PM,10,0,0,0,0,0,0,0,0,0,0,0,0,0,0
Nitto,N219-090,RECON GRAP 35x11.50R17LT 118R 34.5,219090,https://assets.wheelpros.com/transform/7c1f1988-dde2-45f8-ad64-a49e2f341b40/ReconGrappler_Standard-png?size=500,NW,8,529.00,0.00,04/26/2026 4:06:30 PM,10,4,0,4,0,0,0,0,0,0,0,0,0,0,0
Nitto,N223-920,TER GRAP G3 LT295/65R20 E 129/126S 35.1,223920,,NW,11,538.00,0.00,04/26/2026 4:06:30 PM,10,8,0,0,0,0,0,0,0,0,0,0,0,3,0
Nitto,N374-080,TRAIL GRAP 35x11.50R17LT 118Q C 34.7,374080,https://assets.wheelpros.com/transform/884b5afc-14aa-40c4-9f6e-937bbe0c9d2e/NITTO-TRAIL-GRAPPLER-MT_STANDARD-png?size=500,ST,6,588.00,0.00,04/26/2026 4:06:30 PM,10,6,0,0,0,0,0,0,0,0,0,0,0,0,0
Nitto,N374-120,TRAIL GRAP 35x12.50R20LT 125Q F 34.7,374120,https://assets.wheelpros.com/transform/884b5afc-14aa-40c4-9f6e-937bbe0c9d2e/NITTO-TRAIL-GRAPPLER-MT_STANDARD-png?size=500,ST,11,764.00,0.00,04/26/2026 4:06:30 PM,10,0,0,0,0,0,0,0,0,0,0,0,0,11,0
Nitto,N374-140,TRAIL GRAP LT355/40R24 123Q F 35.4,374140,https://assets.wheelpros.com/transform/884b5afc-14aa-40c4-9f6e-937bbe0c9d2e/NITTO-TRAIL-GRAPPLER-MT_STANDARD-png?size=500,ST,0,1108.00,0.00,04/26/2026 4:06:30 PM,10,0,0,0,0,0,0,0,0,0,0,0,0,0,0
Fuel Tires,RFAT28565R20,GRIPPER AT 285/65R20 S 34.6,RFAT28565R20,https://assets.wheelpros.com/transform/987bba65-ead2-40b7-9313-3217dfd24996/FUEL-GRIPPER-AT_Standard-png?size=500,N2,3,408.00,0.00,04/26/2026 4:06:30 PM,10,0,0,0,0,0,0,0,0,0,0,0,0,1,2
Fuel Tires,RFAT30530R28,GRIPPER AT 305/30R28 116T 35.2,RFAT30530R28,https://assets.wheelpros.com/transform/987bba65-ead2-40b7-9313-3217dfd24996/FUEL-GRIPPER-AT_Standard-png?size=500,N2,0,1056.00,0.00,04/26/2026 4:06:30 PM,10,0,0,0,0,0,0,0,0,0,0,0,0,0,0
Fuel Tires,RFAT32550R22,GRIPPER AT 325/50R22 127S 34.8,RFAT32550R22,https://assets.wheelpros.com/transform/987bba65-ead2-40b7-9313-3217dfd24996/FUEL-GRIPPER-AT_Standard-png?size=500,N2,0,451.00,0.00,04/26/2026 4:06:30 PM,10,0,0,0,0,0,0,0,0,0,0,0,0,0,0
Fuel Tires,RFAT32560R20,GRIPPER AT 325/60R20 R 34.8,RFAT32560R20,https://assets.wheelpros.com/transform/987bba65-ead2-40b7-9313-3217dfd24996/FUEL-GRIPPER-AT_Standard-png?size=500,N2,1,419.00,0.00,04/26/2026 4:06:30 PM,10,0,0,0,0,0,0,0,0,0,0,0,0,0,1
Fuel Tires,RFAT351250R17,GRIPPER AT 35X12.50-17 121Q 34.8,RFAT351250R17,https://assets.wheelpros.com/transform/987bba65-ead2-40b7-9313-3217dfd24996/FUEL-GRIPPER-AT_Standard-png?size=500,N2,0,417.00,0.00,04/26/2026 4:06:30 PM,10,0,0,0,0,0,0,0,0,0,0,0,0,0,0
Fuel Tires,RFAT351250R20,GRIPPER AT LT35X12.50R20 121R 34.8,RFAT351250R20,https://assets.wheelpros.com/transform/987bba65-ead2-40b7-9313-3217dfd24996/FUEL-GRIPPER-AT_Standard-png?size=500,N2,1,419.00,0.00,04/26/2026 4:06:30 PM,10,0,0,0,0,0,0,0,0,0,0,0,0,1,0
Fuel Tires,RFNT34555R20,GRIPPER MT 345/55R20 126Q 34.8,RFNT34555R20,https://assets.wheelpros.com/transform/91b5b96b-c41a-4776-8401-e4a4f248ff1f/FUEL-GRIPPER-MT_Standard-png?size=500,N2,0,458.00,0.00,04/26/2026 4:06:30 PM,10,0,0,0,0,0,0,0,0,0,0,0,0,0,0
Fuel Tires,RFNT351250R17,GRIPPER MT 35X12.50-17 125Q 34.8,RFNT351250R17,https://assets.wheelpros.com/transform/91b5b96b-c41a-4776-8401-e4a4f248ff1f/FUEL-GRIPPER-MT_Standard-png?size=500,N2,0,411.00,0.00,04/26/2026 4:06:30 PM,10,0,0,0,0,0,0,0,0,0,0,0,0,0,0
Fuel Tires,RFNT351250R18,GRIPPER MT 35X12.50-18 123Q 34.8,RFNT351250R18,https://assets.wheelpros.com/transform/91b5b96b-c41a-4776-8401-e4a4f248ff1f/FUEL-GRIPPER-MT_Standard-png?size=500,N2,0,426.00,0.00,04/26/2026 4:06:30 PM,10,0,0,0,0,0,0,0,0,0,0,0,0,0,0
Fuel Tires,RFNT351250R20,GRIPPER MT 35X12.50-20 121Q 34.8,RFNT351250R20,https://assets.wheelpros.com/transform/91b5b96b-c41a-4776-8401-e4a4f248ff1f/FUEL-GRIPPER-MT_Standard-png?size=500,N2,0,424.00,0.00,04/26/2026 4:06:30 PM,10,0,0,0,0,0,0,0,0,0,0,0,0,0,0
Fuel Tires,RFNT351250R20XL,GRIPPER MT 35X12.50-20 125Q 34.8,RFNT351250R20XL,https://assets.wheelpros.com/transform/91b5b96b-c41a-4776-8401-e4a4f248ff1f/FUEL-GRIPPER-MT_Standard-png?size=500,N2,0,434.00,0.00,04/26/2026 4:06:30 PM,10,0,0,0,0,0,0,0,0,0,0,0,0,0,0
Fuel Tires,RFNT351250R22,GRIPPER MT 35X12.50-22 117Q 34.8,RFNT351250R22,https://assets.wheelpros.com/transform/91b5b96b-c41a-4776-8401-e4a4f248ff1f/FUEL-GRIPPER-MT_Standard-png?size=500,N2,1,494.00,0.00,04/26/2026 4:06:30 PM,10,0,0,0,0,0,0,0,0,0,0,0,0,1,0
Fuel Tires,RFNT351350R20,GRIPPER MT 35X13.50-20 126Q 34.8,,https://images.wheelpros.com/m500/mFGRNT.png,N2,0,432.00,0.00,04/26/2026 4:06:30 PM,10,0,0,0,0,0,0,0,0,0,0,0,0,0,0
Fuel Tires,RFNT351350R24,GRIPPER MT 35X13.50-24 118Q 34.7,RFNT351350R24,https://assets.wheelpros.com/transform/91b5b96b-c41a-4776-8401-e4a4f248ff1f/FUEL-GRIPPER-MT_Standard-png?size=500,N2,2,547.00,0.00,04/26/2026 4:06:30 PM,10,0,0,0,0,0,0,0,0,0,0,0,0,2,0
EFX,RFTR351000R15E,GRIPPER T/R/K UTV 35X10R15 N 34.6,RFTR351000R15E,https://images.wheelpros.com/m500/mFGRTT.png,ST,0,397.00,0.00,04/26/2026 4:06:30 PM,20,0,0,0,0,0,0,0,0,0,0,0,0,0,0
Fuel Tires,RFXT351250R20,GRIPPER XT 35X12.50-20 121Q 34.8,RFXT351250R20,https://assets.wheelpros.com/transform/142fe2ef-1295-47c6-a7ad-009f44e2ef3b/FUEL-GRIPPER-XT_Standard-png?size=500,N2,0,424.00,0.00,04/26/2026 4:06:30 PM,10,0,0,0,0,0,0,0,0,0,0,0,0,0,0
Fuel Tires,RFXT351250R20XL,GRIPPER XT 35X12.50-20 126Q 34.8,RFXT351250R20XL,https://assets.wheelpros.com/transform/142fe2ef-1295-47c6-a7ad-009f44e2ef3b/FUEL-GRIPPER-XT_Standard-png?size=500,N2,0,424.00,0.00,04/26/2026 4:06:30 PM,10,0,0,0,0,0,0,0,0,0,0,0,0,0,0
Fuel Tires,RFXT351250R22,GRIPPER XT 35X12.50-22 117Q 34.8,RFXT351250R22,https://assets.wheelpros.com/transform/142fe2ef-1295-47c6-a7ad-009f44e2ef3b/FUEL-GRIPPER-XT_Standard-png?size=500,N2,0,494.00,0.00,04/26/2026 4:06:30 PM,10,0,0,0,0,0,0,0,0,0,0,0,0,0,0
Fuel Tires,RFXT351250R22XL,GRIPPER XT 35X12.50-22 121Q 34.8,RFXT351250R22XL,https://assets.wheelpros.com/transform/142fe2ef-1295-47c6-a7ad-009f44e2ef3b/FUEL-GRIPPER-XT_Standard-png?size=500,N2,0,504.00,0.00,04/26/2026 4:06:30 PM,10,0,0,0,0,0,0,0,0,0,0,0,0,0,0
Fuel Tires,RSAT32550R22,GRIPPER AT 325/50R22 127S 34.8,RSAT32550R22,https://assets.wheelpros.com/transform/987bba65-ead2-40b7-9313-3217dfd24996/FUEL-GRIPPER-AT_Standard-png?size=500,N2,0,451.00,0.00,04/26/2026 4:06:30 PM,10,0,0,0,0,0,0,0,0,0,0,0,0,0,0
Fuel Tires,RSAT32560R20,GRIPPER AT 325/60R20 126/123R 34.8,RSAT32560R20,https://assets.wheelpros.com/transform/987bba65-ead2-40b7-9313-3217dfd24996/FUEL-GRIPPER-AT_Standard-png?size=500,N2,0,419.00,0.00,04/26/2026 4:06:30 PM,10,0,0,0,0,0,0,0,0,0,0,0,0,0,0
Fuel Tires,RSAT351250R20,GRIPPER A SNOW LT35X12.50-20 121R 34.8,,https://images.wheelpros.com/m500/mFGRAT.png,N2,0,419.00,0.00,04/26/2026 4:06:30 PM,10,0,0,0,0,0,0,0,0,0,0,0,0,0,0
Falken,F28840125,WDPEAK AT4W LT325/60R20 126/123S E 35.5,28840125,https://images.wheelpros.com/m500/mFTWPK4.png,ST,0,681.00,0.00,04/26/2026 4:06:30 PM,10,0,0,0,0,0,0,0,0,0,0,0,0,0,0
EFX,MS-35-95-24,MOTOSLAYER 35X9.5-24 79J 35,MS-35-95-24,https://assets.wheelpros.com/transform/d8f0c0a5-a940-4501-9a26-b023809b2a03/EFX-MOTOSLAYER-MS-30-95-18-A1-png?size=500,ST,12,384.00,384.00,04/26/2026 4:06:30 PM,20,0,0,0,0,12,0,0,0,0,0,0,0,0,0
Mickey Thompson Tire,MTT331145005,BAJ LGND MTZ LT36X15.50-20 126Q 36.4,90000057368,https://images.wheelpros.com/m500/mMTBAJE.png,NW,0,747.00,0.00,04/26/2026 4:06:30 PM,10,0,0,0,0,0,0,0,0,0,0,0,0,0,0
Mickey Thompson Tire,MTT331305002,BAJ LGND EXP 37X12.50R17LT 124Q 36.38,90000120116,https://images.wheelpros.com/m500/mTIRE.png,ST,0,527.00,0.00,04/26/2026 4:06:30 PM,10,0,0,0,0,0,0,0,0,0,0,0,0,0,0
Mickey Thompson Tire,MTT90000057368,BAJ LGND MTZ LT36X15.50-20 126Q 36.4,90000057368,https://images.wheelpros.com/m500/mMTBAJE.png,NW,5,767.00,814.67,04/26/2026 4:06:30 PM,10,0,0,0,5,0,0,0,0,0,0,0,0,0,0
Mickey Thompson Tire,MTT90000067183,37X12.50R17LT 124Q BAJA LEG EXP 37125017,90000067183,https://images.wheelpros.com/m500/mMTBAJD.png,N2,0,502.00,0.00,04/26/2026 4:06:30 PM,10,0,0,0,0,0,0,0,0,0,0,0,0,0,0
Mickey Thompson Tire,MTT90000120116,BAJ LGND EXP 37X12.50R17LT 124Q 36.38,90000120116,https://images.wheelpros.com/m500/mTIRE.png,ST,0,556.00,590.77,04/26/2026 4:06:30 PM,10,0,0,0,0,0,0,0,0,0,0,0,0,0,0
Nitto,N205-570,TRAIL GRAP LT325/60R20 126/123Q E 35.5,205570,https://assets.wheelpros.com/transform/884b5afc-14aa-40c4-9f6e-937bbe0c9d2e/NITTO-TRAIL-GRAPPLER-MT_STANDARD-png?size=500,ST,0,807.00,0.00,04/26/2026 4:06:30 PM,10,0,0,0,0,0,0,0,0,0,0,0,0,0,0
Nitto,N206-620,EXO GRAP AWT LT325/60R20 126/123Q E 35.5,206620,https://assets.wheelpros.com/transform/e651b3c0-5638-4f6f-9e04-15e666610152/Nitto-ExoGrappler_Standard-png?size=500,ST,0,749.00,0.00,04/26/2026 4:06:30 PM,10,0,0,0,0,0,0,0,0,0,0,0,0,0,0
Nitto,N217-590,RIDGE GRAP LT315/50R24 127/124Q F 36.4,217590,https://assets.wheelpros.com/transform/8cd67eb1-99b1-477c-b4b6-3c7d11774b70/Nitto-RidgeGrappler_Standard-png?size=500,ST,0,997.00,0.00,04/26/2026 4:06:30 PM,10,0,0,0,0,0,0,0,0,0,0,0,0,0,0
Nitto,N218-340,RECON GRAP LT315/50R24 127/124S F 36.4,218340,https://assets.wheelpros.com/transform/7c1f1988-dde2-45f8-ad64-a49e2f341b40/ReconGrappler_Standard-png?size=500,ST,1,916.00,0.00,04/26/2026 4:06:30 PM,10,0,0,0,0,0,0,0,0,0,0,0,0,0,1
Nitto,N218-930,RECON GRAP LT325/45R24 124R F 35.5,218930,https://assets.wheelpros.com/transform/7c1f1988-dde2-45f8-ad64-a49e2f341b40/ReconGrappler_Standard-png?size=500,ST,0,1000.00,929.00,04/26/2026 4:06:30 PM,10,0,0,0,0,0,0,0,0,0,0,0,0,0,0
Nitto,N374-010,TRAIL GRAP LT375/45R22 128Q F 35.5,374010,https://assets.wheelpros.com/transform/884b5afc-14aa-40c4-9f6e-937bbe0c9d2e/NITTO-TRAIL-GRAPPLER-MT_STANDARD-png?size=500,ST,0,1154.00,0.00,04/26/2026 4:06:30 PM,10,0,0,0,0,0,0,0,0,0,0,0,0,0,0
Nitto,N374-040,TRAIL GRAP LT375/40R24 126Q F 36,374040,https://assets.wheelpros.com/transform/884b5afc-14aa-40c4-9f6e-937bbe0c9d2e/NITTO-TRAIL-GRAPPLER-MT_STANDARD-png?size=500,ST,6,1235.00,0.00,04/26/2026 4:06:30 PM,10,0,6,0,0,0,0,0,0,0,0,0,0,0,0
Fuel Tires,RFNT361450R24,GRIPPER MT 36X14.50-24 126Q 35.76,,https://images.wheelpros.com/m500/mFGRNT.png,N2,7,706.00,0.00,04/26/2026 4:06:30 PM,10,0,0,0,0,0,0,0,4,0,0,0,0,0,3
BKT,000000000094004799,9.5-20 6PR BKT TR171 TT 3749520,,https://images.wheelpros.com/m500/mBTR171.png,N2,0,495.00,0.00,04/26/2026 4:06:30 PM,20,0,0,0,0,0,0,0,0,0,0,0,0,0,0
Avix,AVX-171800,TRAILTEK RT 37x12.50R17LT 128/Q E 36.8,AVX-171800,https://images.wheelpros.com/m500/mAVXTR.png,NW,124,399.00,440.00,04/26/2026 4:06:30 PM,10,16,12,16,16,16,16,16,16,0,0,0,0,0,0
Avix,AVX-201800,TRAILTEK RT 37x12.50R20LT 126/Q E 36.8,AVX-201800,https://images.wheelpros.com/m500/mAVXTR.png,NW,57,397.00,438.00,04/26/2026 4:06:30 PM,10,2,16,16,0,0,0,3,0,0,0,0,0,16,4
Falken,F28440922,WDPEAK LT37X13.50R18 124S 36.5,,https://images.wheelpros.com/m500/mFTWPK.png,N2,0,472.00,0.00,04/26/2026 4:06:30 PM,10,0,0,0,0,0,0,0,0,0,0,0,0,0,0
Falken,F28516921,WDPEAK MT LT37X12.50R17 124Q D 36.69,28516921,https://images.wheelpros.com/m500/mFWPMT.png,SO,0,670.00,0.00,04/26/2026 4:06:30 PM,10,0,0,0,0,0,0,0,0,0,0,0,0,0,0
Falken,F28516951,WDPEAK MT LT37X13.50R20 127Q E 36.73,28516951,https://images.wheelpros.com/m500/mFWPMT.png,SO,8,813.00,0.00,04/26/2026 4:06:30 PM,10,0,0,0,0,4,0,0,0,0,0,0,0,4,0
Falken,F28757264,WDPEAK RT LT37X12.50R17 128R E 36.8,28757264,https://images.wheelpros.com/m500/mFTWPK.png,SO,0,640.00,0.00,04/26/2026 4:06:30 PM,10,0,0,0,0,0,0,0,0,0,0,0,0,0,0
Falken,F28757416,WDPEAK RT LT37X13.50R22 128R F 36.8,28757416,https://images.wheelpros.com/m500/mFTWPK.png,SO,0,767.00,0.00,04/26/2026 4:06:30 PM,10,0,0,0,0,0,0,0,0,0,0,0,0,0,0
Falken,F28757464,WDPEAK RT LT37X13.50R18 128R E 36.8,28757464,https://images.wheelpros.com/m500/mFTWPK.png,SO,0,601.00,0.00,04/26/2026 4:06:30 PM,10,0,0,0,0,0,0,0,0,0,0,0,0,0,0
Falken,F28757506,WDPEAK RT LT37X13.50R17 128R E 36.8,28757506,https://images.wheelpros.com/m500/mFTWPK.png,SO,0,590.00,0.00,04/26/2026 4:06:30 PM,10,0,0,0,0,0,0,0,0,0,0,0,0,0,0
Falken,F28757655,WDPEAK RT LT37X12.50R22 127R F 36.8,28757655,https://images.wheelpros.com/m500/mFTWPK.png,SO,0,724.00,0.00,04/26/2026 4:06:30 PM,10,0,0,0,0,0,0,0,0,0,0,0,0,0,0
Falken,F28757676,WDPEAK RT LT37X12.50R18 128R E 36.8,28757676,https://images.wheelpros.com/m500/mFTWPK.png,SO,0,638.00,0.00,04/26/2026 4:06:30 PM,10,0,0,0,0,0,0,0,0,0,0,0,0,0,0
Falken,F28757697,WDPEAK RT LT37X12.50R20 126R E 36.8,28757697,https://images.wheelpros.com/m500/mFTWPK.png,SO,0,723.00,0.00,04/26/2026 4:06:30 PM,10,0,0,0,0,0,0,0,0,0,0,0,0,0,0
Falken,F28757732,WDPEAK RT LT37X13.50R20 127R E 36.8,28757732,https://images.wheelpros.com/m500/mFTWPK.png,SO,0,718.00,0.00,04/26/2026 4:06:30 PM,10,0,0,0,0,0,0,0,0,0,0,0,0,0,0
Falken,F28757915,WDPEAK RT LT37X11.50R20 128R E 36.8,28757915,https://images.wheelpros.com/m500/mFTWPK.png,SO,0,610.00,0.00,04/26/2026 4:06:30 PM,10,0,0,0,0,0,0,0,0,0,0,0,0,0,0
Falken,F28847341,WDPEAK AT4W LT37X12.50R17 128R E 37,28847341,https://images.wheelpros.com/m500/mFTWPK4.png,ST,40,559.00,0.00,04/26/2026 4:06:30 PM,10,0,0,0,12,0,0,0,0,0,0,0,0,16,12
Falken,F28847550,WDPEAK AT4W LT37X12.50R20 126R E 37,28847550,https://images.wheelpros.com/m500/mFTWPK4.png,ST,0,642.00,0.00,04/26/2026 4:06:30 PM,10,0,0,0,0,0,0,0,0,0,0,0,0,0,0
Falken,F28847632,WDPEAK AT4W LT37X12.50R22 127R F 37,28847632,https://images.wheelpros.com/m500/mFTWPK4.png,ST,44,761.00,0.00,04/26/2026 4:06:30 PM,10,0,0,0,0,4,0,0,8,0,0,0,0,16,16
Milestar,M22050652,PATAG XT 37X13.50R20LT 127Q E 36.8,22050652,https://assets.wheelpros.com/transform/b509fcce-ede2-4039-bca6-d98679d13ccd/MILESTAR-PATAGONIA-XT_STANDARD-png?size=500,ST,0,212.00,0.00,04/26/2026 4:06:30 PM,10,0,0,0,0,0,0,0,0,0,0,0,0,0,0
EFX,MCR-37-10-15,MOTOCRUSHER 37X10.00R15 78M 37,MCR-37-10-15,https://assets.wheelpros.com/transform/d00bc089-ae19-49e2-a6a5-ae373b8da3a1/EFX-MOTOCRUSHER-MCR-32x10x15-A1-png?size=500,NW,48,464.00,464.00,04/26/2026 4:06:30 PM,20,16,0,16,0,16,0,0,0,0,0,0,0,0,0
EFX,MCR-37-10-18,MOTOCRUSHER 37X10.00R18 76M 37,MCR-37-10-18,https://assets.wheelpros.com/transform/d00bc089-ae19-49e2-a6a5-ae373b8da3a1/EFX-MOTOCRUSHER-MCR-32x10x15-A1-png?size=500,NW,48,435.00,435.00,04/26/2026 4:06:30 PM,20,16,0,16,0,16,0,0,0,0,0,0,0,0,0
EFX,MK-37-85-24,MOTOHAVOK 37X8.5-24 J 37,MK-37-85-24,https://assets.wheelpros.com/transform/5937204d-8e44-4e24-b615-0dc7fe5c42e3/EFX-MOTOHAVOK-MK-30-85-16-A1-png?size=500,ST,39,349.00,349.00,04/26/2026 4:06:30 PM,20,3,0,16,0,12,0,0,0,0,0,0,0,4,4
EFX,MK-37-95-22,MOTOHAVOK 37X9.5-22 J 37,MK-37-95-22,https://assets.wheelpros.com/transform/5937204d-8e44-4e24-b615-0dc7fe5c42e3/EFX-MOTOHAVOK-MK-30-85-16-A1-png?size=500,ST,16,409.00,409.00,04/26/2026 4:06:30 PM,20,0,0,0,0,0,0,0,0,0,0,0,0,16,0
EFX,MR-37-10-15XL,MOTORAVAGE XL 37X10R15 37,MR-37-10-15XL,https://assets.wheelpros.com/transform/e8f991df-77b1-4033-9f80-52351d2cac3c/EFX-MOTORAVAGE-XL-MR-32-10-15XL-A1-png?size=500,ST,11,453.00,453.00,04/26/2026 4:06:30 PM,20,4,0,4,0,3,0,0,0,0,0,0,0,0,0
EFX,MS-37-10-24,MOTOSLAYER 37X10.5-24 87J 37,MS-37-10-24,https://assets.wheelpros.com/transform/d8f0c0a5-a940-4501-9a26-b023809b2a03/EFX-MOTOSLAYER-MS-30-95-18-A1-png?size=500,ST,27,438.00,438.00,04/26/2026 4:06:30 PM,20,0,0,16,0,0,0,0,0,0,0,0,0,0,11
Mickey Thompson Tire,MTT261885,BOSS XS 37X12.50R17LT 116Q 36.77,261885,https://images.wheelpros.com/m500/mTIRE.png,ST,0,742.00,788.16,04/26/2026 4:06:30 PM,10,0,0,0,0,0,0,0,0,0,0,0,0,0,0
Mickey Thompson Tire,MTT331040001,BAJ BOSS AT LT37X12.50-17 124Q 36.7,90000036824,https://images.wheelpros.com/m500/mMTBAJB.png,NW,0,592.00,0.00,04/26/2026 4:06:30 PM,10,0,0,0,0,0,0,0,0,0,0,0,0,0,0
Mickey Thompson Tire,MTT331041001,BAJ BOSS AT LT37X12.50-20 126Q 36.7,90000036845,https://images.wheelpros.com/m500/mMTBAJB.png,NW,0,629.00,0.00,04/26/2026 4:06:30 PM,10,0,0,0,0,0,0,0,0,0,0,0,0,0,0
Mickey Thompson Tire,MTT331042001,BAJ BOSS AT LT37X13.50-20 127Q 36.7,90000036846,https://images.wheelpros.com/m500/mMTBAJB.png,NW,0,737.00,0.00,04/26/2026 4:06:30 PM,10,0,0,0,0,0,0,0,0,0,0,0,0,0,0
Mickey Thompson Tire,MTT331043001,BAJ BOSS AT LT37X13.50-22 128Q 36.8,90000036851,https://images.wheelpros.com/m500/mMTBAJB.png,NW,0,803.00,0.00,04/26/2026 4:06:30 PM,10,0,0,0,0,0,0,0,0,0,0,0,0,0,0
Mickey Thompson Tire,MTT331044001,BAJ BOSS AT LT37X13.50-24 124Q 36.8,90000039596,https://images.wheelpros.com/m500/mMTBAJB.png,NW,0,971.00,0.00,04/26/2026 4:06:30 PM,10,0,0,0,0,0,0,0,0,0,0,0,0,0,0
Mickey Thompson Tire,MTT331085002,BAJ LGND EXP LT37X12.50-20 126Q 36.5,90000067205,https://images.wheelpros.com/m500/mMTBAJD.png,NW,0,610.00,0.00,04/26/2026 4:06:30 PM,10,0,0,0,0,0,0,0,0,0,0,0,0,0,0
Mickey Thompson Tire,MTT331110004,BAJ BOSS MT LT37X12.50-20 126Q 36.7,90000033771,https://images.wheelpros.com/m500/mMTBAJA.png,NW,0,734.00,0.00,04/26/2026 4:06:30 PM,10,0,0,0,0,0,0,0,0,0,0,0,0,0,0
Mickey Thompson Tire,MTT331111004,BAJ BOSS MT LT37X12.50-17 124Q 36.8,90000033654,https://images.wheelpros.com/m500/mMTBAJA.png,NW,0,629.00,0.00,04/26/2026 4:06:30 PM,10,0,0,0,0,0,0,0,0,0,0,0,0,0,0
Mickey Thompson Tire,MTT331112004,BAJ BOSS MT LT37X14.50-20 128Q 36.9,90000033772,https://images.wheelpros.com/m500/mMTBAJA.png,NW,0,723.00,0.00,04/26/2026 4:06:30 PM,10,0,0,0,0,0,0,0,0,0,0,0,0,0,0
Mickey Thompson Tire,MTT331113004,BAJ BOSS MT LT37X13.50-22 128Q 36.9,90000033776,https://images.wheelpros.com/m500/mMTBAJA.png,NW,0,846.00,0.00,04/26/2026 4:06:30 PM,10,0,0,0,0,0,0,0,0,0,0,0,0,0,0
Mickey Thompson Tire,MTT331114004,BAJ BOSS MT LT37X14.50-24 125Q 37,90000033778,https://images.wheelpros.com/m500/mMTBAJA.png,NW,0,974.00,0.00,04/26/2026 4:06:30 PM,10,0,0,0,0,0,0,0,0,0,0,0,0,0,0
Mickey Thompson Tire,MTT331146005,BAJ LGND MTZ LT37X12.50-20 126Q 36.7,90000057369,https://images.wheelpros.com/m500/mMTBAJE.png,NW,0,675.00,0.00,04/26/2026 4:06:30 PM,10,0,0,0,0,0,0,0,0,0,0,0,0,0,0
Mickey Thompson Tire,MTT331147005,BAJ LGND MTZ LT37X12.50-17 124Q 36.8,90000057352,https://images.wheelpros.com/m500/mMTBAJE.png,NW,0,579.00,0.00,04/26/2026 4:06:30 PM,10,0,0,0,0,0,0,0,0,0,0,0,0,0,0
Mickey Thompson Tire,MTT331148005,BAJ LGND MTZ LT37X13.50-17 121Q 36.8,90000057353,https://images.wheelpros.com/m500/mMTBAJE.png,NW,0,603.00,0.00,04/26/2026 4:06:30 PM,10,0,0,0,0,0,0,0,0,0,0,0,0,0,0
Mickey Thompson Tire,MTT331149005,BAJ LGND MTZ 37X13.50R18 124Q 36.8,90000057360,https://images.wheelpros.com/m500/mMTBAJE.png,ST,0,614.00,0.00,04/26/2026 4:06:30 PM,10,0,0,0,0,0,0,0,0,0,0,0,0,0,0
Mickey Thompson Tire,MTT331150005,BAJ LGND MTZ LT37X13.50-20 127Q 36.9,90000057370,https://images.wheelpros.com/m500/mMTBAJE.png,NW,0,731.00,0.00,04/26/2026 4:06:30 PM,10,0,0,0,0,0,0,0,0,0,0,0,0,0,0
Mickey Thompson Tire,MTT331249021,BAJA BOSS X LT37X12.50-17 116F 36.8,90000038403,https://images.wheelpros.com/m500/mMTBAJC.png,NW,0,789.00,0.00,04/26/2026 4:06:30 PM,10,0,0,0,0,0,0,0,0,0,0,0,0,0,0
Mickey Thompson Tire,MTT331276013,BOSS XS 37X12.50R17LT 116Q 36.77,261885,https://images.wheelpros.com/m500/mTIRE.png,ST,0,745.00,0.00,04/26/2026 4:06:30 PM,10,0,0,0,0,0,0,0,0,0,0,0,0,0,0
Mickey Thompson Tire,MTT331308002,BAJ LGND EXP 37X13.50R20LT 127Q 36.5,90000120117,https://images.wheelpros.com/m500/mTIRE.png,ST,0,664.00,0.00,04/26/2026 4:06:30 PM,10,0,0,0,0,0,0,0,0,0,0,0,0,0,0
Mickey Thompson Tire,MTT90000033654,BAJ BOSS MT LT37X12.50-17 124Q 36.8,90000033654,https://images.wheelpros.com/m500/mMTBAJA.png,NW,5,637.00,676.56,04/26/2026 4:06:30 PM,10,0,0,0,0,0,0,0,0,0,0,0,0,1,4
Mickey Thompson Tire,MTT90000033771,BAJ BOSS MT LT37X12.50-20 126Q 36.7,90000033771,https://images.wheelpros.com/m500/mMTBAJA.png,NW,18,738.00,783.98,04/26/2026 4:06:30 PM,10,0,0,0,0,3,0,0,13,0,0,0,0,0,2
Mickey Thompson Tire,MTT90000033772,BAJ BOSS MT LT37X14.50-20 128Q 36.9,90000033772,https://images.wheelpros.com/m500/mMTBAJA.png,NW,0,804.00,853.73,04/26/2026 4:06:30 PM,10,0,0,0,0,0,0,0,0,0,0,0,0,0,0
Mickey Thompson Tire,MTT90000033776,BAJ BOSS MT LT37X13.50-22 128Q 36.9,90000033776,https://images.wheelpros.com/m500/mMTBAJA.png,NW,3,877.00,931.85,04/26/2026 4:06:30 PM,10,0,0,1,0,1,0,0,1,0,0,0,0,0,0
Mickey Thompson Tire,MTT90000033778,BAJ BOSS MT LT37X14.50-24 125Q 37,90000033778,https://images.wheelpros.com/m500/mMTBAJA.png,NW,0,1145.00,1216.43,04/26/2026 4:06:30 PM,10,0,0,0,0,0,0,0,0,0,0,0,0,0,0
Mickey Thompson Tire,MTT90000036824,BAJ BOSS AT LT37X12.50-17 124Q 36.7,90000036824,https://images.wheelpros.com/m500/mMTBAJB.png,NW,33,611.00,649.22,04/26/2026 4:06:30 PM,10,0,16,0,4,11,0,1,0,0,0,0,0,0,1
Mickey Thompson Tire,MTT90000036845,BAJ BOSS AT LT37X12.50-20 126Q 36.7,90000036845,https://images.wheelpros.com/m500/mMTBAJB.png,NW,99,703.00,746.73,04/26/2026 4:06:30 PM,10,7,16,16,16,7,4,11,0,0,0,0,0,14,8
Mickey Thompson Tire,MTT90000036846,BAJ BOSS AT LT37X13.50-20 127Q 36.7,90000036846,https://images.wheelpros.com/m500/mMTBAJB.png,NW,27,778.00,826.11,04/26/2026 4:06:30 PM,10,0,8,0,5,0,0,0,0,0,0,0,0,4,10
Mickey Thompson Tire,MTT90000036851,BAJ BOSS AT LT37X13.50-22 128Q 36.8,90000036851,https://images.wheelpros.com/m500/mMTBAJB.png,NW,9,803.00,853.59,04/26/2026 4:06:30 PM,10,0,9,0,0,0,0,0,0,0,0,0,0,0,0
Mickey Thompson Tire,MTT90000038403,BAJA BOSS X LT37X12.50-17 116F 36.8,90000038403,https://images.wheelpros.com/m500/mMTBAJC.png,NW,2,823.00,874.37,04/26/2026 4:06:30 PM,10,0,0,2,0,0,0,0,0,0,0,0,0,0,0
Mickey Thompson Tire,MTT90000039596,BAJ BOSS AT LT37X13.50-24 124Q 36.8,90000039596,https://images.wheelpros.com/m500/mMTBAJB.png,NW,0,982.00,1043.86,04/26/2026 4:06:30 PM,10,0,0,0,0,0,0,0,0,0,0,0,0,0,0
Mickey Thompson Tire,MTT90000057352,BAJ LGND MTZ LT37X12.50-17 124Q 36.8,90000057352,https://images.wheelpros.com/m500/mMTBAJE.png,NW,10,586.00,622.44,04/26/2026 4:06:30 PM,10,2,8,0,0,0,0,0,0,0,0,0,0,0,0
Mickey Thompson Tire,MTT90000057353,BAJ LGND MTZ LT37X13.50-17 121Q 36.8,90000057353,https://images.wheelpros.com/m500/mMTBAJE.png,NW,6,622.00,661.22,04/26/2026 4:06:30 PM,10,0,1,0,0,0,0,0,0,0,0,0,0,1,4
Mickey Thompson Tire,MTT90000057360,BAJ LGND MTZ 37X13.50R18 124Q 36.8,90000057360,https://images.wheelpros.com/m500/mMTBAJE.png,ST,0,621.00,659.82,04/26/2026 4:06:30 PM,10,0,0,0,0,0,0,0,0,0,0,0,0,0,0
Mickey Thompson Tire,MTT90000057369,BAJ LGND MTZ LT37X12.50-20 126Q 36.7,90000057369,https://images.wheelpros.com/m500/mMTBAJE.png,NW,0,679.00,721.20,04/26/2026 4:06:30 PM,10,0,0,0,0,0,0,0,0,0,0,0,0,0,0
Mickey Thompson Tire,MTT90000057370,BAJ LGND MTZ LT37X13.50-20 127Q 36.9,90000057370,https://images.wheelpros.com/m500/mMTBAJE.png,NW,1,733.00,778.40,04/26/2026 4:06:30 PM,10,0,0,0,0,0,0,0,0,0,0,0,0,1,0
Mickey Thompson Tire,MTT90000067205,BAJ LGND EXP LT37X12.50-20 126Q 36.5,90000067205,https://images.wheelpros.com/m500/mMTBAJD.png,NW,5,640.00,679.49,04/26/2026 4:06:30 PM,10,0,0,0,0,0,0,0,5,0,0,0,0,0,0
Mickey Thompson Tire,MTT90000067206,37X13.50R20 BAJA EXP E/10 37135020,90000067206,https://images.wheelpros.com/m500/mMTBAJD.png,N2,8,670.00,0.00,04/26/2026 4:06:30 PM,10,0,0,4,0,4,0,0,0,0,0,0,0,0,0
Mickey Thompson Tire,MTT90000120117,BAJ LGND EXP 37X13.50R20LT 127Q 36.5,90000120117,https://images.wheelpros.com/m500/mTIRE.png,ST,0,708.00,751.75,04/26/2026 4:06:30 PM,10,0,0,0,0,0,0,0,0,0,0,0,0,0,0
EFX,MY-37-10-15,MOTORALLY 37X10R15 785R 37,MY-37-10-15,https://assets.wheelpros.com/transform/0bc0e178-22a1-421f-82fd-5493dbe86336/EFX-MOTORALLY-MY-32-10-15-A1-png?size=500,ST,39,458.00,458.00,04/26/2026 4:06:30 PM,20,16,0,7,0,16,0,0,0,0,0,0,0,0,0
EFX,MY-37-10-18,MOTORALLY 37X10R18 880R 37,MY-37-10-18,https://assets.wheelpros.com/transform/0bc0e178-22a1-421f-82fd-5493dbe86336/EFX-MOTORALLY-MY-32-10-15-A1-png?size=500,ST,32,415.00,415.00,04/26/2026 4:06:30 PM,20,4,0,16,0,12,0,0,0,0,0,0,0,0,0
Nitto,N200-530,MUD GRAP 37x13.50R22LT 123Q E 37,200530,https://assets.wheelpros.com/transform/df3d2054-4ece-4cf2-a7e1-a0dee19a6269/Nitto-Mud-Grappler_Standard-png?size=500,ST,8,977.00,0.00,04/26/2026 4:06:30 PM,10,0,8,0,0,0,0,0,0,0,0,0,0,0,0
Nitto,N200-540,MUD GRAP 37x13.50R20LT 127Q E 37,200540,https://assets.wheelpros.com/transform/df3d2054-4ece-4cf2-a7e1-a0dee19a6269/Nitto-Mud-Grappler_Standard-png?size=500,ST,8,855.00,0.00,04/26/2026 4:06:30 PM,10,0,4,0,3,0,0,0,0,0,0,0,0,0,1
Nitto,N200-600,MUD GRAP 37x13.50R17LT 131P E 37,200600,https://assets.wheelpros.com/transform/df3d2054-4ece-4cf2-a7e1-a0dee19a6269/Nitto-Mud-Grappler_Standard-png?size=500,ST,0,702.00,0.00,04/26/2026 4:06:30 PM,10,0,0,0,0,0,0,0,0,0,0,0,0,0,0
Nitto,N200-660,MUD GRAP 37x13.50R18LT 124P D 37,200660,https://assets.wheelpros.com/transform/df3d2054-4ece-4cf2-a7e1-a0dee19a6269/Nitto-Mud-Grappler_Standard-png?size=500,ST,0,763.00,0.00,04/26/2026 4:06:30 PM,10,0,0,0,0,0,0,0,0,0,0,0,0,0,0
Nitto,N201-390,EXO GRAP AWT 37x13.50R17LT 121Q E 36.7,201390,https://assets.wheelpros.com/transform/e651b3c0-5638-4f6f-9e04-15e666610152/Nitto-ExoGrappler_Standard-png?size=500,ST,3,679.00,0.00,04/26/2026 4:06:30 PM,10,0,0,0,0,0,0,0,0,0,0,0,0,3,0
Nitto,N201-410,EXO GRAP AWT 37x13.50R20LT 127Q E 36.7,201410,https://assets.wheelpros.com/transform/e651b3c0-5638-4f6f-9e04-15e666610152/Nitto-ExoGrappler_Standard-png?size=500,ST,0,779.00,0.00,04/26/2026 4:06:30 PM,10,0,0,0,0,0,0,0,0,0,0,0,0,0,0
Nitto,N205-420,TRAIL GRAP 37x13.50R20LT 127Q E 36.7,205420,https://assets.wheelpros.com/transform/884b5afc-14aa-40c4-9f6e-937bbe0c9d2e/NITTO-TRAIL-GRAPPLER-MT_STANDARD-png?size=500,ST,5,846.00,0.00,04/26/2026 4:06:30 PM,10,0,0,0,0,0,0,0,0,0,0,0,0,5,0
Nitto,N205-580,TRAIL GRAP 37x11.50R20LT 128Q E 36.7,205580,https://assets.wheelpros.com/transform/884b5afc-14aa-40c4-9f6e-937bbe0c9d2e/NITTO-TRAIL-GRAPPLER-MT_STANDARD-png?size=500,ST,4,769.00,0.00,04/26/2026 4:06:30 PM,10,0,4,0,0,0,0,0,0,0,0,0,0,0,0
Nitto,N205-800,TRAIL GRAP 37x12.50R20LT 126Q E 36.7,205800,https://assets.wheelpros.com/transform/884b5afc-14aa-40c4-9f6e-937bbe0c9d2e/NITTO-TRAIL-GRAPPLER-MT_STANDARD-png?size=500,ST,0,800.00,0.00,04/26/2026 4:06:30 PM,10,0,0,0,0,0,0,0,0,0,0,0,0,0,0
Nitto,N205-810,TRAIL GRAP 37x13.50R22LT 123Q E 37,205810,https://assets.wheelpros.com/transform/884b5afc-14aa-40c4-9f6e-937bbe0c9d2e/NITTO-TRAIL-GRAPPLER-MT_STANDARD-png?size=500,ST,0,963.00,0.00,04/26/2026 4:06:30 PM,10,0,0,0,0,0,0,0,0,0,0,0,0,0,0
Nitto,N205-880,TRAIL GRAP 37x12.50R17LT 124Q D 36.8,205880,https://assets.wheelpros.com/transform/884b5afc-14aa-40c4-9f6e-937bbe0c9d2e/NITTO-TRAIL-GRAPPLER-MT_STANDARD-png?size=500,ST,114,640.00,0.00,04/26/2026 4:06:30 PM,10,16,3,16,3,4,16,16,8,0,0,0,0,16,16
Nitto,N206-610,TRAIL GRAP 37×12.50R18LT 128Q E 36.7,206610,https://assets.wheelpros.com/transform/884b5afc-14aa-40c4-9f6e-937bbe0c9d2e/NITTO-TRAIL-GRAPPLER-MT_STANDARD-png?size=500,ST,15,756.00,0.00,04/26/2026 4:06:30 PM,10,0,0,0,0,0,0,4,0,0,0,0,0,10,1
Nitto,N217-030,RIDGE GRAP 37x12.50R20LT 126Q E 36.7,217030,https://assets.wheelpros.com/transform/8cd67eb1-99b1-477c-b4b6-3c7d11774b70/Nitto-RidgeGrappler_Standard-png?size=500,ST,128,771.00,0.00,04/26/2026 4:06:30 PM,10,16,16,16,16,12,16,16,0,0,0,0,0,16,4
Nitto,N217-050,RIDGE GRAP 37x12.50R17LT 124Q D 36.7,217050,https://assets.wheelpros.com/transform/8cd67eb1-99b1-477c-b4b6-3c7d11774b70/Nitto-RidgeGrappler_Standard-png?size=500,ST,112,647.00,0.00,04/26/2026 4:06:30 PM,10,16,13,4,7,4,16,16,8,0,0,0,0,12,16
Nitto,N217-260,RIDGE GRAP 37x12.50R18LT 128Q E 36.7,217260,https://assets.wheelpros.com/transform/8cd67eb1-99b1-477c-b4b6-3c7d11774b70/Nitto-RidgeGrappler_Standard-png?size=500,ST,80,707.00,0.00,04/26/2026 4:06:30 PM,10,16,12,16,4,4,15,8,3,0,0,0,0,2,0
Nitto,N217-280,RIDGE GRAP 37x12.50R22LT 127Q F 36.7,217280,https://assets.wheelpros.com/transform/8cd67eb1-99b1-477c-b4b6-3c7d11774b70/Nitto-RidgeGrappler_Standard-png?size=500,ST,95,874.00,0.00,04/26/2026 4:06:30 PM,10,0,16,16,0,16,0,16,7,0,0,0,0,16,8
Nitto,N217-390,RIDGE GRAP 37x13.50R18LT 124Q D 36.7,217390,https://assets.wheelpros.com/transform/8cd67eb1-99b1-477c-b4b6-3c7d11774b70/Nitto-RidgeGrappler_Standard-png?size=500,ST,3,731.00,0.00,04/26/2026 4:06:30 PM,10,0,0,0,0,0,1,0,0,0,0,0,0,2,0
Nitto,N217-410,RIDGE GRAP 37x13.50R20LT 127Q E 36.7,217410,https://assets.wheelpros.com/transform/8cd67eb1-99b1-477c-b4b6-3c7d11774b70/Nitto-RidgeGrappler_Standard-png?size=500,ST,62,807.00,0.00,04/26/2026 4:06:30 PM,10,9,12,16,8,7,0,8,2,0,0,0,0,0,0
Nitto,N217-420,RIDGE GRAP 37x13.50R22LT 128Q F 36.7,217420,https://assets.wheelpros.com/transform/8cd67eb1-99b1-477c-b4b6-3c7d11774b70/Nitto-RidgeGrappler_Standard-png?size=500,ST,56,914.00,0.00,04/26/2026 4:06:30 PM,10,0,8,16,16,2,0,14,0,0,0,0,0,0,0
Nitto,N217-450,RIDGE GRAP 37x13.50R17LT 121Q E 36.7,217450,https://assets.wheelpros.com/transform/8cd67eb1-99b1-477c-b4b6-3c7d11774b70/Nitto-RidgeGrappler_Standard-png?size=500,ST,4,674.00,0.00,04/26/2026 4:06:30 PM,10,0,4,0,0,0,0,0,0,0,0,0,0,0,0
Nitto,N217-580,RIDGE GRAP 37x13.50R24LT 124Q F 36.7,217580,https://assets.wheelpros.com/transform/8cd67eb1-99b1-477c-b4b6-3c7d11774b70/Nitto-RidgeGrappler_Standard-png?size=500,ST,1,959.00,0.00,04/26/2026 4:06:30 PM,10,0,0,0,0,0,0,0,0,0,0,0,0,0,1
Nitto,N217-660,RIDGE GRAP 37x11.50R18LT 127Q D 36.7,217660,https://assets.wheelpros.com/transform/8cd67eb1-99b1-477c-b4b6-3c7d11774b70/Nitto-RidgeGrappler_Standard-png?size=500,ST,20,675.00,0.00,04/26/2026 4:06:30 PM,10,16,4,0,0,0,0,0,0,0,0,0,0,0,0
Nitto,N218-030,RECON GRAP 37x12.50R20LT 126R E 36.5,218030,https://assets.wheelpros.com/transform/7c1f1988-dde2-45f8-ad64-a49e2f341b40/ReconGrappler_Standard-png?size=500,ST,24,745.00,0.00,04/26/2026 4:06:30 PM,10,8,0,0,0,0,0,0,0,0,0,0,0,16,0
Nitto,N218-060,RECON GRAP 37x13.50R22LT 128R F 36.5,218060,https://assets.wheelpros.com/transform/7c1f1988-dde2-45f8-ad64-a49e2f341b40/ReconGrappler_Standard-png?size=500,ST,4,881.00,0.00,04/26/2026 4:06:30 PM,10,0,4,0,0,0,0,0,0,0,0,0,0,0,0
Nitto,N218-070,RECON GRAP 37x13.50R20LT 127R E 36.5,218070,https://assets.wheelpros.com/transform/7c1f1988-dde2-45f8-ad64-a49e2f341b40/ReconGrappler_Standard-png?size=500,ST,12,771.00,0.00,04/26/2026 4:06:30 PM,10,0,4,0,0,0,4,0,0,0,0,0,0,4,0
Nitto,N218-140,RECON GRAP 37x13.50R24LT 124R F 36.5,218140,https://assets.wheelpros.com/transform/7c1f1988-dde2-45f8-ad64-a49e2f341b40/ReconGrappler_Standard-png?size=500,ST,16,929.00,0.00,04/26/2026 4:06:30 PM,10,0,0,0,0,0,0,0,0,0,0,0,0,16,0
Nitto,N218-510,RIDGE GRAP 37x11.50R20LT 128Q E 36.5,218510,https://assets.wheelpros.com/transform/8cd67eb1-99b1-477c-b4b6-3c7d11774b70/Nitto-RidgeGrappler_Standard-png?size=500,ST,1,717.00,0.00,04/26/2026 4:06:30 PM,10,0,0,0,0,0,0,0,0,0,0,0,0,0,1
Nitto,N218-560,RECON GRAP 37x12.50R17LT 124R D 36.5,218560,https://assets.wheelpros.com/transform/7c1f1988-dde2-45f8-ad64-a49e2f341b40/ReconGrappler_Standard-png?size=500,ST,20,620.00,570.00,04/26/2026 4:06:30 PM,10,11,4,0,0,0,0,0,0,0,0,0,0,4,1
Nitto,N218-580,RECON GRAP 37x12.50R18LT 128R E 36.5,218580,https://assets.wheelpros.com/transform/7c1f1988-dde2-45f8-ad64-a49e2f341b40/ReconGrappler_Standard-png?size=500,ST,15,639.00,0.00,04/26/2026 4:06:30 PM,10,15,0,0,0,0,0,0,0,0,0,0,0,0,0
Nitto,N218-650,RECON GRAP 37x11.50R17LT 128R D 36.5,218650,https://assets.wheelpros.com/transform/7c1f1988-dde2-45f8-ad64-a49e2f341b40/ReconGrappler_Standard-png?size=500,ST,1,596.00,0.00,04/26/2026 4:06:30 PM,10,0,0,0,0,0,0,0,0,0,0,0,0,1,0
Nitto,N219-020,RECON GRAP 37x13.50R17LT 125R D 36.5,219020,https://assets.wheelpros.com/transform/7c1f1988-dde2-45f8-ad64-a49e2f341b40/ReconGrappler_Standard-png?size=500,ST,28,759.00,0.00,04/26/2026 4:06:30 PM,10,8,0,2,0,0,2,0,16,0,0,0,0,0,0
Nitto,N219-220,RECON GRAP 37x11.50R20LT 128R 36.5,219220,https://assets.wheelpros.com/transform/7c1f1988-dde2-45f8-ad64-a49e2f341b40/ReconGrappler_Standard-png?size=500,NW,0,647.00,0.00,04/26/2026 4:06:30 PM,10,0,0,0,0,0,0,0,0,0,0,0,0,0,0
Nitto,N374-150,TRAIL GRAP 37x13.50R24LT 124Q F 36.7,374150,https://assets.wheelpros.com/transform/884b5afc-14aa-40c4-9f6e-937bbe0c9d2e/NITTO-TRAIL-GRAPPLER-MT_STANDARD-png?size=500,ST,0,1085.00,1013.00,04/26/2026 4:06:30 PM,10,0,0,0,0,0,0,0,0,0,0,0,0,0,0
Fuel Tires,RFAT28540R28,GRIPPER AT 285/40R28 Q 37,RFAT28540R28,https://assets.wheelpros.com/transform/987bba65-ead2-40b7-9313-3217dfd24996/FUEL-GRIPPER-AT_Standard-png?size=500,N2,3,1052.00,0.00,04/26/2026 4:06:30 PM,10,0,0,0,0,0,0,0,0,0,0,0,0,3,0
Fuel Tires,RFAT371250R17,GRIPPER AT 37X12.50-17 129Q 36.8,RFAT371250R17,https://assets.wheelpros.com/transform/987bba65-ead2-40b7-9313-3217dfd24996/FUEL-GRIPPER-AT_Standard-png?size=500,N2,34,534.00,0.00,04/26/2026 4:06:30 PM,10,16,0,0,0,0,0,0,16,0,0,0,0,2,0
Fuel Tires,RFAT371250R20,GRIPPER AT 37X12.50-20 128Q 36.8,RFAT371250R20,https://assets.wheelpros.com/transform/987bba65-ead2-40b7-9313-3217dfd24996/FUEL-GRIPPER-AT_Standard-png?size=500,N2,16,565.00,0.00,04/26/2026 4:06:30 PM,10,0,0,0,0,0,0,0,0,0,0,0,0,16,0
Fuel Tires,RFAT371250R22,GRIPPER AT 37X12.50-22 127Q 36.8,RFAT371250R22,https://assets.wheelpros.com/transform/987bba65-ead2-40b7-9313-3217dfd24996/FUEL-GRIPPER-AT_Standard-png?size=500,N2,0,595.00,0.00,04/26/2026 4:06:30 PM,10,0,0,0,0,0,0,0,0,0,0,0,0,0,0
Fuel Tires,RFNT34540R26,GRIPPER MT 345/40R26 117Q 36.8,RFNT34540R26,https://assets.wheelpros.com/transform/91b5b96b-c41a-4776-8401-e4a4f248ff1f/FUEL-GRIPPER-MT_Standard-png?size=500,N2,0,709.00,0.00,04/26/2026 4:06:30 PM,10,0,0,0,0,0,0,0,0,0,0,0,0,0,0
Fuel Tires,RFNT34545R24,GRIPPER MT 345/45R24 120Q 36.7,RFNT34545R24,https://assets.wheelpros.com/transform/91b5b96b-c41a-4776-8401-e4a4f248ff1f/FUEL-GRIPPER-MT_Standard-png?size=500,N2,3,625.00,0.00,04/26/2026 4:06:30 PM,10,0,0,0,0,0,0,0,0,0,0,0,0,3,0
Fuel Tires,RFNT34555R22,GRIPPER MT 345/55R22 123Q 36.8,RFNT34555R22,https://assets.wheelpros.com/transform/91b5b96b-c41a-4776-8401-e4a4f248ff1f/FUEL-GRIPPER-MT_Standard-png?size=500,N2,0,557.00,0.00,04/26/2026 4:06:30 PM,10,0,0,0,0,0,0,0,0,0,0,0,0,0,0
Fuel Tires,RFNT34560R20,GRIPPER MT 345/60R20 127Q 36.76,RFNT34560R20,https://assets.wheelpros.com/transform/91b5b96b-c41a-4776-8401-e4a4f248ff1f/FUEL-GRIPPER-MT_Standard-png?size=500,N2,0,543.00,0.00,04/26/2026 4:06:30 PM,10,0,0,0,0,0,0,0,0,0,0,0,0,0,0
Fuel Tires,RFNT34575R17,GRIPPER MT 345/75R17 131Q 36.8,RFNT34575R17,https://assets.wheelpros.com/transform/91b5b96b-c41a-4776-8401-e4a4f248ff1f/FUEL-GRIPPER-MT_Standard-png?size=500,N2,4,507.00,0.00,04/26/2026 4:06:30 PM,10,0,0,0,0,0,0,2,1,0,0,0,0,0,1
Fuel Tires,RFNT371350R17,GRIPPER MT 37X13.50-17 131Q 36.8,,https://images.wheelpros.com/m500/mFGRNT.png,N2,0,463.00,0.00,04/26/2026 4:06:30 PM,10,0,0,0,0,0,0,0,0,0,0,0,0,0,0
Fuel Tires,RFNT371350R20,GRIPPER MT 37X13.50-20 127Q 36.76,,https://images.wheelpros.com/m500/mFGRNT.png,N2,0,513.00,0.00,04/26/2026 4:06:30 PM,10,0,0,0,0,0,0,0,0,0,0,0,0,0,0
Fuel Tires,RFNT371350R22,GRIPPER MT 37X13.50-22 123Q 36.8,,https://images.wheelpros.com/m500/mFGRNT.png,N2,19,538.00,0.00,04/26/2026 4:06:30 PM,10,16,0,0,0,0,0,3,0,0,0,0,0,0,0
Fuel Tires,RFNT371350R24,GRIPPER MT 37X13.50-24 120Q 36.7,,https://images.wheelpros.com/m500/mFGRNT.png,N2,0,625.00,0.00,04/26/2026 4:06:30 PM,10,0,0,0,0,0,0,0,0,0,0,0,0,0,0
Fuel Tires,RFNT371350R26,GRIPPER MT 37X13.50-26 117Q 36.8,,https://images.wheelpros.com/m500/mFGRNT.png,N2,0,763.00,0.00,04/26/2026 4:06:30 PM,10,0,0,0,0,0,0,0,0,0,0,0,0,0,0
Fuel Tires,RFXT34575R17W,LT345/75R17 GRIPPER XT WHT-LOGO 3457517,RFXT34575R17W,,N2,0,543.00,0.00,04/26/2026 4:06:30 PM,10,0,0,0,0,0,0,0,0,0,0,0,0,0,0
Falken,F28516734,WDPEAK MT LT38X13.50R17 128Q D 37.8,28516734,https://images.wheelpros.com/m500/mTIRE.png,NW,3,701.00,0.00,04/26/2026 4:06:30 PM,10,0,0,0,0,0,0,0,0,0,0,0,0,0,3
Falken,F28757267,WDPEAK RT LT38X13.50R17 127R D 37.8,28757267,https://images.wheelpros.com/m500/mFTWPK.png,SO,0,667.00,0.00,04/26/2026 4:06:30 PM,10,0,0,0,0,0,0,0,0,0,0,0,0,0,0
Falken,F28757396,WDPEAK RT LT38X13.50R20 128R E 37.8,28757396,https://images.wheelpros.com/m500/mFTWPK.png,SO,0,719.00,0.00,04/26/2026 4:06:30 PM,10,0,0,0,0,0,0,0,0,0,0,0,0,0,0
Milestar,M22230005,PATAG MT02 38X13.50R17LT 127Q D 37.8,22230005,https://images.wheelpros.com/m500/mMIPMT.png,ST,0,241.00,0.00,04/26/2026 4:06:30 PM,10,0,0,0,0,0,0,0,0,0,0,0,0,0,0
Milestar,M22230006,PATAG XT 38X13.50R17LT 127Q D 37.8,22230006,https://assets.wheelpros.com/transform/b509fcce-ede2-4039-bca6-d98679d13ccd/MILESTAR-PATAGONIA-XT_STANDARD-png?size=500,ST,0,228.00,0.00,04/26/2026 4:06:30 PM,10,0,0,0,0,0,0,0,0,0,0,0,0,0,0
Mickey Thompson Tire,MTT331115004,BAJ BOSS MT LT38X15.50-22 128Q 37.8,90000033777,https://images.wheelpros.com/m500/mMTBAJA.png,NW,0,924.00,0.00,04/26/2026 4:06:30 PM,10,0,0,0,0,0,0,0,0,0,0,0,0,0,0
Mickey Thompson Tire,MTT331116004,BAJ BOSS MT LT38X15.50-20 128Q 37.8,90000033773,https://images.wheelpros.com/m500/mMTBAJA.png,NW,0,808.00,0.00,04/26/2026 4:06:30 PM,10,0,0,0,0,0,0,0,0,0,0,0,0,0,0
Mickey Thompson Tire,MTT331117004,BAJ BOSS MT LT38X15.50-24 128Q 38,90000033779,https://images.wheelpros.com/m500/mMTBAJA.png,NW,0,1045.00,0.00,04/26/2026 4:06:30 PM,10,0,0,0,0,0,0,0,0,0,0,0,0,0,0
Mickey Thompson Tire,MTT331151005,BAJ LGND MTZ 38X15.50R20 128Q 37.8,90000057371,https://images.wheelpros.com/m500/mMTBAJE.png,ST,0,754.00,0.00,04/26/2026 4:06:30 PM,10,0,0,0,0,0,0,0,0,0,0,0,0,0,0
Mickey Thompson Tire,MTT331252018,BAJ PRO XS LT38X13.50-17 37.9,90000037616,https://images.wheelpros.com/m500/mMTBAJG.png,NW,0,890.00,0.00,04/26/2026 4:06:30 PM,10,0,0,0,0,0,0,0,0,0,0,0,0,0,0
Mickey Thompson Tire,MTT90000033773,BAJ BOSS MT LT38X15.50-20 128Q 37.8,90000033773,https://images.wheelpros.com/m500/mMTBAJA.png,NW,6,819.00,870.47,04/26/2026 4:06:30 PM,10,0,0,0,0,0,0,0,0,0,0,0,0,0,6
Mickey Thompson Tire,MTT90000033777,BAJ BOSS MT LT38X15.50-22 128Q 37.8,90000033777,https://images.wheelpros.com/m500/mMTBAJA.png,NW,0,1079.00,1146.68,04/26/2026 4:06:30 PM,10,0,0,0,0,0,0,0,0,0,0,0,0,0,0
Mickey Thompson Tire,MTT90000033779,BAJ BOSS MT LT38X15.50-24 128Q 38,90000033779,https://images.wheelpros.com/m500/mMTBAJA.png,NW,0,1209.00,1284.78,04/26/2026 4:06:30 PM,10,0,0,0,0,0,0,0,0,0,0,0,0,0,0
Mickey Thompson Tire,MTT90000037616,BAJ PRO XS LT38X13.50-17 37.9,90000037616,https://images.wheelpros.com/m500/mMTBAJG.png,NW,4,836.00,888.60,04/26/2026 4:06:30 PM,10,0,0,0,0,0,0,0,0,0,0,0,0,0,4
Mickey Thompson Tire,MTT90000057371,BAJ LGND MTZ 38X15.50R20 128Q 37.8,90000057371,https://images.wheelpros.com/m500/mMTBAJE.png,ST,0,754.00,800.86,04/26/2026 4:06:30 PM,10,0,0,0,0,0,0,0,0,0,0,0,0,0,0
Nitto,N200-500,MUD GRAP 38x15.50R18LT 128Q D 37.7,200500,https://assets.wheelpros.com/transform/df3d2054-4ece-4cf2-a7e1-a0dee19a6269/Nitto-Mud-Grappler_Standard-png?size=500,ST,0,835.00,0.00,04/26/2026 4:06:30 PM,10,0,0,0,0,0,0,0,0,0,0,0,0,0,0
Nitto,N200-510,MUD GRAP 38x15.50R20LT 125Q D 37.7,200510,https://assets.wheelpros.com/transform/df3d2054-4ece-4cf2-a7e1-a0dee19a6269/Nitto-Mud-Grappler_Standard-png?size=500,ST,1,948.00,0.00,04/26/2026 4:06:30 PM,10,0,0,0,0,0,0,0,0,0,0,0,0,0,1
Nitto,N200-630,MUD GRAP 38x15.50R15LT 123P C 37.6,200630,https://assets.wheelpros.com/transform/df3d2054-4ece-4cf2-a7e1-a0dee19a6269/Nitto-Mud-Grappler_Standard-png?size=500,ST,0,698.00,0.00,04/26/2026 4:06:30 PM,10,0,0,0,0,0,0,0,0,0,0,0,0,0,0
Nitto,N201-060,MUD GRAP LT385/70R16 130Q D 37.7,201060,https://assets.wheelpros.com/transform/df3d2054-4ece-4cf2-a7e1-a0dee19a6269/Nitto-Mud-Grappler_Standard-png?size=500,ST,0,696.00,0.00,04/26/2026 4:06:30 PM,10,0,0,0,0,0,0,0,0,0,0,0,0,0,0
Nitto,N205-430,TRAIL GRAP 38x15.50R20LT 125Q D 37.7,205430,https://assets.wheelpros.com/transform/884b5afc-14aa-40c4-9f6e-937bbe0c9d2e/NITTO-TRAIL-GRAPPLER-MT_STANDARD-png?size=500,ST,4,972.00,0.00,04/26/2026 4:06:30 PM,10,0,0,0,0,0,0,0,0,0,0,0,0,4,0
Nitto,N205-550,TRAIL GRAP 38x13.50R22LT 126Q E 37.7,205550,https://assets.wheelpros.com/transform/884b5afc-14aa-40c4-9f6e-937bbe0c9d2e/NITTO-TRAIL-GRAPPLER-MT_STANDARD-png?size=500,ST,8,1027.00,0.00,04/26/2026 4:06:30 PM,10,0,0,0,0,0,0,4,0,0,0,0,0,4,0
Nitto,N205-820,TRAIL GRAP 38x13.50R24LT 123Q E 37.7,205820,https://assets.wheelpros.com/transform/884b5afc-14aa-40c4-9f6e-937bbe0c9d2e/NITTO-TRAIL-GRAPPLER-MT_STANDARD-png?size=500,ST,2,1144.00,0.00,04/26/2026 4:06:30 PM,10,0,0,0,0,0,0,0,0,0,0,0,0,2,0
Nitto,N217-360,RIDGE GRAP 38x13.50R22LT 126Q E 37.7,217360,https://assets.wheelpros.com/transform/8cd67eb1-99b1-477c-b4b6-3c7d11774b70/Nitto-RidgeGrappler_Standard-png?size=500,ST,10,923.00,0.00,04/26/2026 4:06:30 PM,10,0,0,0,0,0,0,0,0,0,0,0,0,10,0
Nitto,N217-430,RIDGE GRAP 38x13.50R20LT 128Q E 37.7,217430,https://assets.wheelpros.com/transform/8cd67eb1-99b1-477c-b4b6-3c7d11774b70/Nitto-RidgeGrappler_Standard-png?size=500,ST,0,846.00,0.00,04/26/2026 4:06:30 PM,10,0,0,0,0,0,0,0,0,0,0,0,0,0,0
Nitto,N217-610,RIDGE GRAP 38x13.50R24LT 127Q F 37.7,217610,https://assets.wheelpros.com/transform/8cd67eb1-99b1-477c-b4b6-3c7d11774b70/Nitto-RidgeGrappler_Standard-png?size=500,ST,0,1007.00,0.00,04/26/2026 4:06:30 PM,10,0,0,0,0,0,0,0,0,0,0,0,0,0,0
Nitto,N217-980,RIDGE GRAP 38x12.50R17LT 118Q C 37.7,217980,https://assets.wheelpros.com/transform/8cd67eb1-99b1-477c-b4b6-3c7d11774b70/Nitto-RidgeGrappler_Standard-png?size=500,ST,26,698.00,0.00,04/26/2026 4:06:30 PM,10,3,12,0,0,0,0,2,0,0,0,0,0,5,4
Nitto,N219-110,RIDGE GRAP 38x13.50R18LT 128Q 37.8,219110,https://assets.wheelpros.com/transform/8cd67eb1-99b1-477c-b4b6-3c7d11774b70/Nitto-RidgeGrappler_Standard-png?size=500,NW,0,766.00,0.00,04/26/2026 4:06:30 PM,10,0,0,0,0,0,0,0,0,0,0,0,0,0,0
Nitto,N219-120,RIDGE GRAP 38x11.50R17LT D 128Q 37.76,219120,https://assets.wheelpros.com/transform/8cd67eb1-99b1-477c-b4b6-3c7d11774b70/Nitto-RidgeGrappler_Standard-png?size=500,NW,0,628.00,0.00,04/26/2026 4:06:30 PM,10,0,0,0,0,0,0,0,0,0,0,0,0,0,0
Nitto,N219-130,RIDGE GRAP 38x11.50R18LT 128Q 37.8,219130,https://assets.wheelpros.com/transform/8cd67eb1-99b1-477c-b4b6-3c7d11774b70/Nitto-RidgeGrappler_Standard-png?size=500,NW,0,704.00,0.00,04/26/2026 4:06:30 PM,10,0,0,0,0,0,0,0,0,0,0,0,0,0,0
Nitto,N219-140,RIDGE GRAP 38x11.50R20LT D 127Q 37.76,219140,https://assets.wheelpros.com/transform/8cd67eb1-99b1-477c-b4b6-3c7d11774b70/Nitto-RidgeGrappler_Standard-png?size=500,NW,4,771.00,0.00,04/26/2026 4:06:30 PM,10,0,0,0,0,0,0,0,0,0,0,0,0,4,0
Nitto,N374-000,TRAIL GRAP 38x13.50R20LT 128Q E 37.7,374000,https://assets.wheelpros.com/transform/884b5afc-14aa-40c4-9f6e-937bbe0c9d2e/NITTO-TRAIL-GRAPPLER-MT_STANDARD-png?size=500,ST,0,904.00,0.00,04/26/2026 4:06:30 PM,10,0,0,0,0,0,0,0,0,0,0,0,0,0,0
Nitto,N374-200,TRAIL GRAP 38x13.50R17LT 121Q D 37.7,374200,https://assets.wheelpros.com/transform/884b5afc-14aa-40c4-9f6e-937bbe0c9d2e/NITTO-TRAIL-GRAPPLER-MT_STANDARD-png?size=500,ST,16,699.00,0.00,04/26/2026 4:06:30 PM,10,0,0,0,0,0,0,0,0,0,0,0,0,16,0
Nitto,N374-230,TRAIL GRAP MT 375/45R24LT 126Q 37.56,374230,https://assets.wheelpros.com/transform/884b5afc-14aa-40c4-9f6e-937bbe0c9d2e/NITTO-TRAIL-GRAPPLER-MT_STANDARD-png?size=500,NW,0,0.00,0.00,04/26/2026 4:06:30 PM,10,0,0,0,0,0,0,0,0,0,0,0,0,0,0
Fuel Tires,RFNT381550R20,GRIPPER MT 38X15.50-20 125Q 37.7,,https://images.wheelpros.com/m500/mFGRNT.png,N2,0,690.00,0.00,04/26/2026 4:06:30 PM,10,0,0,0,0,0,0,0,0,0,0,0,0,0,0
Fuel Tires,RFNT381550R22,GRIPPER MT 38X15.50-22 124Q 38,RFNT381550R22,https://assets.wheelpros.com/transform/91b5b96b-c41a-4776-8401-e4a4f248ff1f/FUEL-GRIPPER-MT_Standard-png?size=500,N2,0,704.00,0.00,04/26/2026 4:06:30 PM,10,0,0,0,0,0,0,0,0,0,0,0,0,0,0
Fuel Tires,RFNT39560R20,GRIPPER MT 395/60R20 125Q 37.7,RFNT39560R20,https://assets.wheelpros.com/transform/91b5b96b-c41a-4776-8401-e4a4f248ff1f/FUEL-GRIPPER-MT_Standard-png?size=500,N2,0,690.00,0.00,04/26/2026 4:06:30 PM,10,0,0,0,0,0,0,0,0,0,0,0,0,0,0
BKT,000000000094004775,8.3-24 6PR BKT TR171 TT 3968324,,https://images.wheelpros.com/m500/mBTR171.png,N2,0,443.00,0.00,04/26/2026 4:06:30 PM,20,0,0,0,0,0,0,0,0,0,0,0,0,0,0
BKT,000000000094034567,9.5-22 8PR BKT TR171 TT 3969522,,https://images.wheelpros.com/m500/mBTR171.png,N2,0,529.00,0.00,04/26/2026 4:06:30 PM,20,0,0,0,0,0,0,0,0,0,0,0,0,0,0
Milestar,M22235006,PATAG MT02 40X13.50R17LT 128Q D 39.8,22235006,,ST,0,265.00,0.00,04/26/2026 4:06:30 PM,10,0,0,0,0,0,0,0,0,0,0,0,0,0,0
EFX,MCR-40-10-18,MOTOCRUSHER 40X10.00R18 81M 40,MCR-40-10-18,https://assets.wheelpros.com/transform/d00bc089-ae19-49e2-a6a5-ae373b8da3a1/EFX-MOTOCRUSHER-MCR-32x10x15-A1-png?size=500,NW,44,509.00,509.00,04/26/2026 4:06:30 PM,20,16,0,16,0,12,0,0,0,0,0,0,0,0,0
EFX,MK-40-95-24,MOTOHAVOK 40X9.5-24 J 40,MK-40-95-24,https://assets.wheelpros.com/transform/5937204d-8e44-4e24-b615-0dc7fe5c42e3/EFX-MOTOHAVOK-MK-30-85-16-A1-png?size=500,ST,11,495.00,0.00,04/26/2026 4:06:30 PM,20,0,0,3,0,0,0,0,0,0,0,0,0,4,4
EFX,MR-40-10-18XL,MOTORAVAGE XL 40X10R18 40,MR-40-10-18XL,https://assets.wheelpros.com/transform/e8f991df-77b1-4033-9f80-52351d2cac3c/EFX-MOTORAVAGE-XL-MR-32-10-15XL-A1-png?size=500,ST,40,494.00,494.00,04/26/2026 4:06:30 PM,20,0,0,16,0,16,0,0,0,0,0,0,0,8,0
EFX,MS-40-10-24,MOTOSLAYER 40X10.5-24 93J 40,MS-40-10-24,https://assets.wheelpros.com/transform/d8f0c0a5-a940-4501-9a26-b023809b2a03/EFX-MOTOSLAYER-MS-30-95-18-A1-png?size=500,ST,18,443.00,443.00,04/26/2026 4:06:30 PM,20,0,0,16,0,0,0,0,0,0,0,0,0,0,2
Mickey Thompson Tire,MTT261884,BAJ BOSS XS 40X13.50R17LT 115Q 40,261884,,ST,8,865.00,919.29,04/26/2026 4:06:30 PM,10,0,8,0,0,0,0,0,0,0,0,0,0,0,0
Mickey Thompson Tire,MTT331118004,BAJ BOSS MT LT40X13.50-17 121Q 39.8,90000033655,https://images.wheelpros.com/m500/mMTBAJA.png,NW,0,725.00,0.00,04/26/2026 4:06:30 PM,10,0,0,0,0,0,0,0,0,0,0,0,0,0,0
Mickey Thompson Tire,MTT331152005,BAJ LGND MTZ LT40X13.50-17 121Q 39.8,90000057354,https://images.wheelpros.com/m500/mMTBAJE.png,NW,0,667.00,0.00,04/26/2026 4:06:30 PM,10,0,0,0,0,0,0,0,0,0,0,0,0,0,0
Mickey Thompson Tire,MTT331153005,BAJ LGND MTZ 40X14.50R20 128Q 39.8,90000057372,https://images.wheelpros.com/m500/mMTBAJE.png,ST,0,824.00,0.00,04/26/2026 4:06:30 PM,10,0,0,0,0,0,0,0,0,0,0,0,0,0,0
Mickey Thompson Tire,MTT331238021,BAJA BOSS X LT40X13.50-17 115F 39.8,90000038404,https://images.wheelpros.com/m500/mMTBAJC.png,NW,0,908.00,0.00,04/26/2026 4:06:30 PM,10,0,0,0,0,0,0,0,0,0,0,0,0,0,0
Mickey Thompson Tire,MTT331251018,BAJ PRO XS LT40X13.50-17 39.6,90000037617,https://images.wheelpros.com/m500/mMTBAJG.png,NW,0,1013.00,0.00,04/26/2026 4:06:30 PM,10,0,0,0,0,0,0,0,0,0,0,0,0,0,0
Mickey Thompson Tire,MTT331275013,BAJ BOSS XS 40X13.50R17LT 115Q 40,261884,,ST,0,869.00,0.00,04/26/2026 4:06:30 PM,10,0,0,0,0,0,0,0,0,0,0,0,0,0,0
Mickey Thompson Tire,MTT90000033655,BAJ BOSS MT LT40X13.50-17 121Q 39.8,90000033655,https://images.wheelpros.com/m500/mMTBAJA.png,NW,33,748.00,795.14,04/26/2026 4:06:30 PM,10,16,7,0,1,0,0,0,0,0,0,0,0,8,1
Mickey Thompson Tire,MTT90000037617,BAJ PRO XS LT40X13.50-17 39.6,90000037617,https://images.wheelpros.com/m500/mMTBAJG.png,NW,5,954.00,1014.15,04/26/2026 4:06:30 PM,10,0,0,0,1,0,0,0,0,0,0,0,0,0,4
Mickey Thompson Tire,MTT90000038404,BAJA BOSS X LT40X13.50-17 115F 39.8,90000038404,https://images.wheelpros.com/m500/mMTBAJC.png,NW,12,947.00,1006.20,04/26/2026 4:06:30 PM,10,0,4,0,0,0,0,0,0,0,0,0,0,8,0
Mickey Thompson Tire,MTT90000057354,BAJ LGND MTZ LT40X13.50-17 121Q 39.8,90000057354,https://images.wheelpros.com/m500/mMTBAJE.png,NW,0,688.00,731.52,04/26/2026 4:06:30 PM,10,0,0,0,0,0,0,0,0,0,0,0,0,0,0
Mickey Thompson Tire,MTT90000057372,BAJ LGND MTZ 40X14.50R20 128Q 39.8,90000057372,https://images.wheelpros.com/m500/mMTBAJE.png,ST,0,825.00,876.05,04/26/2026 4:06:30 PM,10,0,0,0,0,0,0,0,0,0,0,0,0,0,0
Nitto,N200-520,MUD GRAP 40x15.50R22LT 127Q D 39.7,200520,https://assets.wheelpros.com/transform/df3d2054-4ece-4cf2-a7e1-a0dee19a6269/Nitto-Mud-Grappler_Standard-png?size=500,ST,3,1301.00,0.00,04/26/2026 4:06:30 PM,10,0,0,0,0,0,0,0,0,0,0,0,0,3,0
Nitto,N200-720,MUD GRAP 40x15.50R20LT 130Q D 39.7,200720,https://assets.wheelpros.com/transform/df3d2054-4ece-4cf2-a7e1-a0dee19a6269/Nitto-Mud-Grappler_Standard-png?size=500,ST,0,1139.00,0.00,04/26/2026 4:06:30 PM,10,0,0,0,0,0,0,0,0,0,0,0,0,0,0
Nitto,N200-770,MUD GRAP 40x13.50R17LT 131Q D 39.7,200770,https://assets.wheelpros.com/transform/df3d2054-4ece-4cf2-a7e1-a0dee19a6269/Nitto-Mud-Grappler_Standard-png?size=500,ST,1,849.00,0.00,04/26/2026 4:06:30 PM,10,1,0,0,0,0,0,0,0,0,0,0,0,0,0
Nitto,N205-560,TRAIL GRAP 40x15.50R22LT 128Q E 39.7,205560,https://assets.wheelpros.com/transform/884b5afc-14aa-40c4-9f6e-937bbe0c9d2e/NITTO-TRAIL-GRAPPLER-MT_STANDARD-png?size=500,ST,0,1272.00,0.00,04/26/2026 4:06:30 PM,10,0,0,0,0,0,0,0,0,0,0,0,0,0,0
Nitto,N205-980,TRAIL GRAP 40x13.50R17LT 121P C 39.7,205980,https://assets.wheelpros.com/transform/884b5afc-14aa-40c4-9f6e-937bbe0c9d2e/NITTO-TRAIL-GRAPPLER-MT_STANDARD-png?size=500,ST,3,807.00,0.00,04/26/2026 4:06:30 PM,10,1,0,0,0,0,0,0,0,0,0,0,0,0,2
Nitto,N206-850,TRAIL GRAP 40x15.50R20LT 128Q D 39.7,206850,https://assets.wheelpros.com/transform/884b5afc-14aa-40c4-9f6e-937bbe0c9d2e/NITTO-TRAIL-GRAPPLER-MT_STANDARD-png?size=500,ST,6,1134.00,0.00,04/26/2026 4:06:30 PM,10,0,0,0,0,0,0,0,0,0,0,0,0,6,0
Nitto,N374-050,TRAIL GRAP 40x15.50R24LT 128P E 39.7,374050,https://assets.wheelpros.com/transform/884b5afc-14aa-40c4-9f6e-937bbe0c9d2e/NITTO-TRAIL-GRAPPLER-MT_STANDARD-png?size=500,ST,4,1334.00,0.00,04/26/2026 4:06:30 PM,10,0,0,0,0,0,0,0,0,0,0,0,0,4,0
Nitto,N374-100,TRAIL GRAP 40x15.50R26LT 126Q E 39.7,374100,https://assets.wheelpros.com/transform/884b5afc-14aa-40c4-9f6e-937bbe0c9d2e/NITTO-TRAIL-GRAPPLER-MT_STANDARD-png?size=500,ST,0,1388.00,0.00,04/26/2026 4:06:30 PM,10,0,0,0,0,0,0,0,0,0,0,0,0,0,0
Fuel Tires,RFNT39545R26,GRIPPER MT 395/45R26 127P 39.7,RFNT39545R26,https://assets.wheelpros.com/transform/91b5b96b-c41a-4776-8401-e4a4f248ff1f/FUEL-GRIPPER-MT_Standard-png?size=500,N2,0,1013.00,0.00,04/26/2026 4:06:30 PM,10,0,0,0,0,0,0,0,0,0,0,0,0,0,0
Fuel Tires,RFNT39550R24,GRIPPER MT 395/50R24 128P 39.7,RFNT39550R24,https://assets.wheelpros.com/transform/91b5b96b-c41a-4776-8401-e4a4f248ff1f/FUEL-GRIPPER-MT_Standard-png?size=500,N2,2,777.00,0.00,04/26/2026 4:06:30 PM,10,0,0,0,0,0,0,0,0,0,0,0,0,2,0
Fuel Tires,RFNT401350R17,GRIPPER MT 40X13.50-17 121Q 39.76,RFNT401350R17,https://assets.wheelpros.com/transform/91b5b96b-c41a-4776-8401-e4a4f248ff1f/FUEL-GRIPPER-MT_Standard-png?size=500,N2,0,777.00,0.00,04/26/2026 4:06:30 PM,10,0,0,0,0,0,0,0,0,0,0,0,0,0,0
Fuel Tires,RFNT401550R24,GRIPPER MT 40X15.50-24 128P 39.7,,https://images.wheelpros.com/m500/mFGRNT.png,N2,0,788.00,0.00,04/26/2026 4:06:30 PM,10,0,0,0,0,0,0,0,0,0,0,0,0,0,0
Fuel Tires,RFNT401550R26,GRIPPER MT 40X15.50-26 127P 39.7,,https://images.wheelpros.com/m500/mFGRNT.png,N2,0,988.00,0.00,04/26/2026 4:06:30 PM,10,0,0,0,0,0,0,0,0,0,0,0,0,0,0
Fuel Tires,RFNT401650R28,GRIPPER MT 40X16.50-28 126P 39.7,RFNT401650R28,https://assets.wheelpros.com/transform/91b5b96b-c41a-4776-8401-e4a4f248ff1f/FUEL-GRIPPER-MT_Standard-png?size=500,N2,1,1653.00,0.00,04/26/2026 4:06:30 PM,10,0,0,0,0,0,0,0,0,0,0,0,0,1,0
EFX,MK-42-85-24,MOTOHAVOK 42X8.5-24 J 42,MK-42-85-24,https://assets.wheelpros.com/transform/5937204d-8e44-4e24-b615-0dc7fe5c42e3/EFX-MOTOHAVOK-MK-30-85-16-A1-png?size=500,ST,35,454.00,0.00,04/26/2026 4:06:30 PM,20,8,0,16,0,11,0,0,0,0,0,0,0,0,0
Mickey Thompson Tire,MTT249341,BOSS MT 42X13.50R17LT 126P 41.9,249341,https://assets.wheelpros.com/transform/b2c500cc-400e-40da-8304-2bb3e566d96c/MICKEY-THOMPSON_BAJA-BOSS-MT_A1-png?size=500,ST,50,839.00,891.39,04/26/2026 4:06:30 PM,10,8,8,0,7,0,2,14,0,0,0,0,0,4,7
Mickey Thompson Tire,MTT249342,BAJ BOSS MT 42X13.50R20LT 128Q 42,249342,https://assets.wheelpros.com/transform/b2c500cc-400e-40da-8304-2bb3e566d96c/MICKEY-THOMPSON_BAJA-BOSS-MT_A1-png?size=500,ST,0,933.00,991.83,04/26/2026 4:06:30 PM,10,0,0,0,0,0,0,0,0,0,0,0,0,0,0
Mickey Thompson Tire,MTT261757,BAJA BOSS X 42X13.50R17LT 119F 41.7,261757,,NW,20,1144.00,1215.03,04/26/2026 4:06:30 PM,10,8,8,0,0,0,0,0,0,0,0,0,0,4,0
Mickey Thompson Tire,MTT261758,BAJA BOSS X 42X13.50R20LT 124F 41.7,261758,,NW,0,1201.00,1276.41,04/26/2026 4:06:30 PM,10,0,0,0,0,0,0,0,0,0,0,0,0,0,0
Mickey Thompson Tire,MTT331195004,BOSS MT 42X13.50R17LT 126P 41.9,249341,https://assets.wheelpros.com/transform/b2c500cc-400e-40da-8304-2bb3e566d96c/MICKEY-THOMPSON_BAJA-BOSS-MT_A1-png?size=500,ST,0,834.00,0.00,04/26/2026 4:06:30 PM,10,0,0,0,0,0,0,0,0,0,0,0,0,0,0
Mickey Thompson Tire,MTT331197004,BAJ BOSS MT 42X13.50R20LT 128Q 42,249342,https://assets.wheelpros.com/transform/b2c500cc-400e-40da-8304-2bb3e566d96c/MICKEY-THOMPSON_BAJA-BOSS-MT_A1-png?size=500,ST,0,931.00,0.00,04/26/2026 4:06:30 PM,10,0,0,0,0,0,0,0,0,0,0,0,0,0,0
Mickey Thompson Tire,MTT331254018,BAJ PRO XS LT15/43-17 42.3,90000036760,https://images.wheelpros.com/m500/mMTBAJG.png,NW,0,1096.00,0.00,04/26/2026 4:06:30 PM,10,0,0,0,0,0,0,0,0,0,0,0,0,0,0
Mickey Thompson Tire,MTT331274019,BAJ PRO X LT43X14.50-17 42,90000031326,https://images.wheelpros.com/m500/mMTBAJF.png,NW,0,1559.00,0.00,04/26/2026 4:06:30 PM,10,0,0,0,0,0,0,0,0,0,0,0,0,0,0
Mickey Thompson Tire,MTT331312021,BAJA BOSS X 42X13.50R17LT 119F 41.7,261757,,NW,0,1147.00,0.00,04/26/2026 4:06:30 PM,10,0,0,0,0,0,0,0,0,0,0,0,0,0,0
Mickey Thompson Tire,MTT331313021,BAJA BOSS X 42X13.50R20LT 124F 41.7,261758,,NW,0,1206.00,0.00,04/26/2026 4:06:30 PM,10,0,0,0,0,0,0,0,0,0,0,0,0,0,0
Mickey Thompson Tire,MTT90000031326,BAJ PRO X LT43X14.50-17 42,90000031326,https://images.wheelpros.com/m500/mMTBAJF.png,NW,8,1297.00,1378.25,04/26/2026 4:06:30 PM,10,1,0,0,1,0,0,0,0,0,0,0,0,2,4
Mickey Thompson Tire,MTT90000036760,BAJ PRO XS LT15/43-17 42.3,90000036760,https://images.wheelpros.com/m500/mMTBAJG.png,NW,4,1032.00,1096.46,04/26/2026 4:06:30 PM,10,0,4,0,0,0,0,0,0,0,0,0,0,0,0
Nitto,N374-130,TRAIL GRAP 42x15.50R26LT 126Q D 41.7,374130,https://assets.wheelpros.com/transform/884b5afc-14aa-40c4-9f6e-937bbe0c9d2e/NITTO-TRAIL-GRAPPLER-MT_STANDARD-png?size=500,ST,10,1457.00,0.00,04/26/2026 4:06:30 PM,10,0,4,0,0,0,2,0,4,0,0,0,0,0,0
Nitto,N374-160,TRAIL GRAP 42x13.50R20LT 124Q C 41.7,374160,https://assets.wheelpros.com/transform/884b5afc-14aa-40c4-9f6e-937bbe0c9d2e/NITTO-TRAIL-GRAPPLER-MT_STANDARD-png?size=500,ST,2,920.00,0.00,04/26/2026 4:06:30 PM,10,0,0,1,0,0,1,0,0,0,0,0,0,0,0
Nitto,N374-170,TRAIL GRAP 42x15.50R24LT 122Q C 41.7,374170,https://assets.wheelpros.com/transform/884b5afc-14aa-40c4-9f6e-937bbe0c9d2e/NITTO-TRAIL-GRAPPLER-MT_STANDARD-png?size=500,ST,4,1324.00,0.00,04/26/2026 4:06:30 PM,10,0,0,0,0,0,0,0,0,0,0,0,0,4,0
Nitto,N374-220,TRAIL GRAP 42x15.50R22LT 124Q C 41.7,374220,https://assets.wheelpros.com/transform/884b5afc-14aa-40c4-9f6e-937bbe0c9d2e/NITTO-TRAIL-GRAPPLER-MT_STANDARD-png?size=500,ST,4,1270.00,0.00,04/26/2026 4:06:30 PM,10,0,0,0,0,0,0,0,0,0,0,0,0,4,0
Nitto,N374-240,TRAIL GRAP MT 42x13.50R17LT 126P 41.77,374240,https://assets.wheelpros.com/transform/884b5afc-14aa-40c4-9f6e-937bbe0c9d2e/NITTO-TRAIL-GRAPPLER-MT_STANDARD-png?size=500,NW,0,1034.00,0.00,04/26/2026 4:06:30 PM,10,0,0,0,0,0,0,0,0,0,0,0,0,0,0
Mickey Thompson Tire,MTT250098,PRO XS 15/43-20LT C 42.7,250098,https://images.wheelpros.com/m500/mTIRE.png,ST,0,1039.00,1103.43,04/26/2026 4:06:30 PM,10,0,0,0,0,0,0,0,0,0,0,0,0,0,0
Mickey Thompson Tire,MTT331255018,PRO XS 15/43-20LT C 42.7,250098,https://images.wheelpros.com/m500/mTIRE.png,ST,0,1209.00,0.00,04/26/2026 4:06:30 PM,10,0,0,0,0,0,0,0,0,0,0,0,0,0,0
Mickey Thompson Tire,MTT90000036759,15/43-20LT BAJA PRO XS 154320,90000036759,,N2,0,1047.00,0.00,04/26/2026 4:06:30 PM,10,0,0,0,0,0,0,0,0,0,0,0,0,0,0
BKT,000000000094004362,11.2-24 6PR BKT TR171 TT 112246,,https://images.wheelpros.com/m500/mBTR171.png,N2,0,679.00,0.00,04/26/2026 4:06:30 PM,20,0,0,0,0,0,0,0,0,0,0,0,0,0,0
Mickey Thompson Tire,MTT249343,BAJ BOSS MT 44X13.50R20LT 128Q 44,249343,https://assets.wheelpros.com/transform/b2c500cc-400e-40da-8304-2bb3e566d96c/MICKEY-THOMPSON_BAJA-BOSS-MT_A1-png?size=500,ST,0,990.00,1051.82,04/26/2026 4:06:30 PM,10,0,0,0,0,0,0,0,0,0,0,0,0,0,0
Mickey Thompson Tire,MTT331199004,BAJ BOSS MT 44X13.50R20LT 128Q 44,249343,https://assets.wheelpros.com/transform/b2c500cc-400e-40da-8304-2bb3e566d96c/MICKEY-THOMPSON_BAJA-BOSS-MT_A1-png?size=500,ST,0,987.00,0.00,04/26/2026 4:06:30 PM,10,0,0,0,0,0,0,0,0,0,0,0,0,0,0
Fuel Tires,RFXT441650R30,GRIPPER XT 44X16.50-30 126P 43.6,RFXT441650R30,https://assets.wheelpros.com/transform/142fe2ef-1295-47c6-a7ad-009f44e2ef3b/FUEL-GRIPPER-XT_Standard-png?size=500,N2,0,2750.00,0.00,04/26/2026 4:06:30 PM,10,0,0,0,0,0,0,0,0,0,0,0,0,0,0
EFX,MK-45-95-24,MOTOHAVOK 45X10-24 J 45,MK-45-95-24,https://assets.wheelpros.com/transform/5937204d-8e44-4e24-b615-0dc7fe5c42e3/EFX-MOTOHAVOK-MK-30-85-16-A1-png?size=500,ST,8,599.00,0.00,04/26/2026 4:06:30 PM,20,4,0,0,0,4,0,0,0,0,0,0,0,0,0
EFX,MS-45-10-24,MOTOSLAYER 45X10.5-24 102J 45,MS-45-10-24,https://assets.wheelpros.com/transform/d8f0c0a5-a940-4501-9a26-b023809b2a03/EFX-MOTOSLAYER-MS-30-95-18-A1-png?size=500,ST,6,602.00,602.00,04/26/2026 4:06:30 PM,20,0,0,6,0,0,0,0,0,0,0,0,0,0,0
Mickey Thompson Tire,MTT250099,BAJA PRO XS 19.5/46-16LT 46.4,250099,,NW,0,1196.00,1270.83,04/26/2026 4:06:30 PM,10,0,0,0,0,0,0,0,0,0,0,0,0,0,0
Mickey Thompson Tire,MTT250100,PRO XS 19.5/46-20LT C 46.3,250100,https://images.wheelpros.com/m500/mTIRE.png,ST,0,1259.00,1337.79,04/26/2026 4:06:30 PM,10,0,0,0,0,0,0,0,0,0,0,0,0,0,0
Mickey Thompson Tire,MTT331256018,BAJA PRO XS 19.5/46-16LT 46.4,250099,,NW,0,1275.00,0.00,04/26/2026 4:06:30 PM,10,0,0,0,0,0,0,0,0,0,0,0,0,0,0
Mickey Thompson Tire,MTT331257018,PRO XS 19.5/46-20LT C 46.3,250100,https://images.wheelpros.com/m500/mTIRE.png,ST,0,1467.00,0.00,04/26/2026 4:06:30 PM,10,0,0,0,0,0,0,0,0,0,0,0,0,0,0
Mickey Thompson Tire,MTT250101,BAJA PRO XS 17/49-20LT 47.5,250101,,NW,0,1579.00,1678.17,04/26/2026 4:06:30 PM,10,0,0,0,0,0,0,0,0,0,0,0,0,0,0
Mickey Thompson Tire,MTT331258018,BAJA PRO XS 17/49-20LT 47.5,250101,,NW,0,1682.00,0.00,04/26/2026 4:06:30 PM,10,0,0,0,0,0,0,0,0,0,0,0,0,0,0
EFX,MS-50-10-24,MOTOSLAYER 50X10.5-24 110J 50,MS-50-10-24,https://assets.wheelpros.com/transform/d8f0c0a5-a940-4501-9a26-b023809b2a03/EFX-MOTOSLAYER-MS-30-95-18-A1-png?size=500,ST,32,833.00,833.00,04/26/2026 4:06:30 PM,20,0,0,12,0,16,0,0,0,0,0,0,0,0,4
Mickey Thompson Tire,MTT250102,BAJA PRO XS 19.5/54-20LT 53.7,250102,,NW,0,1745.00,1853.94,04/26/2026 4:06:30 PM,10,0,0,0,0,0,0,0,0,0,0,0,0,0,0
Mickey Thompson Tire,MTT331259018,BAJA PRO XS 19.5/54-20LT 53.7,250102,,NW,0,1857.00,0.00,04/26/2026 4:06:30 PM,10,0,0,0,0,0,0,0,0,0,0,0,0,0,0
Mickey Thompson Tire,MTT250103,PRO XS 21/58-24LT C 57.8,250103,https://images.wheelpros.com/m500/mTIRE.png,ST,0,2007.00,2132.94,04/26/2026 4:06:30 PM,10,0,0,0,0,0,0,0,0,0,0,0,0,0,0
Mickey Thompson Tire,MTT331260018,PRO XS 21/58-24LT C 57.8,250103,https://images.wheelpros.com/m500/mTIRE.png,ST,0,2335.00,0.00,04/26/2026 4:06:30 PM,10,0,0,0,0,0,0,0,0,0,0,0,0,0,0